log2FoldChange,lfcSE,pvalue,padj,Domain,Phylum,KEGG_pathway,KEGG_Pathway_Name,Level1,Level2
0.669880539,0.031751817,8.4e-99,1.08e-97,Bacteria,Firmicutes,ko00680,Methane metabolism,Metabolism,Energy metabolism
0.465514749,0.03188332,2.78e-48,1.34e-47,Bacteria,Firmicutes,ko00720,Carbon fixation pathways in prokaryotes,Metabolism,Energy metabolism
0.69337021,0.029669273,8.63e-121,1.87e-119,Bacteria,Firmicutes,ko01120,Microbial metabolism in diverse environments,Metabolism,Global and overview maps
0.536343372,0.030234182,2.07e-70,1.46e-69,Bacteria,Firmicutes,ko01200,Carbon metabolism,Metabolism,Global and overview maps
0.574698993,0.033605933,1.46e-65,9.64e-65,Bacteria,Firmicutes,ko00400,"Phenylalanine, tyrosine and tryptophan biosynthesis",Metabolism,Amino acid metabolism
0.814023562,0.030032509,8.66e-162,5.9e-160,Bacteria,Firmicutes,ko01100,Metabolic pathways Major,Metabolism,Global and overview maps
0.656701637,0.029005575,1.73e-113,3.08e-112,Bacteria,Firmicutes,ko01110,Biosynthesis of secondary metabolites,Metabolism,Global and overview maps
0.587892636,0.028986908,1.88e-91,1.99e-90,Bacteria,Firmicutes,ko01130,Biosynthesis of antibiotics,Metabolism,Global and overview maps
0.554259661,0.029164762,1.57e-80,1.36e-79,Bacteria,Firmicutes,ko01230,Biosynthesis of amino acids,Metabolism,Global and overview maps
0.086273931,0.036475684,0.018018146,0.022254277,Bacteria,Firmicutes,ko00405,Phenazine biosynthesis,Metabolism,Biosynthesis of other secondary metabolites
0.750191159,0.033892804,1.48e-108,2.39e-107,Bacteria,Firmicutes,ko00790,Folate biosynthesis,Metabolism,Metabolism of cofactors and vitamins
0.876404784,0.031350553,5.73e-172,6.43e-170,Bacteria,Firmicutes,ko02024,Quorum sensing,Cellular Processes,Cellular community - prokaryotes
0.932953973,0.036683905,1.11e-142,4.92e-141,Bacteria,Firmicutes,ko02025,Biofilm formation - Pseudomonas aeruginosa,Cellular Processes,Cellular community - prokaryotes
1.074991579,0.061779689,8.19e-68,5.62e-67,Bacteria,Firmicutes,ko00473,D-Alanine metabolism,Metabolism,Metabolism of other amino acids
1.663286077,0.05554688,5.29e-197,1.26e-194,Bacteria,Firmicutes,ko01503,Cationic antimicrobial peptide (CAMP) resistance,Human Diseases,Drug resistance: antimicrobial
1.086039882,0.046125613,1.4e-122,3.3e-121,Bacteria,Firmicutes,ko02020,Two-component system,Environmental Information Processing,Signal transduction
2.517986252,0.107980832,2.86e-120,6.05e-119,Bacteria,Firmicutes,ko05150,Staphylococcus aureus infection,Human Diseases,Infectious disease: bacterial
0.674029413,0.061423111,5.12e-28,1.71e-27,Bacteria,Actinobacteria,ko02010,ABC transporters,Environmental Information Processing,Membrane transport
1.060885289,0.037606858,4.42e-175,5.27e-173,Bacteria,Firmicutes,ko02010,ABC transporters,Environmental Information Processing,Membrane transport
0.59299167,0.027442795,1.5e-103,2.07e-102,Bacteria,Firmicutes,ko00260,"Glycine, serine and threonine metabolism",Metabolism,Amino acid metabolism
0.87748426,0.032213238,2.19e-163,1.61e-161,Bacteria,Firmicutes,ko00240,Pyrimidine metabolism,Metabolism,Nucleotide metabolism
0.437798961,0.036165875,9.9e-34,3.79e-33,Bacteria,Firmicutes,ko00250,"Alanine, aspartate and glutamate metabolism",Metabolism,Amino acid metabolism
1.125435222,0.047798274,1.4e-122,3.3e-121,Bacteria,Firmicutes,ko00860,Porphyrin and chlorophyll metabolism,Metabolism,Metabolism of cofactors and vitamins
-0.288804863,0.058028341,6.46e-07,1.06e-06,Bacteria,Actinobacteria,ko00630,Glyoxylate and dicarboxylate metabolism,Metabolism,Carbohydrate metabolism
0.179517013,0.050005213,0.000330721,0.000464422,Bacteria,Actinobacteria,ko01100,Metabolic pathways Major,Metabolism,Global and overview maps
0.079626057,0.049132525,0.105095208,0.12101533,Bacteria,Actinobacteria,ko01110,Biosynthesis of secondary metabolites,Metabolism,Global and overview maps
-0.034401871,0.052135554,0.509347309,0.539925135,Bacteria,Actinobacteria,ko01130,Biosynthesis of antibiotics,Metabolism,Global and overview maps
0.392720639,0.032471985,1.13e-33,4.33e-33,Bacteria,Firmicutes,ko00630,Glyoxylate and dicarboxylate metabolism,Metabolism,Carbohydrate metabolism
0.650463198,0.031745421,2.64e-93,2.92e-92,Bacteria,Firmicutes,ko00900,Terpenoid backbone biosynthesis,Metabolism,Metabolism of terpenoids and polyketides
1.272186119,0.061964303,1.14e-93,1.27e-92,Bacteria,Firmicutes,ko01502,Vancomycin resistance,Human Diseases,Drug resistance: antimicrobial
1.286873553,0.044540097,1.48e-183,2.36e-181,Bacteria,Firmicutes,ko00052,Galactose metabolism,Metabolism,Carbohydrate metabolism
1.37228541,0.043855386,6.16e-215,2.35e-212,Bacteria,Firmicutes,ko00500,Starch and sucrose metabolism,Metabolism,Carbohydrate metabolism
0.716554033,0.04876,6.89e-49,3.35e-48,Bacteria,Actinobacteria,ko00730,Thiamine metabolism,Metabolism,Metabolism of cofactors and vitamins
-0.164470387,0.050742393,0.001189936,0.001595786,Bacteria,Actinobacteria,ko00250,"Alanine, aspartate and glutamate metabolism",Metabolism,Amino acid metabolism
-0.266520503,0.055451313,1.54e-06,2.49e-06,Bacteria,Actinobacteria,ko00910,Nitrogen metabolism,Metabolism,Energy metabolism
-0.015166012,0.051689974,0.76921386,0.789075218,Bacteria,Actinobacteria,ko01120,Microbial metabolism in diverse environments,Metabolism,Global and overview maps
0.043390107,0.051460071,0.399127738,0.431973097,Bacteria,Actinobacteria,ko01230,Biosynthesis of amino acids,Metabolism,Global and overview maps
0.500614217,0.036785773,3.54e-42,1.56e-41,Bacteria,Firmicutes,ko00910,Nitrogen metabolism,Metabolism,Energy metabolism
0.989175853,0.036655574,2.18e-160,1.38e-158,Bacteria,Firmicutes,ko03440,Homologous recombination,Genetic Information Processing,Replication and repair
0.584736206,0.063668495,4.15e-20,1.13e-19,Bacteria,Bacteroidetes,ko00240,Pyrimidine metabolism,Metabolism,Nucleotide metabolism
0.303074939,0.052690448,8.82e-09,1.57e-08,Bacteria,Bacteroidetes,ko00250,"Alanine, aspartate and glutamate metabolism",Metabolism,Amino acid metabolism
0.553863671,0.0599974,2.67e-20,7.29e-20,Bacteria,Bacteroidetes,ko01100,Metabolic pathways Major,Metabolism,Global and overview maps
1.643025525,0.065965493,6.19e-137,2.41e-135,Bacteria,Firmicutes,ko04141,Protein processing in endoplasmic reticulum,Genetic Information Processing,"Folding, sorting and degradation"
1.067631128,0.047288717,7.32e-113,1.28e-111,Bacteria,Firmicutes,ko04151,PI3K-Akt signaling pathway,Environmental Information Processing,Signal transduction
0.935149414,0.04108125,1.06e-114,1.96e-113,Bacteria,Firmicutes,ko04217,Necroptosis,Cellular Processes,Cell growth and death
1.410808506,0.067385718,2.5e-97,3.04e-96,Bacteria,Firmicutes,ko04612,Antigen processing and presentation,Organismal Systems,Immune system
1.049572688,0.045800971,3.22e-116,6.14e-115,Bacteria,Firmicutes,ko04621,NOD-like receptor signaling pathway,Organismal Systems,Immune system
0.73606617,0.039990615,1.18e-75,9.08e-75,Bacteria,Firmicutes,ko04626,Plant-pathogen interaction,Organismal Systems,Environmental adaptation
1.40923701,0.067432242,5.52e-97,6.42e-96,Bacteria,Firmicutes,ko04657,IL-17 signaling pathway,Organismal Systems,Immune system
1.40923701,0.067432242,5.52e-97,6.42e-96,Bacteria,Firmicutes,ko04659,Th17 cell differentiation,Organismal Systems,Immune system
1.410497738,0.067380105,2.66e-97,3.19e-96,Bacteria,Firmicutes,ko04914,Progesterone-mediated oocyte maturation,Organismal Systems,Endocrine system
1.410497738,0.067380105,2.66e-97,3.19e-96,Bacteria,Firmicutes,ko04915,Estrogen signaling pathway,Organismal Systems,Endocrine system
0.914566162,0.041718601,1.59e-106,2.43e-105,Bacteria,Firmicutes,ko05200,Pathways in cancer,Human Diseases,Cancer: overview
1.40923701,0.067432242,5.52e-97,6.42e-96,Bacteria,Firmicutes,ko05215,Prostate cancer,Human Diseases,Cancer: specific types
0.689708035,0.036098762,2.24e-81,1.98e-80,Bacteria,Firmicutes,ko05418,Fluid shear stress and atherosclerosis,Human Diseases,Cardiovascular disease
1.15160818,0.040219827,2.62e-180,3.85e-178,Bacteria,Firmicutes,ko01501,beta-Lactam resistance,Human Diseases,Drug resistance: antimicrobial
0.669622617,0.05243205,2.37e-37,9.84e-37,Bacteria,Actinobacteria,ko00500,Starch and sucrose metabolism,Metabolism,Carbohydrate metabolism
1.175084286,0.060437801,3.35e-84,3.12e-83,Bacteria,Firmicutes,ko03013,RNA transport,Genetic Information Processing,Translation
0.499072346,0.034463194,1.59e-47,7.56e-47,Bacteria,Firmicutes,ko03018,RNA degradation,Genetic Information Processing,"Folding, sorting and degradation"
0.591337336,0.038588396,5.27e-53,2.74e-52,Bacteria,Firmicutes,ko03010,Ribosome,Genetic Information Processing,Translation
0.005848373,0.051465117,0.909525072,0.91965234,Bacteria,Actinobacteria,ko00260,"Glycine, serine and threonine metabolism",Metabolism,Amino acid metabolism
0.207784837,0.04046506,2.82e-07,4.72e-07,Bacteria,Actinobacteria,ko00270,Cysteine and methionine metabolism,Metabolism,Amino acid metabolism
-0.128970923,0.054221679,0.017379186,0.021506883,Bacteria,Actinobacteria,ko01200,Carbon metabolism,Metabolism,Global and overview maps
1.412177617,0.042647077,1.92e-240,1.83e-237,Bacteria,Firmicutes,ko00051,Fructose and mannose metabolism,Metabolism,Carbohydrate metabolism
1.11983139,0.036858275,9.47e-203,2.58e-200,Bacteria,Firmicutes,ko00520,Amino sugar and nucleotide sugar metabolism,Metabolism,Carbohydrate metabolism
2.923849604,0.077392101,0.0,0.0,Bacteria,Firmicutes,ko02060,Phosphotransferase system (PTS),Environmental Information Processing,Membrane transport
1.219196203,0.078427557,1.71e-54,8.97e-54,Bacteria,Firmicutes,ko02030,Bacterial chemotaxis,Cellular Processes,Cell motility
0.903030623,0.074851722,1.63e-33,6.21e-33,Bacteria,Firmicutes,ko02040,Flagellar assembly,Cellular Processes,Cell motility
0.608729881,0.03169351,3.25e-82,2.94e-81,Bacteria,Firmicutes,ko03420,Nucleotide excision repair,Genetic Information Processing,Replication and repair
1.015858469,0.035872869,2.06e-176,2.62e-174,Bacteria,Firmicutes,ko03430,Mismatch repair,Genetic Information Processing,Replication and repair
0.860351704,0.036830837,1.1e-120,2.36e-119,Bacteria,Firmicutes,ko00030,Pentose phosphate pathway,Metabolism,Carbohydrate metabolism
0.558008155,0.033954452,1.09e-60,6.39e-60,Bacteria,Firmicutes,ko00710,Carbon fixation in photosynthetic organisms,Metabolism,Energy metabolism
0.863928489,0.062627946,2.75e-43,1.23e-42,Bacteria,Actinobacteria,ko00052,Galactose metabolism,Metabolism,Carbohydrate metabolism
0.175790214,0.061260311,0.004110417,0.005339623,Bacteria,Bacteroidetes,ko00970,Aminoacyl-tRNA biosynthesis,Genetic Information Processing,Translation
-1.317182542,0.054431423,2.28e-129,6.5e-128,Bacteria,Proteobacteria,ko00970,Aminoacyl-tRNA biosynthesis,Genetic Information Processing,Translation
0.19203291,0.046004913,2.99e-05,4.45e-05,Bacteria,Actinobacteria,ko00010,Glycolysis / Gluconeogenesis,Metabolism,Carbohydrate metabolism
0.109837087,0.051443379,0.032752322,0.039505805,Bacteria,Actinobacteria,ko00680,Methane metabolism,Metabolism,Energy metabolism
-0.001336775,0.055062999,0.980631508,0.981784377,Bacteria,Actinobacteria,ko03018,RNA degradation,Genetic Information Processing,"Folding, sorting and degradation"
-0.09934738,0.051173561,0.052212077,0.061920666,Bacteria,Actinobacteria,ko04066,HIF-1 signaling pathway,Environmental Information Processing,Signal transduction
1.085029589,0.037552316,1.43e-183,2.36e-181,Bacteria,Firmicutes,ko00010,Glycolysis / Gluconeogenesis,Metabolism,Carbohydrate metabolism
0.127856597,0.050266274,0.0109721,0.013765654,Bacteria,Firmicutes,ko04066,HIF-1 signaling pathway,Environmental Information Processing,Signal transduction
0.47322667,0.028182419,2.81e-63,1.79e-62,Bacteria,Firmicutes,ko04213,Longevity regulating pathway - multiple species,Organismal Systems,Aging
0.599642768,0.039746344,1.98e-51,1.01e-50,Bacteria,Firmicutes,ko00401,Novobiocin biosynthesis,Metabolism,Biosynthesis of other secondary metabolites
1.326570232,0.045741289,6.28e-185,1.2e-182,Bacteria,Firmicutes,ko00561,Glycerolipid metabolism,Metabolism,Lipid metabolism
-0.367864155,0.062639944,4.29e-09,7.83e-09,Bacteria,Actinobacteria,ko00071,Fatty acid degradation,Metabolism,Lipid metabolism
0.115994712,0.049946687,0.020212996,0.024868506,Bacteria,Actinobacteria,ko00350,Tyrosine metabolism,Metabolism,Amino acid metabolism
0.185900773,0.046119714,5.56e-05,8.19e-05,Bacteria,Actinobacteria,ko00625,Chloroalkane and chloroalkene degradation,Metabolism,Xenobiotics biodegradation and metabolism
0.441469408,0.044875324,7.75e-23,2.25e-22,Bacteria,Actinobacteria,ko00626,Naphthalene degradation,Metabolism,Xenobiotics biodegradation and metabolism
-0.211020149,0.056977555,0.00021259,0.000301868,Bacteria,Actinobacteria,ko00640,Propanoate metabolism,Metabolism,Carbohydrate metabolism
0.231475804,0.052242573,9.39e-06,1.42e-05,Bacteria,Actinobacteria,ko01220,Degradation of aromatic compounds,Metabolism,Global and overview maps
0.851225265,0.031011647,7.23e-166,5.51e-164,Bacteria,Firmicutes,ko00230,Purine metabolism,Metabolism,Nucleotide metabolism
1.038209605,0.03771685,8.48e-167,7.03e-165,Bacteria,Firmicutes,ko03030,DNA replication,Genetic Information Processing,Replication and repair
1.297469379,0.049909347,5.42e-149,3.04e-147,Bacteria,Firmicutes,ko02026,Biofilm formation - Escherichia coli,Cellular Processes,Cellular community - prokaryotes
1.081705253,0.041794639,1.08e-147,5.55e-146,Bacteria,Firmicutes,ko05111,Biofilm formation - Vibrio cholerae,Cellular Processes,Cellular community - prokaryotes
0.233480414,0.035700651,6.15e-11,1.21e-10,Bacteria,Actinobacteria,ko00450,Selenocompound metabolism,Metabolism,Metabolism of other amino acids
0.78130677,0.031960135,5.51e-132,1.78e-130,Bacteria,Firmicutes,ko00450,Selenocompound metabolism,Metabolism,Metabolism of other amino acids
-0.270440761,0.055273882,9.94e-07,1.62e-06,Bacteria,Actinobacteria,ko01524,Platinum drug resistance,Human Diseases,Drug resistance: antineoplastic
-0.307474374,0.057135381,7.39e-08,1.27e-07,Bacteria,Actinobacteria,ko04016,MAPK signaling pathway - plant,Environmental Information Processing,Signal transduction
0.492899224,0.034092102,2.24e-47,1.06e-46,Bacteria,Firmicutes,ko00970,Aminoacyl-tRNA biosynthesis,Genetic Information Processing,Translation
0.515864774,0.030225424,2.6e-65,1.72e-64,Bacteria,Firmicutes,ko00620,Pyruvate metabolism,Metabolism,Carbohydrate metabolism
0.535206679,0.030148542,1.65e-70,1.18e-69,Bacteria,Firmicutes,ko00640,Propanoate metabolism,Metabolism,Carbohydrate metabolism
0.740553048,0.039724792,1.46e-77,1.16e-76,Bacteria,Firmicutes,ko00650,Butanoate metabolism,Metabolism,Carbohydrate metabolism
1.269777286,0.051942721,5.59e-132,1.78e-130,Bacteria,Firmicutes,ko00564,Glycerophospholipid metabolism,Metabolism,Lipid metabolism
0.895561567,0.083129572,4.61e-27,1.51e-26,Bacteria,Bacteroidetes,ko00052,Galactose metabolism,Metabolism,Carbohydrate metabolism
0.714484636,0.068490188,1.77e-25,5.65e-25,Bacteria,Bacteroidetes,ko00500,Starch and sucrose metabolism,Metabolism,Carbohydrate metabolism
0.110749781,0.08557319,0.19559248,0.219150917,Bacteria,Actinobacteria,ko00061,Fatty acid biosynthesis,Metabolism,Lipid metabolism
1.053860297,0.126117248,6.48e-17,1.59e-16,Bacteria,Actinobacteria,ko00780,Biotin metabolism,Metabolism,Metabolism of cofactors and vitamins
-0.048716623,0.085917323,0.570702313,0.602285175,Bacteria,Actinobacteria,ko01212,Fatty acid metabolism,Metabolism,Global and overview maps
0.367240681,0.072013723,3.4e-07,5.67e-07,Bacteria,Actinobacteria,ko04931,Insulin resistance,Human Diseases,Endocrine and metabolic disease
-0.356459044,0.0592234,1.76e-09,3.3e-09,Bacteria,Actinobacteria,ko00020,Citrate cycle (TCA cycle),Metabolism,Carbohydrate metabolism
-0.080912673,0.049060948,0.099100998,0.114606187,Bacteria,Actinobacteria,ko00720,Carbon fixation pathways in prokaryotes,Metabolism,Energy metabolism
-0.113444444,0.053356347,0.033489452,0.040326378,Bacteria,Actinobacteria,ko01210,2-Oxocarboxylic acid metabolism,Metabolism,Global and overview maps
0.743943524,0.033220633,4.5e-111,7.73e-110,Bacteria,Firmicutes,ko00330,Arginine and proline metabolism,Metabolism,Amino acid metabolism
0.358407201,0.036153159,3.63e-23,1.08e-22,Bacteria,Firmicutes,ko00332,Carbapenem biosynthesis,Metabolism,Biosynthesis of other secondary metabolites
0.682547076,0.031567195,1.11e-103,1.55e-102,Bacteria,Firmicutes,ko03410,Base excision repair,Genetic Information Processing,Replication and repair
0.508228198,0.03596076,2.38e-45,1.09e-44,Bacteria,Firmicutes,ko00780,Biotin metabolism,Metabolism,Metabolism of cofactors and vitamins
0.349049025,0.030838461,1.06e-29,3.67e-29,Bacteria,Firmicutes,ko00061,Fatty acid biosynthesis,Metabolism,Lipid metabolism
1.107070318,0.045719763,1.57e-129,4.55e-128,Bacteria,Firmicutes,ko00053,Ascorbate and aldarate metabolism,Metabolism,Carbohydrate metabolism
0.511346295,0.03104005,5.66e-61,3.33e-60,Bacteria,Firmicutes,ko00071,Fatty acid degradation,Metabolism,Lipid metabolism
0.148581532,0.035370348,2.66e-05,3.97e-05,Bacteria,Firmicutes,ko00280,"Valine, leucine and isoleucine degradation",Metabolism,Amino acid metabolism
0.327809031,0.031457988,2e-25,6.36e-25,Bacteria,Firmicutes,ko00310,Lysine degradation,Metabolism,Amino acid metabolism
0.501153776,0.028107246,4.13e-71,2.98e-70,Bacteria,Firmicutes,ko00340,Histidine metabolism,Metabolism,Amino acid metabolism
0.043042983,0.040594618,0.289002436,0.317836012,Bacteria,Firmicutes,ko00380,Tryptophan metabolism,Metabolism,Amino acid metabolism
0.423413144,0.025326684,9.68e-63,6.05e-62,Bacteria,Firmicutes,ko00410,beta-Alanine metabolism,Metabolism,Metabolism of other amino acids
0.984153632,0.044796751,5.66e-107,8.78e-106,Bacteria,Firmicutes,ko00625,Chloroalkane and chloroalkene degradation,Metabolism,Xenobiotics biodegradation and metabolism
0.233314063,0.035595336,5.58e-11,1.1e-10,Bacteria,Firmicutes,ko00903,Limonene and pinene degradation,Metabolism,Metabolism of terpenoids and polyketides
0.142151067,0.043689335,0.00113921,0.001532068,Bacteria,Firmicutes,ko00981,Insect hormone biosynthesis,Metabolism,Metabolism of terpenoids and polyketides
-1.643913869,0.078360912,1.03e-97,1.26e-96,Bacteria,Proteobacteria,ko02020,Two-component system,Environmental Information Processing,Signal transduction
1.464341563,0.071585411,5.33e-93,5.84e-92,Bacteria,Firmicutes,ko00511,Other glycan degradation,Metabolism,Glycan biosynthesis and metabolism
2.069524267,0.116101955,4.52e-71,3.25e-70,Bacteria,Actinobacteria,ko05120,Epithelial cell signaling in Helicobacter pylori infection,Human Diseases,Infectious disease: bacterial
0.53179615,0.051982629,1.45e-24,4.52e-24,Bacteria,Bacteroidetes,ko00190,Oxidative phosphorylation,Metabolism,Energy metabolism
0.586468058,0.079430479,1.54e-13,3.34e-13,Bacteria,Bacteroidetes,ko02020,Two-component system,Environmental Information Processing,Signal transduction
0.193420515,0.06237023,0.001927594,0.002547416,Bacteria,Actinobacteria,ko04112,Cell cycle - Caulobacter,Cellular Processes,Cell growth and death
-0.230174505,0.061415498,0.000178375,0.000253852,Bacteria,Actinobacteria,ko04212,Longevity regulating pathway - worm,Organismal Systems,Aging
0.129660321,0.034487846,0.000170189,0.000242745,Bacteria,Firmicutes,ko00290,"Valine, leucine and isoleucine biosynthesis",Metabolism,Amino acid metabolism
0.227292896,0.038704269,4.29e-09,7.83e-09,Bacteria,Firmicutes,ko00660,C5-Branched dibasic acid metabolism,Metabolism,Carbohydrate metabolism
1.080516458,0.04012056,9.34e-160,5.74e-158,Bacteria,Firmicutes,ko00760,Nicotinate and nicotinamide metabolism,Metabolism,Metabolism of cofactors and vitamins
0.198383791,0.059198401,0.000804714,0.001091458,Bacteria,Firmicutes,ko00966,Glucosinolate biosynthesis,Metabolism,Biosynthesis of other secondary metabolites
0.309885221,0.033333001,1.45e-20,4.01e-20,Bacteria,Firmicutes,ko01210,2-Oxocarboxylic acid metabolism,Metabolism,Global and overview maps
0.542453266,0.049070849,2.09e-28,7.03e-28,Bacteria,Bacteroidetes,ko00010,Glycolysis / Gluconeogenesis,Metabolism,Carbohydrate metabolism
0.571399107,0.066583414,9.35e-18,2.38e-17,Bacteria,Bacteroidetes,ko00520,Amino sugar and nucleotide sugar metabolism,Metabolism,Carbohydrate metabolism
0.35011861,0.067712167,2.33e-07,3.92e-07,Bacteria,Bacteroidetes,ko00521,Streptomycin biosynthesis,Metabolism,Biosynthesis of other secondary metabolites
0.545940169,0.083846279,7.46e-11,1.46e-10,Bacteria,Bacteroidetes,ko00524,"Neomycin, kanamycin and gentamicin biosynthesis",Metabolism,Biosynthesis of other secondary metabolites
0.434628592,0.055272679,3.74e-15,8.61e-15,Bacteria,Bacteroidetes,ko01110,Biosynthesis of secondary metabolites,Metabolism,Global and overview maps
0.478643197,0.052657608,9.93e-20,2.67e-19,Bacteria,Bacteroidetes,ko01120,Microbial metabolism in diverse environments,Metabolism,Global and overview maps
0.358630706,0.053021857,1.34e-11,2.71e-11,Bacteria,Bacteroidetes,ko01130,Biosynthesis of antibiotics,Metabolism,Global and overview maps
0.412684088,0.048447393,1.62e-17,4.09e-17,Bacteria,Bacteroidetes,ko01200,Carbon metabolism,Metabolism,Global and overview maps
-0.988797789,0.062296456,9.83e-57,5.37e-56,Bacteria,Proteobacteria,ko02010,ABC transporters,Environmental Information Processing,Membrane transport
0.534864806,0.045445083,5.61e-32,2.07e-31,Bacteria,Firmicutes,ko03020,RNA polymerase,Genetic Information Processing,Transcription
0.259610868,0.050681957,3.02e-07,5.04e-07,Bacteria,Actinobacteria,ko02026,Biofilm formation - Escherichia coli,Cellular Processes,Cellular community - prokaryotes
0.038005153,0.042103826,0.366709986,0.398848695,Bacteria,Actinobacteria,ko04217,Necroptosis,Cellular Processes,Cell growth and death
-0.068664899,0.042887981,0.109370503,0.125568663,Bacteria,Actinobacteria,ko04910,Insulin signaling pathway,Organismal Systems,Endocrine system
-0.011931627,0.0427721,0.780276919,0.79870536,Bacteria,Actinobacteria,ko04922,Glucagon signaling pathway,Organismal Systems,Endocrine system
1.016308046,0.062520251,2.04e-59,1.16e-58,Bacteria,Firmicutes,ko00440,Phosphonate and phosphinate metabolism,Metabolism,Metabolism of other amino acids
3.384741148,0.108879665,3.61e-212,1.15e-209,Bacteria,Firmicutes,ko05100,Bacterial invasion of epithelial cells,Human Diseases,Infectious disease: bacterial
-0.138502137,0.06098311,0.023137556,0.028266059,Bacteria,Actinobacteria,ko00190,Oxidative phosphorylation,Metabolism,Energy metabolism
0.354639165,0.07670061,3.77e-06,5.91e-06,Bacteria,Actinobacteria,ko00195,Photosynthesis,Metabolism,Energy metabolism
1.406812389,0.061340465,2.1e-116,4.05e-115,Bacteria,Firmicutes,ko00550,Peptidoglycan biosynthesis,Metabolism,Glycan biosynthesis and metabolism
0.497514273,0.02725905,2.02e-74,1.53e-73,Bacteria,Firmicutes,ko04122,Sulfur relay system,Genetic Information Processing,"Folding, sorting and degradation"
0.601859758,0.03012697,8.65e-89,8.69e-88,Bacteria,Firmicutes,ko00983,Drug metabolism - other enzymes,Metabolism,Xenobiotics biodegradation and metabolism
0.279891375,0.036305213,1.26e-14,2.84e-14,Bacteria,Spirochaetes,ko00620,Pyruvate metabolism,Metabolism,Carbohydrate metabolism
0.222544421,0.04983654,7.99e-06,1.22e-05,Bacteria,Spirochaetes,ko01100,Metabolic pathways Major,Metabolism,Global and overview maps
1.359118894,0.120279063,1.32e-29,4.53e-29,Bacteria,Actinobacteria,ko04973,Carbohydrate digestion and absorption,Organismal Systems,Digestive system
0.91418223,0.032196775,2.43e-177,3.3e-175,Bacteria,Firmicutes,ko00730,Thiamine metabolism,Metabolism,Metabolism of cofactors and vitamins
0.180367841,0.058662215,0.002107249,0.002780985,Bacteria,Actinobacteria,ko02024,Quorum sensing,Cellular Processes,Cellular community - prokaryotes
0.037118936,0.058635148,0.526701482,0.557391635,Bacteria,Actinobacteria,ko03060,Protein export,Genetic Information Processing,"Folding, sorting and degradation"
0.05679748,0.057268953,0.321311014,0.351947216,Bacteria,Actinobacteria,ko03070,Bacterial secretion system,Environmental Information Processing,Membrane transport
-0.084230383,0.051996789,0.10525052,0.121057142,Bacteria,Actinobacteria,ko00970,Aminoacyl-tRNA biosynthesis,Genetic Information Processing,Translation
0.631381005,0.031765861,6.56e-88,6.41e-87,Bacteria,Firmicutes,ko00261,Monobactam biosynthesis,Metabolism,Biosynthesis of other secondary metabolites
0.725608015,0.02965788,3.41e-132,1.12e-130,Bacteria,Firmicutes,ko00920,Sulfur metabolism,Metabolism,Energy metabolism
0.729247983,0.036891964,5.71e-87,5.5e-86,Bacteria,Firmicutes,ko04922,Glucagon signaling pathway,Organismal Systems,Endocrine system
0.432814714,0.035320585,1.6e-34,6.21e-34,Bacteria,Firmicutes,ko04930,Type II diabetes mellitus,Human Diseases,Endocrine and metabolic disease
0.410634245,0.035727169,1.42e-30,5.01e-30,Bacteria,Firmicutes,ko05165,Human papillomavirus infection,Human Diseases,Infectious disease: viral
0.405331417,0.035694484,6.96e-30,2.41e-29,Bacteria,Firmicutes,ko05203,Viral carcinogenesis,Human Diseases,Cancer: overview
0.495760649,0.036403737,3.11e-42,1.38e-41,Bacteria,Firmicutes,ko05230,Central carbon metabolism in cancer,Human Diseases,Cancer: overview
0.501590614,0.07765559,1.05e-10,2.06e-10,Bacteria,Bacteroidetes,ko03013,RNA transport,Genetic Information Processing,Translation
0.232759253,0.03338363,3.12e-12,6.47e-12,Bacteria,Firmicutes,ko01051,Biosynthesis of ansamycins,Metabolism,Metabolism of terpenoids and polyketides
-1.277085397,0.056225888,3.3e-114,5.99e-113,Bacteria,Proteobacteria,ko00730,Thiamine metabolism,Metabolism,Metabolism of cofactors and vitamins
-1.410137191,0.058386433,7.15e-129,2e-127,Bacteria,Proteobacteria,ko01100,Metabolic pathways Major,Metabolism,Global and overview maps
0.434721735,0.030039143,1.83e-47,8.66e-47,Bacteria,Firmicutes,ko00770,Pantothenate and CoA biosynthesis,Metabolism,Metabolism of cofactors and vitamins
0.67737854,0.062637487,2.95e-27,9.7e-27,Bacteria,Bacteroidetes,ko00770,Pantothenate and CoA biosynthesis,Metabolism,Metabolism of cofactors and vitamins
1.058461024,0.069346354,1.34e-52,6.97e-52,Bacteria,Bacteroidetes,ko02010,ABC transporters,Environmental Information Processing,Membrane transport
0.275251872,0.058232514,2.28e-06,3.64e-06,Bacteria,Bacteroidetes,ko03410,Base excision repair,Genetic Information Processing,Replication and repair
0.1417743,0.079358244,0.074016711,0.086435927,Bacteria,Actinobacteria,ko00790,Folate biosynthesis,Metabolism,Metabolism of cofactors and vitamins
0.163095887,0.051957512,0.001695114,0.002247972,Bacteria,Actinobacteria,ko00230,Purine metabolism,Metabolism,Nucleotide metabolism
0.101053778,0.051537849,0.049906065,0.059333458,Bacteria,Actinobacteria,ko00240,Pyrimidine metabolism,Metabolism,Nucleotide metabolism
0.018537043,0.058534383,0.751481567,0.77296405,Bacteria,Actinobacteria,ko03020,RNA polymerase,Genetic Information Processing,Transcription
0.026858013,0.057256182,0.639008919,0.669923039,Bacteria,Actinobacteria,ko00030,Pentose phosphate pathway,Metabolism,Carbohydrate metabolism
0.421354442,0.051560629,3.03e-16,7.28e-16,Bacteria,Actinobacteria,ko00520,Amino sugar and nucleotide sugar metabolism,Metabolism,Carbohydrate metabolism
-1.122579524,0.051167558,1.1e-106,1.69e-105,Bacteria,Proteobacteria,ko00030,Pentose phosphate pathway,Metabolism,Carbohydrate metabolism
-0.999593733,0.044902262,8.72e-110,1.43e-108,Bacteria,Proteobacteria,ko00520,Amino sugar and nucleotide sugar metabolism,Metabolism,Carbohydrate metabolism
-1.486109587,0.060316513,4.89e-134,1.69e-132,Bacteria,Proteobacteria,ko01110,Biosynthesis of secondary metabolites,Metabolism,Global and overview maps
-1.447320267,0.060512345,2e-126,5.23e-125,Bacteria,Proteobacteria,ko01120,Microbial metabolism in diverse environments,Metabolism,Global and overview maps
-1.46771555,0.059092497,3.52e-136,1.29e-134,Bacteria,Proteobacteria,ko01130,Biosynthesis of antibiotics,Metabolism,Global and overview maps
-1.519282977,0.062048519,2.11e-132,7.07e-131,Bacteria,Proteobacteria,ko01200,Carbon metabolism,Metabolism,Global and overview maps
0.67421373,0.047914383,5.71e-45,2.59e-44,Bacteria,Actinobacteria,ko00051,Fructose and mannose metabolism,Metabolism,Carbohydrate metabolism
0.094307467,0.045303949,0.037373439,0.044852831,Bacteria,Actinobacteria,ko00710,Carbon fixation in photosynthetic organisms,Metabolism,Energy metabolism
2.029854835,0.092156157,1.61e-107,2.54e-106,Bacteria,Actinobacteria,ko02060,Phosphotransferase system (PTS),Environmental Information Processing,Membrane transport
0.843834891,0.036977195,2.88e-115,5.38e-114,Bacteria,Firmicutes,ko00521,Streptomycin biosynthesis,Metabolism,Biosynthesis of other secondary metabolites
0.875267651,0.032943464,1.56e-155,9.29e-154,Bacteria,Firmicutes,ko00270,Cysteine and methionine metabolism,Metabolism,Amino acid metabolism
0.737635902,0.036333398,1.24e-91,1.32e-90,Bacteria,Firmicutes,ko03060,Protein export,Genetic Information Processing,"Folding, sorting and degradation"
0.932298873,0.036280941,1.27e-145,6.39e-144,Bacteria,Firmicutes,ko03070,Bacterial secretion system,Environmental Information Processing,Membrane transport
0.805096813,0.096943315,1e-16,2.45e-16,Bacteria,Bacteroidetes,ko00511,Other glycan degradation,Metabolism,Glycan biosynthesis and metabolism
1.200090588,0.117941869,2.56e-24,7.92e-24,Bacteria,Firmicutes,ko03022,Basal transcription factors,Genetic Information Processing,Transcription
-0.498773044,0.071152243,2.38e-12,4.95e-12,Bacteria,Actinobacteria,ko00280,"Valine, leucine and isoleucine degradation",Metabolism,Amino acid metabolism
-0.116727838,0.054845854,0.033313113,0.040156831,Bacteria,Actinobacteria,ko00290,"Valine, leucine and isoleucine biosynthesis",Metabolism,Amino acid metabolism
0.066070827,0.050749926,0.192953949,0.216321682,Bacteria,Actinobacteria,ko00770,Pantothenate and CoA biosynthesis,Metabolism,Metabolism of cofactors and vitamins
0.895878867,0.041322783,3.17e-104,4.54e-103,Bacteria,Firmicutes,ko00300,Lysine biosynthesis,Metabolism,Amino acid metabolism
0.513344335,0.063579628,6.8e-16,1.62e-15,Bacteria,Bacteroidetes,ko00460,Cyanoamino acid metabolism,Metabolism,Metabolism of other amino acids
0.396939762,0.058700115,1.36e-11,2.74e-11,Bacteria,Bacteroidetes,ko01230,Biosynthesis of amino acids,Metabolism,Global and overview maps
0.479510459,0.033066493,1.19e-47,5.66e-47,Bacteria,Firmicutes,ko00020,Citrate cycle (TCA cycle),Metabolism,Carbohydrate metabolism
0.386644177,0.071832423,7.34e-08,1.27e-07,Bacteria,Actinobacteria,ko00473,D-Alanine metabolism,Metabolism,Metabolism of other amino acids
0.530822232,0.086920429,1.02e-09,1.93e-09,Bacteria,Actinobacteria,ko00550,Peptidoglycan biosynthesis,Metabolism,Glycan biosynthesis and metabolism
0.333670721,0.080600133,3.48e-05,5.16e-05,Bacteria,Actinobacteria,ko01502,Vancomycin resistance,Human Diseases,Drug resistance: antimicrobial
0.593273693,0.029514372,7.21e-90,7.47e-89,Bacteria,Firmicutes,ko00670,One carbon pool by folate,Metabolism,Metabolism of cofactors and vitamins
0.543350727,0.034311685,1.76e-56,9.53e-56,Bacteria,Firmicutes,ko01523,Antifolate resistance,Human Diseases,Drug resistance: antineoplastic
0.115485084,0.058779001,0.049445069,0.05882205,Bacteria,Actinobacteria,ko00053,Ascorbate and aldarate metabolism,Metabolism,Carbohydrate metabolism
-0.985806769,0.106922607,2.98e-20,8.12e-20,Bacteria,Actinobacteria,ko00310,Lysine degradation,Metabolism,Amino acid metabolism
0.112039142,0.048877501,0.021891586,0.026864385,Bacteria,Actinobacteria,ko00330,Arginine and proline metabolism,Metabolism,Amino acid metabolism
-0.14623711,0.080071214,0.067799348,0.079418523,Bacteria,Actinobacteria,ko00340,Histidine metabolism,Metabolism,Amino acid metabolism
-0.053199982,0.058742258,0.365120631,0.397649939,Bacteria,Actinobacteria,ko00360,Phenylalanine metabolism,Metabolism,Amino acid metabolism
-0.883371739,0.104367714,2.58e-17,6.48e-17,Bacteria,Actinobacteria,ko00380,Tryptophan metabolism,Metabolism,Amino acid metabolism
-0.655325985,0.072983316,2.73e-19,7.2e-19,Bacteria,Actinobacteria,ko00410,beta-Alanine metabolism,Metabolism,Metabolism of other amino acids
0.509653731,0.076796208,3.21e-11,6.4e-11,Bacteria,Actinobacteria,ko00561,Glycerolipid metabolism,Metabolism,Lipid metabolism
-0.166346222,0.048368166,0.000583506,0.00081104,Bacteria,Actinobacteria,ko00620,Pyruvate metabolism,Metabolism,Carbohydrate metabolism
-0.905132406,0.084017069,4.61e-27,1.51e-26,Bacteria,Actinobacteria,ko00903,Limonene and pinene degradation,Metabolism,Metabolism of terpenoids and polyketides
-0.573956331,0.077146788,1.01e-13,2.2e-13,Bacteria,Actinobacteria,ko00980,Metabolism of xenobiotics by cytochrome P450,Metabolism,Xenobiotics biodegradation and metabolism
-0.646026131,0.065659673,7.65e-23,2.23e-22,Bacteria,Actinobacteria,ko00981,Insect hormone biosynthesis,Metabolism,Metabolism of terpenoids and polyketides
-0.423767669,0.078909442,7.86e-08,1.35e-07,Bacteria,Actinobacteria,ko00982,Drug metabolism - cytochrome P450,Metabolism,Xenobiotics biodegradation and metabolism
-0.776284864,0.10500187,1.43e-13,3.11e-13,Bacteria,Actinobacteria,ko05204,Chemical carcinogenesis,Human Diseases,Cancer: overview
0.711174281,0.029869736,2.68e-125,6.91e-124,Bacteria,Firmicutes,ko04112,Cell cycle - Caulobacter,Cellular Processes,Cell growth and death
0.898179517,0.042687383,2.77e-98,3.5e-97,Bacteria,Firmicutes,ko00740,Riboflavin metabolism,Metabolism,Metabolism of cofactors and vitamins
0.106111827,0.053262463,0.046344284,0.055271138,Bacteria,Actinobacteria,ko03420,Nucleotide excision repair,Genetic Information Processing,Replication and repair
0.947277147,0.051790621,9.85e-75,7.51e-74,Bacteria,Firmicutes,ko04910,Insulin signaling pathway,Organismal Systems,Endocrine system
0.778123427,0.03743997,6.14e-96,7.01e-95,Bacteria,Firmicutes,ko04931,Insulin resistance,Human Diseases,Endocrine and metabolic disease
0.292957638,0.027844481,6.9e-26,2.21e-25,Bacteria,Firmicutes,ko03320,PPAR signaling pathway,Organismal Systems,Endocrine system
0.731099034,0.044883683,1.19e-59,6.83e-59,Bacteria,Firmicutes,ko00350,Tyrosine metabolism,Metabolism,Amino acid metabolism
0.574095351,0.037860576,6.18e-52,3.17e-51,Bacteria,Firmicutes,ko00360,Phenylalanine metabolism,Metabolism,Amino acid metabolism
0.63220357,0.039521798,1.36e-57,7.45e-57,Bacteria,Firmicutes,ko00960,"Tropane, piperidine and pyridine alkaloid biosynthesis",Metabolism,Biosynthesis of other secondary metabolites
0.170062577,0.063808088,0.007693803,0.00971661,Bacteria,Actinobacteria,ko03030,DNA replication,Genetic Information Processing,Replication and repair
0.043610262,0.05372938,0.416983828,0.449258848,Bacteria,Actinobacteria,ko03410,Base excision repair,Genetic Information Processing,Replication and repair
0.294999345,0.065787069,7.32e-06,1.12e-05,Bacteria,Actinobacteria,ko03430,Mismatch repair,Genetic Information Processing,Replication and repair
0.385613368,0.064676982,2.49e-09,4.64e-09,Bacteria,Actinobacteria,ko03440,Homologous recombination,Genetic Information Processing,Replication and repair
-0.134127032,0.165084458,0.416518997,0.449011717,Bacteria,Actinobacteria,ko05142,Chagas disease (American trypanosomiasis),Human Diseases,Infectious disease: parasitic
-0.134127032,0.165084458,0.416518997,0.449011717,Bacteria,Actinobacteria,ko05143,African trypanosomiasis,Human Diseases,Infectious disease: parasitic
-0.207788967,0.063837536,0.001134062,0.001526309,Bacteria,Actinobacteria,ko00660,C5-Branched dibasic acid metabolism,Metabolism,Carbohydrate metabolism
-0.23423615,0.060132531,9.81e-05,0.000141245,Bacteria,Actinobacteria,ko04940,Type I diabetes mellitus,Human Diseases,Endocrine and metabolic disease
-0.322723284,0.05635917,1.03e-08,1.83e-08,Bacteria,Actinobacteria,ko05134,Legionellosis,Human Diseases,Infectious disease: bacterial
0.021975029,0.057467953,0.702173933,0.726952058,Bacteria,Actinobacteria,ko05152,Tuberculosis,Human Diseases,Infectious disease: bacterial
0.329351274,0.036917487,4.61e-19,1.21e-18,Bacteria,Firmicutes,ko04212,Longevity regulating pathway - worm,Organismal Systems,Aging
0.155173798,0.042857925,0.000293857,0.000414486,Bacteria,Firmicutes,ko04940,Type I diabetes mellitus,Human Diseases,Endocrine and metabolic disease
0.229108366,0.037184195,7.21e-10,1.38e-09,Bacteria,Firmicutes,ko05134,Legionellosis,Human Diseases,Infectious disease: bacterial
0.587263336,0.034943308,2.2e-63,1.41e-62,Bacteria,Firmicutes,ko05152,Tuberculosis,Human Diseases,Infectious disease: bacterial
1.908958656,0.085859206,1.63e-109,2.65e-108,Bacteria,Firmicutes,ko00600,Sphingolipid metabolism,Metabolism,Lipid metabolism
2.002732327,0.091521267,3.8e-106,5.75e-105,Bacteria,Firmicutes,ko00603,Glycosphingolipid biosynthesis - globo and isoglobo series,Metabolism,Glycan biosynthesis and metabolism
0.490955072,0.050223075,1.43e-22,4.15e-22,Bacteria,Bacteroidetes,ko00270,Cysteine and methionine metabolism,Metabolism,Amino acid metabolism
0.560758934,0.057128152,9.63e-23,2.79e-22,Bacteria,Bacteroidetes,ko00920,Sulfur metabolism,Metabolism,Energy metabolism
0.439202376,0.042227209,2.46e-25,7.79e-25,Bacteria,Firmicutes,ko00523,Polyketide sugar unit biosynthesis,Metabolism,Metabolism of terpenoids and polyketides
0.314544172,0.040743537,1.16e-14,2.62e-14,Bacteria,Firmicutes,ko00525,Acarbose and validamycin biosynthesis,Metabolism,Biosynthesis of other secondary metabolites
0.182671239,0.038623049,2.25e-06,3.6e-06,Bacteria,Firmicutes,ko01055,Biosynthesis of vancomycin group antibiotics,Metabolism,Metabolism of terpenoids and polyketides
0.58056526,0.0399421,7.25e-48,3.48e-47,Bacteria,Firmicutes,ko04152,AMPK signaling pathway,Environmental Information Processing,Signal transduction
0.345428727,0.06520937,1.18e-07,2.01e-07,Bacteria,Actinobacteria,ko00521,Streptomycin biosynthesis,Metabolism,Biosynthesis of other secondary metabolites
0.314578802,0.060535091,2.03e-07,3.43e-07,Bacteria,Bacteroidetes,ko00523,Polyketide sugar unit biosynthesis,Metabolism,Metabolism of terpenoids and polyketides
0.375799085,0.065703028,1.07e-08,1.9e-08,Bacteria,Bacteroidetes,ko00525,Acarbose and validamycin biosynthesis,Metabolism,Biosynthesis of other secondary metabolites
0.55209532,0.077990964,1.45e-12,3.04e-12,Bacteria,Bacteroidetes,ko00940,Phenylpropanoid biosynthesis,Metabolism,Biosynthesis of other secondary metabolites
0.977228273,0.035946949,9.69e-163,6.85e-161,Bacteria,Firmicutes,ko00460,Cyanoamino acid metabolism,Metabolism,Metabolism of other amino acids
1.268639153,0.060400855,6.07e-98,7.57e-97,Bacteria,Firmicutes,ko00940,Phenylpropanoid biosynthesis,Metabolism,Biosynthesis of other secondary metabolites
-0.153968738,0.056560239,0.00648473,0.008216864,Bacteria,Actinobacteria,ko00430,Taurine and hypotaurine metabolism,Metabolism,Metabolism of other amino acids
-0.160831189,0.040890908,8.38e-05,0.000121662,Bacteria,Actinobacteria,ko00650,Butanoate metabolism,Metabolism,Carbohydrate metabolism
-0.172710067,0.057202035,0.0025336,0.003329825,Bacteria,Actinobacteria,ko04727,GABAergic synapse,Organismal Systems,Nervous system
0.894747288,0.042813013,5.47e-97,6.42e-96,Bacteria,Firmicutes,ko00471,D-Glutamine and D-glutamate metabolism,Metabolism,Metabolism of other amino acids
0.49012863,0.11490066,1.99e-05,3e-05,Bacteria,Fusobacteria,ko00471,D-Glutamine and D-glutamate metabolism,Metabolism,Metabolism of other amino acids
0.291432825,0.158216187,0.065476436,0.076839116,Bacteria,Fusobacteria,ko00473,D-Alanine metabolism,Metabolism,Metabolism of other amino acids
-0.150991334,0.09198375,0.100693651,0.116236557,Bacteria,Fusobacteria,ko00550,Peptidoglycan biosynthesis,Metabolism,Glycan biosynthesis and metabolism
0.164779632,0.058948139,0.005184641,0.006657986,Bacteria,Fusobacteria,ko01100,Metabolic pathways Major,Metabolism,Global and overview maps
0.029971591,0.10455514,0.774374027,0.793941542,Bacteria,Fusobacteria,ko01502,Vancomycin resistance,Human Diseases,Drug resistance: antimicrobial
0.689379882,0.093434532,1.6e-13,3.46e-13,Bacteria,Bacteroidetes,ko04973,Carbohydrate digestion and absorption,Organismal Systems,Digestive system
0.472244351,0.029808315,1.58e-56,8.55e-56,Bacteria,Firmicutes,ko00220,Arginine biosynthesis,Metabolism,Amino acid metabolism
1.134210477,0.054137481,1.85e-97,2.27e-96,Bacteria,Actinobacteria,ko00460,Cyanoamino acid metabolism,Metabolism,Metabolism of other amino acids
1.048354775,0.072973405,8.43e-47,3.95e-46,Bacteria,Actinobacteria,ko05111,Biofilm formation - Vibrio cholerae,Cellular Processes,Cellular community - prokaryotes
-0.011470896,0.046621206,0.805647699,0.822908496,Bacteria,Actinobacteria,ko00220,Arginine biosynthesis,Metabolism,Amino acid metabolism
0.1071808,0.061938674,0.083552725,0.097096311,Bacteria,Actinobacteria,ko00400,"Phenylalanine, tyrosine and tryptophan biosynthesis",Metabolism,Amino acid metabolism
0.722508786,0.035453909,2.58e-92,2.76e-91,Bacteria,Firmicutes,ko00908,Zeatin biosynthesis,Metabolism,Metabolism of terpenoids and polyketides
0.589068871,0.08589903,7e-12,1.43e-11,Bacteria,Bacteroidetes,ko00540,Lipopolysaccharide biosynthesis,Metabolism,Glycan biosynthesis and metabolism
1.165085579,0.089542226,1.05e-38,4.44e-38,Bacteria,Bacteroidetes,ko01503,Cationic antimicrobial peptide (CAMP) resistance,Human Diseases,Drug resistance: antimicrobial
0.241782747,0.041718488,6.81e-09,1.23e-08,Bacteria,Firmicutes,ko01524,Platinum drug resistance,Human Diseases,Drug resistance: antineoplastic
0.236208226,0.04106859,8.84e-09,1.58e-08,Bacteria,Firmicutes,ko04016,MAPK signaling pathway - plant,Environmental Information Processing,Signal transduction
-0.004183942,0.053878919,0.938102869,0.946540832,Bacteria,Actinobacteria,ko03010,Ribosome,Genetic Information Processing,Translation
1.430600984,0.17953322,1.61e-15,3.79e-15,Bacteria,Bacteroidetes,ko04917,Prolactin signaling pathway,Organismal Systems,Endocrine system
0.429645825,0.063365569,1.2e-11,2.42e-11,Bacteria,Bacteroidetes,ko00230,Purine metabolism,Metabolism,Nucleotide metabolism
0.11119439,0.069263892,0.108411716,0.124542857,Bacteria,Bacteroidetes,ko03020,RNA polymerase,Genetic Information Processing,Transcription
1.86100697,0.086686935,3.09e-102,4.15e-101,Bacteria,Firmicutes,ko00531,Glycosaminoglycan degradation,Metabolism,Glycan biosynthesis and metabolism
0.864180939,0.03579165,8.47e-129,2.34e-127,Bacteria,Firmicutes,ko00190,Oxidative phosphorylation,Metabolism,Energy metabolism
1.042671434,0.037944208,3.12e-166,2.48e-164,Bacteria,Firmicutes,ko00562,Inositol phosphate metabolism,Metabolism,Carbohydrate metabolism
0.215620228,0.077504741,0.005402066,0.006909283,Bacteria,Actinobacteria,ko00740,Riboflavin metabolism,Metabolism,Metabolism of cofactors and vitamins
0.186543497,0.065980108,0.004694691,0.006061459,Bacteria,Actinobacteria,ko02020,Two-component system,Environmental Information Processing,Signal transduction
0.274379937,0.057478092,1.81e-06,2.91e-06,Bacteria,Bacteroidetes,ko03018,RNA degradation,Genetic Information Processing,"Folding, sorting and degradation"
-1.504765986,0.069105733,4.02e-105,5.9e-104,Bacteria,Proteobacteria,ko03030,DNA replication,Genetic Information Processing,Replication and repair
0.613242806,0.085535399,7.53e-13,1.6e-12,Bacteria,Actinobacteria,ko01501,beta-Lactam resistance,Human Diseases,Drug resistance: antimicrobial
0.766348492,0.043714415,8.34e-69,5.83e-68,Bacteria,Firmicutes,ko04724,Glutamatergic synapse,Organismal Systems,Nervous system
0.776297923,0.042595923,3.29e-74,2.48e-73,Bacteria,Firmicutes,ko04727,GABAergic synapse,Organismal Systems,Nervous system
0.894239818,0.067632295,6.54e-40,2.81e-39,Bacteria,Firmicutes,ko05132,Salmonella infection,Human Diseases,Infectious disease: bacterial
0.584678568,0.088799339,4.57e-11,9.05e-11,Bacteria,Bacteroidetes,ko02030,Bacterial chemotaxis,Cellular Processes,Cell motility
-0.736361358,0.083796481,1.53e-18,3.96e-18,Bacteria,Actinobacteria,ko00362,Benzoate degradation,Metabolism,Xenobiotics biodegradation and metabolism
2.328426142,0.151562461,2.91e-53,1.52e-52,Bacteria,Bacteroidetes,ko00072,Synthesis and degradation of ketone bodies,Metabolism,Lipid metabolism
0.319899385,0.045603446,2.3e-12,4.79e-12,Bacteria,Bacteroidetes,ko00280,"Valine, leucine and isoleucine degradation",Metabolism,Amino acid metabolism
0.534443167,0.063325789,3.18e-17,7.94e-17,Bacteria,Bacteroidetes,ko00650,Butanoate metabolism,Metabolism,Carbohydrate metabolism
0.634738618,0.064426495,6.71e-23,1.96e-22,Bacteria,Bacteroidetes,ko00730,Thiamine metabolism,Metabolism,Metabolism of cofactors and vitamins
0.270835303,0.060672778,8.05e-06,1.23e-05,Bacteria,Bacteroidetes,ko00900,Terpenoid backbone biosynthesis,Metabolism,Metabolism of terpenoids and polyketides
0.163123568,0.057525917,0.004573203,0.005908603,Bacteria,Actinobacteria,ko00900,Terpenoid backbone biosynthesis,Metabolism,Metabolism of terpenoids and polyketides
0.62990068,0.042815771,5.41e-49,2.65e-48,Bacteria,Firmicutes,ko00480,Glutathione metabolism,Metabolism,Metabolism of other amino acids
0.727223904,0.127075895,1.05e-08,1.86e-08,Bacteria,Tenericutes,ko03010,Ribosome,Genetic Information Processing,Translation
1.095042168,0.045602141,2.04e-127,5.47e-126,Bacteria,Firmicutes,ko00040,Pentose and glucuronate interconversions,Metabolism,Carbohydrate metabolism
0.582334148,0.085074233,7.65e-12,1.56e-11,Bacteria,Bacteroidetes,ko00130,Ubiquinone and other terpenoid-quinone biosynthesis,Metabolism,Metabolism of cofactors and vitamins
-0.049248786,0.06127688,0.421564999,0.453681971,Bacteria,Actinobacteria,ko00760,Nicotinate and nicotinamide metabolism,Metabolism,Metabolism of cofactors and vitamins
0.387916578,0.06475784,2.1e-09,3.92e-09,Bacteria,Actinobacteria,ko00401,Novobiocin biosynthesis,Metabolism,Biosynthesis of other secondary metabolites
1.196068988,0.081614667,1.25e-48,6.07e-48,Bacteria,Actinobacteria,ko00950,Isoquinoline alkaloid biosynthesis,Metabolism,Biosynthesis of other secondary metabolites
0.298247921,0.052205383,1.11e-08,1.97e-08,Bacteria,Actinobacteria,ko00960,"Tropane, piperidine and pyridine alkaloid biosynthesis",Metabolism,Biosynthesis of other secondary metabolites
1.027424066,0.0650815,3.84e-56,2.07e-55,Bacteria,Firmicutes,ko00524,"Neomycin, kanamycin and gentamicin biosynthesis",Metabolism,Biosynthesis of other secondary metabolites
-0.518484323,0.053600783,3.92e-22,1.12e-21,Bacteria,Proteobacteria,ko00040,Pentose and glucuronate interconversions,Metabolism,Carbohydrate metabolism
-0.827530883,0.054887978,2.3e-51,1.17e-50,Bacteria,Proteobacteria,ko00051,Fructose and mannose metabolism,Metabolism,Carbohydrate metabolism
0.713485247,0.092419164,1.16e-14,2.62e-14,Bacteria,Actinobacteria,ko00524,"Neomycin, kanamycin and gentamicin biosynthesis",Metabolism,Biosynthesis of other secondary metabolites
0.685622717,0.060702994,1.39e-29,4.79e-29,Bacteria,Bacteroidetes,ko00051,Fructose and mannose metabolism,Metabolism,Carbohydrate metabolism
0.691764348,0.07468103,1.99e-20,5.47e-20,Bacteria,Bacteroidetes,ko02024,Quorum sensing,Cellular Processes,Cellular community - prokaryotes
0.643259877,0.067011847,8.06e-22,2.29e-21,Bacteria,Actinobacteria,ko00750,Vitamin B6 metabolism,Metabolism,Metabolism of cofactors and vitamins
3.046490655,0.183847229,1.13e-61,6.8e-61,Bacteria,Firmicutes,ko04020,Calcium signaling pathway,Environmental Information Processing,Signal transduction
3.087018908,0.178997328,1.2e-66,8.03e-66,Bacteria,Firmicutes,ko04071,Sphingolipid signaling pathway,Environmental Information Processing,Signal transduction
2.318441065,0.155084304,1.57e-50,7.91e-50,Bacteria,Firmicutes,ko04072,Phospholipase D signaling pathway,Environmental Information Processing,Signal transduction
3.046490655,0.183847229,1.13e-61,6.8e-61,Bacteria,Firmicutes,ko04370,VEGF signaling pathway,Environmental Information Processing,Signal transduction
2.880742212,0.16149111,3.56e-71,2.58e-70,Bacteria,Firmicutes,ko04371,Apelin signaling pathway,Environmental Information Processing,Signal transduction
3.046490655,0.183847229,1.13e-61,6.8e-61,Bacteria,Firmicutes,ko04666,Fc gamma R-mediated phagocytosis,Organismal Systems,Immune system
0.401991832,0.071039528,1.53e-08,2.7e-08,Bacteria,Fusobacteria,ko00730,Thiamine metabolism,Metabolism,Metabolism of cofactors and vitamins
0.505122359,0.056396166,3.35e-19,8.8e-19,Bacteria,Bacteroidetes,ko00030,Pentose phosphate pathway,Metabolism,Carbohydrate metabolism
0.681724116,0.058097753,8.52e-32,3.13e-31,Bacteria,Firmicutes,ko00622,Xylene degradation,Metabolism,Xenobiotics biodegradation and metabolism
0.888532604,0.075523564,5.91e-32,2.18e-31,Bacteria,Firmicutes,ko00623,Toluene degradation,Metabolism,Xenobiotics biodegradation and metabolism
1.130860517,0.058187303,3.92e-84,3.63e-83,Bacteria,Firmicutes,ko01220,Degradation of aromatic compounds,Metabolism,Global and overview maps
0.055242139,0.050135959,0.270528341,0.29855182,Bacteria,Actinobacteria,ko00670,One carbon pool by folate,Metabolism,Metabolism of cofactors and vitamins
0.037124335,0.047244961,0.431994036,0.462556219,Bacteria,Actinobacteria,ko01523,Antifolate resistance,Human Diseases,Drug resistance: antineoplastic
-0.213233622,0.070020089,0.002324324,0.003061109,Bacteria,Actinobacteria,ko00860,Porphyrin and chlorophyll metabolism,Metabolism,Metabolism of cofactors and vitamins
-1.03125088,0.052803945,6.13e-85,5.76e-84,Bacteria,Proteobacteria,ko00521,Streptomycin biosynthesis,Metabolism,Biosynthesis of other secondary metabolites
-0.926822549,0.05193789,3.17e-71,2.31e-70,Bacteria,Proteobacteria,ko00523,Polyketide sugar unit biosynthesis,Metabolism,Metabolism of terpenoids and polyketides
-0.965961951,0.051646928,4.66e-78,3.75e-77,Bacteria,Proteobacteria,ko00525,Acarbose and validamycin biosynthesis,Metabolism,Biosynthesis of other secondary metabolites
0.045078193,0.059412019,0.448008933,0.478361162,Bacteria,Actinobacteria,ko00562,Inositol phosphate metabolism,Metabolism,Carbohydrate metabolism
0.096294954,0.037847035,0.010949085,0.013745822,Bacteria,Spirochaetes,ko00010,Glycolysis / Gluconeogenesis,Metabolism,Carbohydrate metabolism
0.069048466,0.054221922,0.202861279,0.226364225,Bacteria,Spirochaetes,ko00051,Fructose and mannose metabolism,Metabolism,Carbohydrate metabolism
-0.127137226,0.057236493,0.026333245,0.031965308,Bacteria,Spirochaetes,ko00562,Inositol phosphate metabolism,Metabolism,Carbohydrate metabolism
-0.105438122,0.039423723,0.007484432,0.009464729,Bacteria,Spirochaetes,ko00710,Carbon fixation in photosynthetic organisms,Metabolism,Energy metabolism
0.263871201,0.045493564,6.62e-09,1.2e-08,Bacteria,Spirochaetes,ko01110,Biosynthesis of secondary metabolites,Metabolism,Global and overview maps
0.282735637,0.043025349,4.99e-11,9.85e-11,Bacteria,Spirochaetes,ko01120,Microbial metabolism in diverse environments,Metabolism,Global and overview maps
0.303280192,0.045685348,3.17e-11,6.32e-11,Bacteria,Spirochaetes,ko01130,Biosynthesis of antibiotics,Metabolism,Global and overview maps
0.209837573,0.035728184,4.28e-09,7.82e-09,Bacteria,Spirochaetes,ko01200,Carbon metabolism,Metabolism,Global and overview maps
0.30071524,0.044242904,1.07e-11,2.16e-11,Bacteria,Spirochaetes,ko01230,Biosynthesis of amino acids,Metabolism,Global and overview maps
0.870661609,0.070207201,2.57e-35,1.01e-34,Bacteria,Bacteroidetes,ko00564,Glycerophospholipid metabolism,Metabolism,Lipid metabolism
-1.544015457,0.064891813,3.88e-125,9.87e-124,Bacteria,Proteobacteria,ko00860,Porphyrin and chlorophyll metabolism,Metabolism,Metabolism of cofactors and vitamins
0.363174529,0.064881192,2.17e-08,3.82e-08,Bacteria,Actinobacteria,ko00300,Lysine biosynthesis,Metabolism,Amino acid metabolism
0.654917676,0.070256635,1.14e-20,3.18e-20,Bacteria,Actinobacteria,ko00564,Glycerophospholipid metabolism,Metabolism,Lipid metabolism
0.725830523,0.088330445,2.08e-16,5.05e-16,Bacteria,Actinobacteria,ko04138,Autophagy - yeast,Cellular Processes,Transport and catabolism
1.39693518,0.093946442,5.2e-50,2.6e-49,Bacteria,Actinobacteria,ko00511,Other glycan degradation,Metabolism,Glycan biosynthesis and metabolism
1.377116377,0.110538197,1.26e-35,5.02e-35,Bacteria,Actinobacteria,ko00600,Sphingolipid metabolism,Metabolism,Lipid metabolism
0.215992523,0.031151222,4.1e-12,8.44e-12,Bacteria,Firmicutes,ko01212,Fatty acid metabolism,Metabolism,Global and overview maps
1.350908343,0.072599294,2.78e-77,2.18e-76,Bacteria,Actinobacteria,ko00940,Phenylpropanoid biosynthesis,Metabolism,Biosynthesis of other secondary metabolites
0.291122781,0.083370466,0.000479566,0.000669008,Bacteria,Actinobacteria,ko00471,D-Glutamine and D-glutamate metabolism,Metabolism,Metabolism of other amino acids
0.733381254,0.042385407,4.49e-67,3.04e-66,Bacteria,Firmicutes,ko00430,Taurine and hypotaurine metabolism,Metabolism,Metabolism of other amino acids
0.546800796,0.052656637,2.92e-25,9.25e-25,Bacteria,Bacteroidetes,ko00430,Taurine and hypotaurine metabolism,Metabolism,Metabolism of other amino acids
0.514247289,0.056209198,5.76e-20,1.56e-19,Bacteria,Bacteroidetes,ko00620,Pyruvate metabolism,Metabolism,Carbohydrate metabolism
0.555201542,0.050399308,3.2e-28,1.07e-27,Bacteria,Bacteroidetes,ko00640,Propanoate metabolism,Metabolism,Carbohydrate metabolism
0.595875351,0.056085611,2.3e-26,7.42e-26,Bacteria,Bacteroidetes,ko00680,Methane metabolism,Metabolism,Energy metabolism
0.417101192,0.053235677,4.69e-15,1.08e-14,Bacteria,Bacteroidetes,ko00710,Carbon fixation in photosynthetic organisms,Metabolism,Energy metabolism
0.461660463,0.056242367,2.24e-16,5.43e-16,Bacteria,Bacteroidetes,ko00720,Carbon fixation pathways in prokaryotes,Metabolism,Energy metabolism
0.107271378,0.071380438,0.132887533,0.151293448,Bacteria,Spirochaetes,ko00230,Purine metabolism,Metabolism,Nucleotide metabolism
0.539075238,0.064371512,5.55e-17,1.37e-16,Bacteria,Bacteroidetes,ko03030,DNA replication,Genetic Information Processing,Replication and repair
0.007239049,0.058141837,0.900914089,0.911912509,Bacteria,Actinobacteria,ko04213,Longevity regulating pathway - multiple species,Organismal Systems,Aging
-1.292457381,0.061495609,4.58e-98,5.74e-97,Bacteria,Proteobacteria,ko00920,Sulfur metabolism,Metabolism,Energy metabolism
0.395720357,0.033815187,1.24e-31,4.51e-31,Bacteria,Firmicutes,ko00362,Benzoate degradation,Metabolism,Xenobiotics biodegradation and metabolism
0.409557421,0.077681249,1.35e-07,2.3e-07,Bacteria,Bacteroidetes,ko03060,Protein export,Genetic Information Processing,"Folding, sorting and degradation"
0.616018696,0.075897806,4.8e-16,1.15e-15,Bacteria,Bacteroidetes,ko03070,Bacterial secretion system,Environmental Information Processing,Membrane transport
0.426040674,0.038179293,6.48e-29,2.2e-28,Bacteria,Firmicutes,ko05219,Bladder cancer,Human Diseases,Cancer: specific types
0.636914312,0.060491501,6.35e-26,2.04e-25,Bacteria,Firmicutes,ko00333,Prodigiosin biosynthesis,Metabolism,Biosynthesis of other secondary metabolites
1.019705985,0.109489028,1.24e-20,3.44e-20,Bacteria,Firmicutes,ko01040,Biosynthesis of unsaturated fatty acids,Metabolism,Lipid metabolism
0.422147148,0.094332937,7.64e-06,1.17e-05,Bacteria,Bacteroidetes,ko00550,Peptidoglycan biosynthesis,Metabolism,Glycan biosynthesis and metabolism
0.62595774,0.074635013,4.99e-17,1.24e-16,Bacteria,Bacteroidetes,ko03430,Mismatch repair,Genetic Information Processing,Replication and repair
0.440957863,0.037584453,8.69e-32,3.18e-31,Bacteria,Firmicutes,ko05010,Alzheimer disease,Human Diseases,Neurodegenerative disease
1.102318511,0.152765624,5.36e-13,1.15e-12,Bacteria,Actinobacteria,ko00603,Glycosphingolipid biosynthesis - globo and isoglobo series,Metabolism,Glycan biosynthesis and metabolism
0.996132473,0.059357171,3.3e-63,2.09e-62,Bacteria,Firmicutes,ko00930,Caprolactam degradation,Metabolism,Xenobiotics biodegradation and metabolism
-1.497200942,0.070720126,1.78e-99,2.34e-98,Bacteria,Proteobacteria,ko05111,Biofilm formation - Vibrio cholerae,Cellular Processes,Cellular community - prokaryotes
0.601521507,0.069959157,8.1e-18,2.06e-17,Bacteria,Bacteroidetes,ko05111,Biofilm formation - Vibrio cholerae,Cellular Processes,Cellular community - prokaryotes
-0.135827081,0.054232442,0.012261227,0.01530246,Bacteria,Actinobacteria,ko04724,Glutamatergic synapse,Organismal Systems,Nervous system
0.196681071,0.044207622,8.63e-06,1.31e-05,Bacteria,Firmicutes,ko04934,Cushing syndrome,Human Diseases,Endocrine and metabolic disease
0.196681071,0.044207622,8.63e-06,1.31e-05,Bacteria,Firmicutes,ko05211,Renal cell carcinoma,Human Diseases,Cancer: specific types
1.25553335,0.09404136,1.17e-40,5.06e-40,Bacteria,Firmicutes,ko04138,Autophagy - yeast,Cellular Processes,Transport and catabolism
1.152006784,0.061235957,5.96e-79,4.96e-78,Bacteria,Firmicutes,ko00626,Naphthalene degradation,Metabolism,Xenobiotics biodegradation and metabolism
0.411028199,0.067952063,1.46e-09,2.76e-09,Bacteria,Bacteroidetes,ko04112,Cell cycle - Caulobacter,Cellular Processes,Cell growth and death
0.012702122,0.17315039,0.941520521,0.949486851,Bacteria,Actinobacteria,ko04974,Protein digestion and absorption,Organismal Systems,Digestive system
0.484690081,0.048612988,2.05e-23,6.15e-23,Bacteria,Bacteroidetes,ko00020,Citrate cycle (TCA cycle),Metabolism,Carbohydrate metabolism
0.329966797,0.057388871,8.94e-09,1.59e-08,Bacteria,Bacteroidetes,ko00760,Nicotinate and nicotinamide metabolism,Metabolism,Metabolism of cofactors and vitamins
0.289683894,0.055305602,1.62e-07,2.77e-07,Bacteria,Bacteroidetes,ko03010,Ribosome,Genetic Information Processing,Translation
0.147392387,0.051319581,0.004078189,0.005301367,Bacteria,Actinobacteria,ko00523,Polyketide sugar unit biosynthesis,Metabolism,Metabolism of terpenoids and polyketides
-0.118597142,0.050693023,0.01930874,0.023776695,Bacteria,Actinobacteria,ko00525,Acarbose and validamycin biosynthesis,Metabolism,Biosynthesis of other secondary metabolites
-0.271589404,0.071291528,0.000139214,0.00019931,Bacteria,Actinobacteria,ko01055,Biosynthesis of vancomycin group antibiotics,Metabolism,Metabolism of terpenoids and polyketides
-1.526970014,0.081951691,1.75e-77,1.38e-76,Bacteria,Proteobacteria,ko00360,Phenylalanine metabolism,Metabolism,Amino acid metabolism
0.100752794,0.043471753,0.020467741,0.025165688,Bacteria,Actinobacteria,ko00261,Monobactam biosynthesis,Metabolism,Biosynthesis of other secondary metabolites
0.540245083,0.056282431,8.09e-22,2.29e-21,Bacteria,Actinobacteria,ko00040,Pentose and glucuronate interconversions,Metabolism,Carbohydrate metabolism
1.315208587,0.108083159,4.57e-34,1.76e-33,Bacteria,Bacteroidetes,ko00100,Steroid biosynthesis,Metabolism,Lipid metabolism
1.380451023,0.041941683,1.41e-237,8.93e-235,Bacteria,Firmicutes,ko05120,Epithelial cell signaling in Helicobacter pylori infection,Human Diseases,Infectious disease: bacterial
0.835062568,0.07260165,1.29e-30,4.57e-30,Bacteria,Bacteroidetes,ko00983,Drug metabolism - other enzymes,Metabolism,Xenobiotics biodegradation and metabolism
3.911850357,0.179716706,4.79e-105,6.98e-104,Bacteria,Firmicutes,ko04917,Prolactin signaling pathway,Organismal Systems,Endocrine system
0.843617749,0.066171151,3.16e-37,1.3e-36,Bacteria,Bacteroidetes,ko00071,Fatty acid degradation,Metabolism,Lipid metabolism
0.416907168,0.050996908,2.96e-16,7.11e-16,Bacteria,Bacteroidetes,ko00350,Tyrosine metabolism,Metabolism,Amino acid metabolism
0.652933658,0.039234189,3.46e-62,2.12e-61,Bacteria,Bacteroidetes,ko00625,Chloroalkane and chloroalkene degradation,Metabolism,Xenobiotics biodegradation and metabolism
0.842331481,0.051462274,3.24e-60,1.88e-59,Bacteria,Bacteroidetes,ko00626,Naphthalene degradation,Metabolism,Xenobiotics biodegradation and metabolism
0.227647472,0.041099997,3.04e-08,5.33e-08,Bacteria,Bacteroidetes,ko00630,Glyoxylate and dicarboxylate metabolism,Metabolism,Carbohydrate metabolism
1.516236258,0.068627575,3.63e-108,5.82e-107,Bacteria,Bacteroidetes,ko01220,Degradation of aromatic compounds,Metabolism,Global and overview maps
0.914319462,0.117354109,6.64e-15,1.52e-14,Bacteria,Actinobacteria,ko04142,Lysosome,Cellular Processes,Transport and catabolism
0.736800122,0.115722015,1.93e-10,3.75e-10,Bacteria,Actinobacteria,ko00440,Phosphonate and phosphinate metabolism,Metabolism,Metabolism of other amino acids
-1.39626134,0.061793375,4.78e-113,8.44e-112,Bacteria,Proteobacteria,ko02024,Quorum sensing,Cellular Processes,Cellular community - prokaryotes
-1.493046705,0.065886241,1.09e-113,1.96e-112,Bacteria,Proteobacteria,ko03060,Protein export,Genetic Information Processing,"Folding, sorting and degradation"
-1.37400576,0.081368831,5.69e-64,3.7e-63,Bacteria,Proteobacteria,ko03070,Bacterial secretion system,Environmental Information Processing,Membrane transport
1.639762631,0.140541691,1.87e-31,6.74e-31,Bacteria,Bacteroidetes,ko05100,Bacterial invasion of epithelial cells,Human Diseases,Infectious disease: bacterial
0.33530878,0.047987306,2.8e-12,5.81e-12,Bacteria,Bacteroidetes,ko00260,"Glycine, serine and threonine metabolism",Metabolism,Amino acid metabolism
0.110210542,0.046653833,0.018161738,0.022417109,Bacteria,Bacteroidetes,ko00670,One carbon pool by folate,Metabolism,Metabolism of cofactors and vitamins
0.25103665,0.044375077,1.54e-08,2.72e-08,Bacteria,Bacteroidetes,ko01523,Antifolate resistance,Human Diseases,Drug resistance: antineoplastic
1.105822846,0.039722785,1.48e-170,1.49e-168,Bacteria,Firmicutes,ko00750,Vitamin B6 metabolism,Metabolism,Metabolism of cofactors and vitamins
0.655848656,0.051758654,8.53e-37,3.48e-36,Bacteria,Bacteroidetes,ko00562,Inositol phosphate metabolism,Metabolism,Carbohydrate metabolism
-1.173321092,0.054669521,3.52e-102,4.7e-101,Bacteria,Proteobacteria,ko04213,Longevity regulating pathway - multiple species,Organismal Systems,Aging
0.545635709,0.075108725,3.74e-13,8.04e-13,Bacteria,Bacteroidetes,ko03440,Homologous recombination,Genetic Information Processing,Replication and repair
0.139110108,0.100141468,0.164791432,0.185951042,Bacteria,Actinobacteria,ko03008,Ribosome biogenesis in eukaryotes,Genetic Information Processing,Translation
0.179828226,0.076136969,0.01818134,0.022426789,Bacteria,Actinobacteria,ko05205,Proteoglycans in cancer,Human Diseases,Cancer: overview
0.482972208,0.042381202,4.38e-30,1.52e-29,Bacteria,Firmicutes,ko00540,Lipopolysaccharide biosynthesis,Metabolism,Glycan biosynthesis and metabolism
0.620529256,0.056738633,7.7e-28,2.56e-27,Bacteria,Firmicutes,ko00830,Retinol metabolism,Metabolism,Metabolism of cofactors and vitamins
0.566292385,0.059633643,2.18e-21,6.11e-21,Bacteria,Firmicutes,ko00980,Metabolism of xenobiotics by cytochrome P450,Metabolism,Xenobiotics biodegradation and metabolism
0.584806596,0.058821367,2.73e-23,8.16e-23,Bacteria,Firmicutes,ko00982,Drug metabolism - cytochrome P450,Metabolism,Xenobiotics biodegradation and metabolism
-0.228308315,0.044970918,3.84e-07,6.39e-07,Bacteria,Actinobacteria,ko04122,Sulfur relay system,Genetic Information Processing,"Folding, sorting and degradation"
-0.099657711,0.071736465,0.164765951,0.185951042,Bacteria,Actinobacteria,ko03013,RNA transport,Genetic Information Processing,Translation
0.640637464,0.062211333,7.21e-25,2.26e-24,Bacteria,Bacteroidetes,ko00740,Riboflavin metabolism,Metabolism,Metabolism of cofactors and vitamins
0.419927741,0.055138977,2.62e-14,5.82e-14,Bacteria,Bacteroidetes,ko00790,Folate biosynthesis,Metabolism,Metabolism of cofactors and vitamins
0.223753897,0.074101591,0.002531456,0.003329301,Bacteria,Fusobacteria,ko03030,DNA replication,Genetic Information Processing,Replication and repair
-0.103347794,0.065177137,0.11281989,0.129295391,Bacteria,Fusobacteria,ko04112,Cell cycle - Caulobacter,Cellular Processes,Cell growth and death
0.320176957,0.072127021,9.03e-06,1.37e-05,Bacteria,Bacteroidetes,ko00300,Lysine biosynthesis,Metabolism,Amino acid metabolism
0.184154412,0.0543348,0.000700832,0.000968468,Bacteria,Bacteroidetes,ko01210,2-Oxocarboxylic acid metabolism,Metabolism,Global and overview maps
0.957224143,0.105823707,1.49e-19,3.97e-19,Bacteria,Bacteroidetes,ko01501,beta-Lactam resistance,Human Diseases,Drug resistance: antimicrobial
-1.793439431,0.099441439,1.03e-72,7.72e-72,Bacteria,Proteobacteria,ko00531,Glycosaminoglycan degradation,Metabolism,Glycan biosynthesis and metabolism
0.996841006,0.193245956,2.49e-07,4.17e-07,Bacteria,Proteobacteria,ko00944,Flavone and flavonol biosynthesis,Metabolism,Biosynthesis of other secondary metabolites
-1.461987905,0.058142207,1.6e-139,6.64e-138,Bacteria,Proteobacteria,ko00983,Drug metabolism - other enzymes,Metabolism,Xenobiotics biodegradation and metabolism
-1.507017438,0.090529628,3.2e-62,1.97e-61,Bacteria,Proteobacteria,ko04142,Lysosome,Cellular Processes,Transport and catabolism
1.305365879,0.108006117,1.25e-33,4.77e-33,Bacteria,Firmicutes,ko00944,Flavone and flavonol biosynthesis,Metabolism,Biosynthesis of other secondary metabolites
1.667220894,0.078949732,5.49e-99,7.13e-98,Bacteria,Firmicutes,ko04142,Lysosome,Cellular Processes,Transport and catabolism
0.221920274,0.05984406,0.000208648,0.000296712,Bacteria,Bacteroidetes,ko03420,Nucleotide excision repair,Genetic Information Processing,Replication and repair
1.339024891,0.065624655,1.53e-92,1.65e-91,Bacteria,Firmicutes,ko05231,Choline metabolism in cancer,Human Diseases,Cancer: overview
0.303666267,0.050996096,2.61e-09,4.85e-09,Bacteria,Bacteroidetes,ko00440,Phosphonate and phosphinate metabolism,Metabolism,Metabolism of other amino acids
1.51382548,0.080189308,1.73e-79,1.46e-78,Bacteria,Bacteroidetes,ko05231,Choline metabolism in cancer,Human Diseases,Cancer: overview
-0.324922167,0.058707773,3.12e-08,5.46e-08,Bacteria,Actinobacteria,ko03320,PPAR signaling pathway,Organismal Systems,Endocrine system
-0.031331322,0.041182335,0.446779414,0.477315598,Bacteria,Actinobacteria,ko04626,Plant-pathogen interaction,Organismal Systems,Environmental adaptation
0.879274381,0.037554245,3.12e-121,6.83e-120,Bacteria,Firmicutes,ko00195,Photosynthesis,Metabolism,Energy metabolism
-0.48643335,0.046982954,4.04e-25,1.28e-24,Bacteria,Proteobacteria,ko00052,Galactose metabolism,Metabolism,Carbohydrate metabolism
0.55451434,0.077634473,9.16e-13,1.93e-12,Bacteria,Bacteroidetes,ko00220,Arginine biosynthesis,Metabolism,Amino acid metabolism
1.953187723,0.11007119,1.89e-70,1.34e-69,Bacteria,Firmicutes,ko05133,Pertussis,Human Diseases,Infectious disease: bacterial
1.290928654,0.088383354,2.57e-48,1.24e-47,Bacteria,Firmicutes,ko00472,D-Arginine and D-ornithine metabolism,Metabolism,Metabolism of other amino acids
0.074987968,0.062887643,0.233099812,0.258894201,Bacteria,Actinobacteria,ko00983,Drug metabolism - other enzymes,Metabolism,Xenobiotics biodegradation and metabolism
0.987543398,0.042039872,5.08e-122,1.15e-120,Bacteria,Firmicutes,ko04070,Phosphatidylinositol signaling system,Environmental Information Processing,Signal transduction
0.770005497,0.06696288,1.33e-30,4.72e-30,Bacteria,Bacteroidetes,ko00040,Pentose and glucuronate interconversions,Metabolism,Carbohydrate metabolism
0.655720389,0.03810613,2.32e-66,1.55e-65,Bacteria,Bacteroidetes,ko00053,Ascorbate and aldarate metabolism,Metabolism,Carbohydrate metabolism
0.59974092,0.073261576,2.69e-16,6.49e-16,Bacteria,Bacteroidetes,ko00480,Glutathione metabolism,Metabolism,Metabolism of other amino acids
0.812088237,0.082979216,1.28e-22,3.72e-22,Bacteria,Firmicutes,ko00510,N-Glycan biosynthesis,Metabolism,Glycan biosynthesis and metabolism
0.921962205,0.09442534,1.61e-22,4.63e-22,Bacteria,Bacteroidetes,ko00600,Sphingolipid metabolism,Metabolism,Lipid metabolism
0.53903927,0.030007344,3.76e-72,2.78e-71,Bacteria,Firmicutes,ko04146,Peroxisome,Cellular Processes,Transport and catabolism
0.671594176,0.038918212,9.99e-67,6.73e-66,Bacteria,Firmicutes,ko04216,Ferroptosis,Cellular Processes,Cell growth and death
0.630319688,0.03327696,5.18e-80,4.43e-79,Bacteria,Firmicutes,ko04714,Thermogenesis,Organismal Systems,Environmental adaptation
0.500312171,0.025053057,1e-88,1e-87,Bacteria,Firmicutes,ko04920,Adipocytokine signaling pathway,Organismal Systems,Endocrine system
-0.402879226,0.076632218,1.46e-07,2.49e-07,Bacteria,Fusobacteria,ko00480,Glutathione metabolism,Metabolism,Metabolism of other amino acids
-0.310493751,0.069975825,9.12e-06,1.38e-05,Bacteria,Actinobacteria,ko04146,Peroxisome,Cellular Processes,Transport and catabolism
-0.15155566,0.070152082,0.030742708,0.037152309,Bacteria,Actinobacteria,ko04216,Ferroptosis,Cellular Processes,Cell growth and death
-0.251806236,0.06875202,0.000249738,0.000352778,Bacteria,Actinobacteria,ko04714,Thermogenesis,Organismal Systems,Environmental adaptation
-0.289423968,0.063216491,4.69e-06,7.26e-06,Bacteria,Actinobacteria,ko04920,Adipocytokine signaling pathway,Organismal Systems,Endocrine system
0.20915863,0.080086942,0.009010787,0.011357284,Bacteria,Bacteroidetes,ko00471,D-Glutamine and D-glutamate metabolism,Metabolism,Metabolism of other amino acids
0.413830571,0.098347324,2.58e-05,3.85e-05,Bacteria,Bacteroidetes,ko01502,Vancomycin resistance,Human Diseases,Drug resistance: antimicrobial
1.129897207,0.07749291,3.73e-48,1.8e-47,Bacteria,Bacteroidetes,ko00860,Porphyrin and chlorophyll metabolism,Metabolism,Metabolism of cofactors and vitamins
-0.403238806,0.052485498,1.56e-14,3.48e-14,Bacteria,Fusobacteria,ko04212,Longevity regulating pathway - worm,Organismal Systems,Aging
-0.702881564,0.086612731,4.85e-16,1.16e-15,Bacteria,Proteobacteria,ko00511,Other glycan degradation,Metabolism,Glycan biosynthesis and metabolism
-1.536223289,0.070752771,1.56e-104,2.26e-103,Bacteria,Proteobacteria,ko00600,Sphingolipid metabolism,Metabolism,Lipid metabolism
-0.51566808,0.128833901,6.27e-05,9.18e-05,Bacteria,Actinobacteria,ko04214,Apoptosis - fly,Cellular Processes,Cell growth and death
0.064763979,0.060055763,0.28085644,0.309591463,Bacteria,Firmicutes,ko04214,Apoptosis - fly,Cellular Processes,Cell growth and death
-1.785224988,0.100454,1.17e-70,8.41e-70,Bacteria,Proteobacteria,ko04214,Apoptosis - fly,Cellular Processes,Cell growth and death
0.464973182,0.061867212,5.66e-14,1.24e-13,Bacteria,Actinobacteria,ko02025,Biofilm formation - Pseudomonas aeruginosa,Cellular Processes,Cellular community - prokaryotes
0.613330813,0.051098179,3.43e-33,1.29e-32,Bacteria,Firmicutes,ko00130,Ubiquinone and other terpenoid-quinone biosynthesis,Metabolism,Metabolism of cofactors and vitamins
0.260504787,0.064558192,5.46e-05,8.05e-05,Bacteria,Bacteroidetes,ko00290,"Valine, leucine and isoleucine biosynthesis",Metabolism,Amino acid metabolism
0.276965188,0.038844781,1e-12,2.11e-12,Bacteria,Bacteroidetes,ko04213,Longevity regulating pathway - multiple species,Organismal Systems,Aging
0.629059176,0.06054792,2.77e-25,8.77e-25,Bacteria,Bacteroidetes,ko00330,Arginine and proline metabolism,Metabolism,Amino acid metabolism
-1.387561481,0.05915921,1.18e-121,2.66e-120,Bacteria,Proteobacteria,ko00240,Pyrimidine metabolism,Metabolism,Nucleotide metabolism
0.184743302,0.063849007,0.003810465,0.004960107,Bacteria,Fusobacteria,ko00240,Pyrimidine metabolism,Metabolism,Nucleotide metabolism
-0.023513037,0.076864553,0.7596791,0.779713694,Bacteria,Fusobacteria,ko00400,"Phenylalanine, tyrosine and tryptophan biosynthesis",Metabolism,Amino acid metabolism
-0.102721081,0.077196309,0.183305002,0.205988591,Bacteria,Fusobacteria,ko00410,beta-Alanine metabolism,Metabolism,Metabolism of other amino acids
-0.059828563,0.080741066,0.458697695,0.488679612,Bacteria,Fusobacteria,ko00740,Riboflavin metabolism,Metabolism,Metabolism of cofactors and vitamins
0.080181474,0.076225636,0.292847073,0.321878598,Bacteria,Fusobacteria,ko00770,Pantothenate and CoA biosynthesis,Metabolism,Metabolism of cofactors and vitamins
0.348308038,0.067619823,2.59e-07,4.33e-07,Bacteria,Fusobacteria,ko00900,Terpenoid backbone biosynthesis,Metabolism,Metabolism of terpenoids and polyketides
0.171145031,0.052505963,0.00111595,0.001503969,Bacteria,Fusobacteria,ko01110,Biosynthesis of secondary metabolites,Metabolism,Global and overview maps
0.210625341,0.049726725,2.28e-05,3.41e-05,Bacteria,Fusobacteria,ko01130,Biosynthesis of antibiotics,Metabolism,Global and overview maps
0.283989203,0.051018956,2.6e-08,4.56e-08,Bacteria,Fusobacteria,ko01230,Biosynthesis of amino acids,Metabolism,Global and overview maps
0.026260881,0.056932499,0.644609607,0.675052455,Bacteria,Fusobacteria,ko03010,Ribosome,Genetic Information Processing,Translation
0.447852475,0.064834508,4.93e-12,1.01e-11,Bacteria,Bacteroidetes,ko00910,Nitrogen metabolism,Metabolism,Energy metabolism
0.021392901,0.061809257,0.729258842,0.751727899,Bacteria,Bacteroidetes,ko00660,C5-Branched dibasic acid metabolism,Metabolism,Carbohydrate metabolism
0.345820805,0.048254792,7.69e-13,1.63e-12,Bacteria,Bacteroidetes,ko04931,Insulin resistance,Human Diseases,Endocrine and metabolic disease
-0.114894368,0.050851265,0.023857268,0.029108004,Bacteria,Actinobacteria,ko00332,Carbapenem biosynthesis,Metabolism,Biosynthesis of other secondary metabolites
-1.551506922,0.071748968,1.07e-103,1.49e-102,Bacteria,Proteobacteria,ko00790,Folate biosynthesis,Metabolism,Metabolism of cofactors and vitamins
-1.280748974,0.068420812,3.49e-78,2.83e-77,Bacteria,Proteobacteria,ko04122,Sulfur relay system,Genetic Information Processing,"Folding, sorting and degradation"
-0.294669281,0.075266032,9.04e-05,0.000130686,Bacteria,Actinobacteria,ko00966,Glucosinolate biosynthesis,Metabolism,Biosynthesis of other secondary metabolites
1.446600279,0.088449704,4e-60,2.32e-59,Bacteria,Bacteroidetes,ko00362,Benzoate degradation,Metabolism,Xenobiotics biodegradation and metabolism
0.721694286,0.047694937,1e-51,5.13e-51,Bacteria,Spirochaetes,ko02010,ABC transporters,Environmental Information Processing,Membrane transport
-1.769086403,0.074759059,8.5e-124,2.11e-122,Bacteria,Proteobacteria,ko00020,Citrate cycle (TCA cycle),Metabolism,Carbohydrate metabolism
-1.47781846,0.056970161,2.34e-148,1.28e-146,Bacteria,Proteobacteria,ko00620,Pyruvate metabolism,Metabolism,Carbohydrate metabolism
-1.467132883,0.058945536,9.63e-137,3.67e-135,Bacteria,Proteobacteria,ko00720,Carbon fixation pathways in prokaryotes,Metabolism,Energy metabolism
0.829151734,0.126387063,5.37e-11,1.06e-10,Bacteria,Actinobacteria,ko04113,Meiosis - yeast,Cellular Processes,Cell growth and death
-0.226762574,0.049459426,4.54e-06,7.05e-06,Bacteria,Actinobacteria,ko00920,Sulfur metabolism,Metabolism,Energy metabolism
2.557207232,0.162961777,1.71e-55,9.1e-55,Bacteria,Firmicutes,ko00941,Flavonoid biosynthesis,Metabolism,Biosynthesis of other secondary metabolites
2.557207232,0.162961777,1.71e-55,9.1e-55,Bacteria,Firmicutes,ko00945,"Stilbenoid, diarylheptanoid and gingerol biosynthesis",Metabolism,Biosynthesis of other secondary metabolites
-1.633215248,0.060299444,1.48e-161,9.71e-160,Bacteria,Proteobacteria,ko00250,"Alanine, aspartate and glutamate metabolism",Metabolism,Amino acid metabolism
-1.864503034,0.107433647,1.81e-67,1.23e-66,Bacteria,Proteobacteria,ko00310,Lysine degradation,Metabolism,Amino acid metabolism
-1.164722784,0.070086397,5.13e-62,3.13e-61,Bacteria,Proteobacteria,ko00350,Tyrosine metabolism,Metabolism,Amino acid metabolism
-1.349236561,0.055537494,2.26e-130,6.73e-129,Bacteria,Proteobacteria,ko00650,Butanoate metabolism,Metabolism,Carbohydrate metabolism
-1.376001439,0.073390555,1.97e-78,1.61e-77,Bacteria,Proteobacteria,ko00760,Nicotinate and nicotinamide metabolism,Metabolism,Metabolism of cofactors and vitamins
1.770510434,0.107006114,1.71e-61,1.02e-60,Bacteria,Actinobacteria,ko04917,Prolactin signaling pathway,Organismal Systems,Endocrine system
0.460752842,0.051518133,3.77e-19,9.9e-19,Bacteria,Firmicutes,ko00627,Aminobenzoate degradation,Metabolism,Xenobiotics biodegradation and metabolism
0.119943425,0.047253914,0.011140044,0.013957992,Bacteria,Firmicutes,ko00643,Styrene degradation,Metabolism,Xenobiotics biodegradation and metabolism
-1.959336524,0.112013725,1.65e-68,1.15e-67,Bacteria,Proteobacteria,ko00380,Tryptophan metabolism,Metabolism,Amino acid metabolism
-1.290726846,0.055953137,9.71e-118,1.97e-116,Bacteria,Proteobacteria,ko00460,Cyanoamino acid metabolism,Metabolism,Metabolism of other amino acids
-1.946566897,0.089306286,2.5e-105,3.7e-104,Bacteria,Proteobacteria,ko00627,Aminobenzoate degradation,Metabolism,Xenobiotics biodegradation and metabolism
-1.626530778,0.086402166,4.7e-79,3.93e-78,Bacteria,Proteobacteria,ko00643,Styrene degradation,Metabolism,Xenobiotics biodegradation and metabolism
-2.14329276,0.083489525,2.44e-145,1.19e-143,Bacteria,Proteobacteria,ko00910,Nitrogen metabolism,Metabolism,Energy metabolism
0.911154402,0.104608161,3.03e-18,7.82e-18,Bacteria,Bacteroidetes,ko00513,Various types of N-glycan biosynthesis,Metabolism,Glycan biosynthesis and metabolism
0.821897076,0.085740027,9.16e-22,2.59e-21,Bacteria,Bacteroidetes,ko00531,Glycosaminoglycan degradation,Metabolism,Glycan biosynthesis and metabolism
0.997257612,0.098665077,5.12e-24,1.57e-23,Bacteria,Bacteroidetes,ko00603,Glycosphingolipid biosynthesis - globo and isoglobo series,Metabolism,Glycan biosynthesis and metabolism
0.913294837,0.10354263,1.14e-18,2.96e-18,Bacteria,Bacteroidetes,ko00604,Glycosphingolipid biosynthesis - ganglio series,Metabolism,Glycan biosynthesis and metabolism
0.876761136,0.092622805,2.91e-21,8.15e-21,Bacteria,Bacteroidetes,ko04142,Lysosome,Cellular Processes,Transport and catabolism
0.903887439,0.072766867,1.99e-35,7.9e-35,Bacteria,Bacteroidetes,ko04216,Ferroptosis,Cellular Processes,Cell growth and death
-0.23026318,0.092345982,0.012649648,0.015766587,Bacteria,Actinobacteria,ko00480,Glutathione metabolism,Metabolism,Metabolism of other amino acids
-0.188516193,0.068060428,0.00560846,0.007149287,Bacteria,Fusobacteria,ko02024,Quorum sensing,Cellular Processes,Cellular community - prokaryotes
-0.278826305,0.061326171,5.45e-06,8.42e-06,Bacteria,Fusobacteria,ko03060,Protein export,Genetic Information Processing,"Folding, sorting and degradation"
-0.335611912,0.059764116,1.96e-08,3.46e-08,Bacteria,Fusobacteria,ko03070,Bacterial secretion system,Environmental Information Processing,Membrane transport
0.610342969,0.048461444,2.27e-36,9.16e-36,Bacteria,Firmicutes,ko05340,Primary immunodeficiency,Human Diseases,Immune disease
2.052836705,0.070757936,4.63e-185,9.81e-183,Bacteria,Firmicutes,ko04113,Meiosis - yeast,Cellular Processes,Cell growth and death
-0.005251494,0.096907532,0.956783169,0.963350318,Bacteria,Actinobacteria,ko05340,Primary immunodeficiency,Human Diseases,Immune disease
2.997688098,0.14552773,2.82e-94,3.16e-93,Bacteria,Firmicutes,ko00513,Various types of N-glycan biosynthesis,Metabolism,Glycan biosynthesis and metabolism
2.997688098,0.14552773,2.82e-94,3.16e-93,Bacteria,Firmicutes,ko00604,Glycosphingolipid biosynthesis - ganglio series,Metabolism,Glycan biosynthesis and metabolism
-1.634901599,0.065626607,5.49e-137,2.18e-135,Bacteria,Proteobacteria,ko00630,Glyoxylate and dicarboxylate metabolism,Metabolism,Carbohydrate metabolism
-1.429952151,0.062555633,1.19e-115,2.25e-114,Bacteria,Proteobacteria,ko00640,Propanoate metabolism,Metabolism,Carbohydrate metabolism
-1.490391651,0.064656166,1.44e-117,2.85e-116,Bacteria,Proteobacteria,ko01210,2-Oxocarboxylic acid metabolism,Metabolism,Global and overview maps
-1.363631054,0.054933059,5e-136,1.8e-134,Bacteria,Proteobacteria,ko01230,Biosynthesis of amino acids,Metabolism,Global and overview maps
0.573138449,0.066100367,4.29e-18,1.1e-17,Bacteria,Bacteroidetes,ko05418,Fluid shear stress and atherosclerosis,Human Diseases,Cardiovascular disease
1.914857993,0.083048001,1.24e-117,2.5e-116,Bacteria,Firmicutes,ko01059,Biosynthesis of enediyne antibiotics,Metabolism,Metabolism of terpenoids and polyketides
-0.082568764,0.050224461,0.100177227,0.115710461,Bacteria,Firmicutes,ko04068,FoxO signaling pathway,Environmental Information Processing,Signal transduction
0.591083322,0.046428509,3.97e-37,1.64e-36,Bacteria,Firmicutes,ko00950,Isoquinoline alkaloid biosynthesis,Metabolism,Biosynthesis of other secondary metabolites
-0.20430508,0.050876909,5.93e-05,8.7e-05,Bacteria,Bacteroidetes,ko00785,Lipoic acid metabolism,Metabolism,Metabolism of cofactors and vitamins
0.742932555,0.104809767,1.36e-12,2.84e-12,Bacteria,Firmicutes,ko00633,Nitrotoluene degradation,Metabolism,Xenobiotics biodegradation and metabolism
-1.27503497,0.065687622,6.28e-84,5.79e-83,Bacteria,Proteobacteria,ko00220,Arginine biosynthesis,Metabolism,Amino acid metabolism
1.765260888,0.117235261,3.09e-51,1.56e-50,Bacteria,Actinobacteria,ko00120,Primary bile acid biosynthesis,Metabolism,Lipid metabolism
4.42958621,0.209904266,7.48e-99,9.64e-98,Bacteria,Actinobacteria,ko00121,Secondary bile acid biosynthesis,Metabolism,Lipid metabolism
2.720921936,0.146719603,8.94e-77,6.96e-76,Bacteria,Bacteroidetes,ko03450,Non-homologous end-joining,Genetic Information Processing,Replication and repair
-1.416869164,0.060029712,3.61e-123,8.82e-122,Bacteria,Proteobacteria,ko00230,Purine metabolism,Metabolism,Nucleotide metabolism
-1.338931136,0.081406627,8.75e-61,5.13e-60,Bacteria,Proteobacteria,ko04016,MAPK signaling pathway - plant,Environmental Information Processing,Signal transduction
0.159722451,0.053901098,0.003044088,0.003987003,Bacteria,Bacteroidetes,ko00340,Histidine metabolism,Metabolism,Amino acid metabolism
0.914905801,0.077300953,2.55e-32,9.51e-32,Bacteria,Fusobacteria,ko00630,Glyoxylate and dicarboxylate metabolism,Metabolism,Carbohydrate metabolism
0.860669788,0.133771198,1.24e-10,2.43e-10,Bacteria,Fusobacteria,ko00660,C5-Branched dibasic acid metabolism,Metabolism,Carbohydrate metabolism
0.227987648,0.047605032,1.67e-06,2.7e-06,Bacteria,Fusobacteria,ko01200,Carbon metabolism,Metabolism,Global and overview maps
0.247957932,0.052820371,2.67e-06,4.25e-06,Bacteria,Firmicutes,ko00072,Synthesis and degradation of ketone bodies,Metabolism,Lipid metabolism
-1.725733819,0.078301957,1.21e-107,1.92e-106,Bacteria,Proteobacteria,ko00190,Oxidative phosphorylation,Metabolism,Energy metabolism
0.197440095,0.041102017,1.56e-06,2.52e-06,Bacteria,Bacteroidetes,ko00450,Selenocompound metabolism,Metabolism,Metabolism of other amino acids
-1.235002124,0.052562664,4.5e-122,1.03e-120,Bacteria,Proteobacteria,ko00270,Cysteine and methionine metabolism,Metabolism,Amino acid metabolism
-1.443120495,0.051722305,2.57e-171,2.72e-169,Bacteria,Proteobacteria,ko00450,Selenocompound metabolism,Metabolism,Metabolism of other amino acids
-1.406468215,0.054845139,4.89e-145,2.33e-143,Bacteria,Proteobacteria,ko00670,One carbon pool by folate,Metabolism,Metabolism of cofactors and vitamins
0.537445725,0.038609427,4.78e-44,2.15e-43,Bacteria,Spirochaetes,ko00220,Arginine biosynthesis,Metabolism,Amino acid metabolism
0.413282457,0.043852534,4.33e-21,1.2e-20,Bacteria,Spirochaetes,ko00250,"Alanine, aspartate and glutamate metabolism",Metabolism,Amino acid metabolism
0.625066633,0.046618176,5.41e-41,2.36e-40,Bacteria,Spirochaetes,ko00910,Nitrogen metabolism,Metabolism,Energy metabolism
-1.234123253,0.076577197,1.97e-58,1.09e-57,Bacteria,Proteobacteria,ko00471,D-Glutamine and D-glutamate metabolism,Metabolism,Metabolism of other amino acids
-1.502280169,0.060861632,1.61e-134,5.68e-133,Bacteria,Proteobacteria,ko04217,Necroptosis,Cellular Processes,Cell growth and death
-0.394406355,0.099587935,7.48e-05,0.000108765,Bacteria,Proteobacteria,ko04964,Proximal tubule bicarbonate reclamation,Organismal Systems,Excretory system
0.969020124,0.052092455,3.1e-77,2.42e-76,Bacteria,Firmicutes,ko05206,MicroRNAs in cancer,Human Diseases,Cancer: overview
-1.342595785,0.068481921,1.4e-85,1.33e-84,Bacteria,Proteobacteria,ko00400,"Phenylalanine, tyrosine and tryptophan biosynthesis",Metabolism,Amino acid metabolism
-1.293546683,0.076383602,2.49e-64,1.63e-63,Bacteria,Proteobacteria,ko00405,Phenazine biosynthesis,Metabolism,Biosynthesis of other secondary metabolites
-1.451485888,0.097379564,3.04e-50,1.52e-49,Bacteria,Proteobacteria,ko02025,Biofilm formation - Pseudomonas aeruginosa,Cellular Processes,Cellular community - prokaryotes
1.137042385,0.099743612,4.2e-30,1.46e-29,Bacteria,Bacteroidetes,ko00364,Fluorobenzoate degradation,Metabolism,Xenobiotics biodegradation and metabolism
1.162755528,0.108970913,1.4e-26,4.54e-26,Bacteria,Bacteroidetes,ko00622,Xylene degradation,Metabolism,Xenobiotics biodegradation and metabolism
0.574276985,0.07244381,2.24e-15,5.21e-15,Bacteria,Actinobacteria,ko00361,Chlorocyclohexane and chlorobenzene degradation,Metabolism,Xenobiotics biodegradation and metabolism
-1.711698233,0.088330287,1.17e-83,1.08e-82,Bacteria,Proteobacteria,ko00071,Fatty acid degradation,Metabolism,Lipid metabolism
-1.100188239,0.084558565,1.06e-38,4.46e-38,Bacteria,Proteobacteria,ko00072,Synthesis and degradation of ketone bodies,Metabolism,Lipid metabolism
-1.895902866,0.106991464,2.93e-70,2.06e-69,Bacteria,Proteobacteria,ko00280,"Valine, leucine and isoleucine degradation",Metabolism,Amino acid metabolism
-1.865237787,0.112058573,3.28e-62,2.01e-61,Bacteria,Proteobacteria,ko00362,Benzoate degradation,Metabolism,Xenobiotics biodegradation and metabolism
-1.378181928,0.064130861,1.92e-102,2.6e-101,Bacteria,Proteobacteria,ko00900,Terpenoid backbone biosynthesis,Metabolism,Metabolism of terpenoids and polyketides
-1.701872939,0.077345241,2.66e-107,4.16e-106,Bacteria,Proteobacteria,ko01212,Fatty acid metabolism,Metabolism,Global and overview maps
0.692780186,0.070215245,5.81e-23,1.72e-22,Bacteria,Firmicutes,ko04622,RIG-I-like receptor signaling pathway,Organismal Systems,Immune system
0.73823777,0.100923474,2.58e-13,5.55e-13,Bacteria,Bacteroidetes,ko05150,Staphylococcus aureus infection,Human Diseases,Infectious disease: bacterial
-0.216220834,0.063981896,0.000726425,0.000996614,Bacteria,Firmicutes,ko04022,cGMP-PKG signaling pathway,Environmental Information Processing,Signal transduction
-0.217790592,0.064039226,0.00067166,0.000930178,Bacteria,Firmicutes,ko04024,cAMP signaling pathway,Environmental Information Processing,Signal transduction
-0.216220834,0.063981896,0.000726425,0.000996614,Bacteria,Firmicutes,ko04260,Cardiac muscle contraction,Organismal Systems,Circulatory system
-0.216220834,0.063981896,0.000726425,0.000996614,Bacteria,Firmicutes,ko04261,Adrenergic signaling in cardiomyocytes,Organismal Systems,Circulatory system
-0.216220834,0.063981896,0.000726425,0.000996614,Bacteria,Firmicutes,ko04911,Insulin secretion,Organismal Systems,Endocrine system
0.07436813,0.063645828,0.24261793,0.268995577,Bacteria,Firmicutes,ko04918,Thyroid hormone synthesis,Organismal Systems,Endocrine system
0.067892188,0.056987298,0.23351366,0.259202881,Bacteria,Firmicutes,ko04919,Thyroid hormone signaling pathway,Organismal Systems,Endocrine system
-0.216220834,0.063981896,0.000726425,0.000996614,Bacteria,Firmicutes,ko04925,Aldosterone synthesis and secretion,Organismal Systems,Endocrine system
-0.216220834,0.063981896,0.000726425,0.000996614,Bacteria,Firmicutes,ko04960,Aldosterone-regulated sodium reabsorption,Organismal Systems,Excretory system
-0.216220834,0.063981896,0.000726425,0.000996614,Bacteria,Firmicutes,ko04961,Endocrine and other factor-regulated calcium reabsorption,Organismal Systems,Excretory system
0.005482355,0.041128195,0.893956764,0.905831854,Bacteria,Firmicutes,ko04964,Proximal tubule bicarbonate reclamation,Organismal Systems,Excretory system
-0.216220834,0.063981896,0.000726425,0.000996614,Bacteria,Firmicutes,ko04970,Salivary secretion,Organismal Systems,Digestive system
-0.216220834,0.063981896,0.000726425,0.000996614,Bacteria,Firmicutes,ko04971,Gastric acid secretion,Organismal Systems,Digestive system
-0.216220834,0.063981896,0.000726425,0.000996614,Bacteria,Firmicutes,ko04972,Pancreatic secretion,Organismal Systems,Digestive system
0.805129925,0.046211414,5.54e-68,3.82e-67,Bacteria,Firmicutes,ko04973,Carbohydrate digestion and absorption,Organismal Systems,Digestive system
-0.121914604,0.061932309,0.04900895,0.058339617,Bacteria,Firmicutes,ko04974,Protein digestion and absorption,Organismal Systems,Digestive system
-0.118442096,0.065672835,0.071307008,0.083373675,Bacteria,Firmicutes,ko04976,Bile secretion,Organismal Systems,Digestive system
-0.092579966,0.062125349,0.136168393,0.154936232,Bacteria,Firmicutes,ko04978,Mineral absorption,Organismal Systems,Digestive system
0.70614872,0.037593677,1.03e-78,8.47e-78,Bacteria,Firmicutes,ko03008,Ribosome biogenesis in eukaryotes,Genetic Information Processing,Translation
0.771379535,0.04051783,8.26e-81,7.22e-80,Bacteria,Firmicutes,ko05205,Proteoglycans in cancer,Human Diseases,Cancer: overview
-0.519219232,0.162750727,0.001421385,0.001894187,Bacteria,Fusobacteria,ko03008,Ribosome biogenesis in eukaryotes,Genetic Information Processing,Translation
-0.519219232,0.162750727,0.001421385,0.001894187,Bacteria,Fusobacteria,ko05205,Proteoglycans in cancer,Human Diseases,Cancer: overview
4.34851962,0.186963353,1.16e-119,2.41e-118,Bacteria,Bacteroidetes,ko00196,Photosynthesis - antenna proteins,Metabolism,Energy metabolism
0.291865622,0.078798725,0.000212278,0.00030165,Bacteria,Spirochaetes,ko00450,Selenocompound metabolism,Metabolism,Metabolism of other amino acids
-0.372805324,0.054132773,5.7e-12,1.17e-11,Bacteria,Spirochaetes,ko00970,Aminoacyl-tRNA biosynthesis,Genetic Information Processing,Translation
-1.250154219,0.123832407,5.78e-24,1.76e-23,Bacteria,Proteobacteria,ko00623,Toluene degradation,Metabolism,Xenobiotics biodegradation and metabolism
-0.955013127,0.066404199,6.73e-47,3.16e-46,Bacteria,Proteobacteria,ko00625,Chloroalkane and chloroalkene degradation,Metabolism,Xenobiotics biodegradation and metabolism
-1.005619724,0.074252098,8.68e-42,3.81e-41,Bacteria,Proteobacteria,ko01220,Degradation of aromatic compounds,Metabolism,Global and overview maps
3.501962312,0.138230424,1.34e-141,5.68e-140,Bacteria,Firmicutes,ko00120,Primary bile acid biosynthesis,Metabolism,Lipid metabolism
3.501962312,0.138230424,1.34e-141,5.68e-140,Bacteria,Firmicutes,ko00121,Secondary bile acid biosynthesis,Metabolism,Lipid metabolism
0.226286521,0.044654742,4.03e-07,6.7e-07,Bacteria,Bacteroidetes,ko04212,Longevity regulating pathway - worm,Organismal Systems,Aging
0.292077453,0.042159929,4.27e-12,8.79e-12,Bacteria,Bacteroidetes,ko05152,Tuberculosis,Human Diseases,Infectious disease: bacterial
0.343117369,0.068230891,4.94e-07,8.15e-07,Bacteria,Bacteroidetes,ko00261,Monobactam biosynthesis,Metabolism,Biosynthesis of other secondary metabolites
0.366581192,0.094662226,0.000107717,0.000154914,Bacteria,Proteobacteria,ko02060,Phosphotransferase system (PTS),Environmental Information Processing,Membrane transport
3.496625817,0.134917303,4.31e-148,2.28e-146,Bacteria,Firmicutes,ko05110,Vibrio cholerae infection,Human Diseases,Infectious disease: bacterial
-1.513228388,0.075329794,9.39e-90,9.68e-89,Bacteria,Proteobacteria,ko00300,Lysine biosynthesis,Metabolism,Amino acid metabolism
-1.646526031,0.082333634,5.71e-89,5.76e-88,Bacteria,Proteobacteria,ko00330,Arginine and proline metabolism,Metabolism,Amino acid metabolism
0.225400883,0.050243649,7.25e-06,1.11e-05,Bacteria,Fusobacteria,ko00250,"Alanine, aspartate and glutamate metabolism",Metabolism,Amino acid metabolism
0.628525486,0.094152383,2.46e-11,4.93e-11,Bacteria,Fusobacteria,ko00910,Nitrogen metabolism,Metabolism,Energy metabolism
0.307654443,0.052546947,4.77e-09,8.67e-09,Bacteria,Fusobacteria,ko01120,Microbial metabolism in diverse environments,Metabolism,Global and overview maps
0.873794992,0.147741505,3.33e-09,6.11e-09,Bacteria,Firmicutes,ko00232,Caffeine metabolism,Metabolism,Biosynthesis of other secondary metabolites
0.127149442,0.085801733,0.138367358,0.157250626,Bacteria,Firmicutes,ko05204,Chemical carcinogenesis,Human Diseases,Cancer: overview
0.004876106,0.077374918,0.949751208,0.957280948,Bacteria,Spirochaetes,ko00520,Amino sugar and nucleotide sugar metabolism,Metabolism,Carbohydrate metabolism
1.010603108,0.172400313,4.57e-09,8.33e-09,Bacteria,Spirochaetes,ko00531,Glycosaminoglycan degradation,Metabolism,Glycan biosynthesis and metabolism
0.368305579,0.084045056,1.17e-05,1.78e-05,Bacteria,Spirochaetes,ko01501,beta-Lactam resistance,Human Diseases,Drug resistance: antimicrobial
-1.453813388,0.059781368,1.24e-130,3.81e-129,Bacteria,Proteobacteria,ko03018,RNA degradation,Genetic Information Processing,"Folding, sorting and degradation"
-1.141871899,0.049617977,3.43e-117,6.75e-116,Bacteria,Proteobacteria,ko00010,Glycolysis / Gluconeogenesis,Metabolism,Carbohydrate metabolism
-1.373484534,0.058613168,1.97e-121,4.37e-120,Bacteria,Proteobacteria,ko00710,Carbon fixation in photosynthetic organisms,Metabolism,Energy metabolism
-1.364110484,0.068985052,4.99e-87,4.83e-86,Bacteria,Proteobacteria,ko00750,Vitamin B6 metabolism,Metabolism,Metabolism of cofactors and vitamins
-1.152801584,0.060808066,3.79e-80,3.26e-79,Bacteria,Proteobacteria,ko04066,HIF-1 signaling pathway,Environmental Information Processing,Signal transduction
-1.752542033,0.087519465,3.36e-89,3.41e-88,Bacteria,Proteobacteria,ko05010,Alzheimer disease,Human Diseases,Neurodegenerative disease
0.7985395,0.148426912,7.45e-08,1.28e-07,Bacteria,Tenericutes,ko01100,Metabolic pathways Major,Metabolism,Global and overview maps
0.937376826,0.143524405,6.53e-11,1.28e-10,Bacteria,Tenericutes,ko01110,Biosynthesis of secondary metabolites,Metabolism,Global and overview maps
0.871221758,0.13956425,4.31e-10,8.28e-10,Bacteria,Tenericutes,ko01130,Biosynthesis of antibiotics,Metabolism,Global and overview maps
0.641877444,0.144436891,8.83e-06,1.34e-05,Bacteria,Tenericutes,ko01230,Biosynthesis of amino acids,Metabolism,Global and overview maps
-0.461127419,0.052495556,1.58e-18,4.07e-18,Bacteria,Fusobacteria,ko00061,Fatty acid biosynthesis,Metabolism,Lipid metabolism
0.195780348,0.048716821,5.85e-05,8.61e-05,Bacteria,Fusobacteria,ko00620,Pyruvate metabolism,Metabolism,Carbohydrate metabolism
-0.06957011,0.043901132,0.11303458,0.12946363,Bacteria,Fusobacteria,ko00640,Propanoate metabolism,Metabolism,Carbohydrate metabolism
0.067576613,0.051322529,0.187937636,0.210821807,Bacteria,Fusobacteria,ko00720,Carbon fixation pathways in prokaryotes,Metabolism,Energy metabolism
-0.433012978,0.050475775,9.6e-18,2.44e-17,Bacteria,Fusobacteria,ko01212,Fatty acid metabolism,Metabolism,Global and overview maps
-0.664846422,0.06010363,1.92e-28,6.5e-28,Bacteria,Firmicutes,ko00281,Geraniol degradation,Metabolism,Metabolism of terpenoids and polyketides
-0.025594836,0.052413922,0.625322254,0.656657235,Bacteria,Actinobacteria,ko05206,MicroRNAs in cancer,Human Diseases,Cancer: overview
0.625610413,0.070193039,4.98e-19,1.3e-18,Bacteria,Bacteroidetes,ko05206,MicroRNAs in cancer,Human Diseases,Cancer: overview
0.794570149,0.058564075,6.24e-42,2.75e-41,Bacteria,Bacteroidetes,ko04146,Peroxisome,Cellular Processes,Transport and catabolism
-0.951225055,0.12782214,9.93e-14,2.16e-13,Bacteria,Synergistetes,ko00760,Nicotinate and nicotinamide metabolism,Metabolism,Metabolism of cofactors and vitamins
-0.440143413,0.019335948,1.07e-114,1.96e-113,Bacteria,Synergistetes,ko01100,Metabolic pathways Major,Metabolism,Global and overview maps
-1.8067497,0.080978513,2.86e-110,4.78e-109,Bacteria,Proteobacteria,ko00480,Glutathione metabolism,Metabolism,Metabolism of other amino acids
1.641419108,0.12270196,8.21e-41,3.57e-40,Bacteria,Actinobacteria,ko00531,Glycosaminoglycan degradation,Metabolism,Glycan biosynthesis and metabolism
-0.139786224,0.079578503,0.078988959,0.091960894,Bacteria,Fusobacteria,ko01501,beta-Lactam resistance,Human Diseases,Drug resistance: antimicrobial
0.11783019,0.063062894,0.061698655,0.072718996,Bacteria,Fusobacteria,ko02010,ABC transporters,Environmental Information Processing,Membrane transport
1.2997585,0.104741621,2.33e-35,9.22e-35,Bacteria,Bacteroidetes,ko01053,Biosynthesis of siderophore group nonribosomal peptides,Metabolism,Metabolism of terpenoids and polyketides
0.06629137,0.094846799,0.484595144,0.515118695,Bacteria,Actinobacteria,ko00130,Ubiquinone and other terpenoid-quinone biosynthesis,Metabolism,Metabolism of cofactors and vitamins
-1.318828871,0.080371624,1.65e-60,9.6e-60,Bacteria,Proteobacteria,ko00740,Riboflavin metabolism,Metabolism,Metabolism of cofactors and vitamins
-1.458564898,0.060738311,1.99e-127,5.42e-126,Bacteria,Proteobacteria,ko00290,"Valine, leucine and isoleucine biosynthesis",Metabolism,Amino acid metabolism
-1.326976874,0.063696011,2.18e-96,2.5e-95,Bacteria,Proteobacteria,ko00770,Pantothenate and CoA biosynthesis,Metabolism,Metabolism of cofactors and vitamins
1.10674036,0.112161188,5.76e-23,1.71e-22,Bacteria,Bacteroidetes,ko04210,Apoptosis,Cellular Processes,Cell growth and death
-0.227636618,0.072204005,0.001617752,0.002151363,Bacteria,Actinobacteria,ko05230,Central carbon metabolism in cancer,Human Diseases,Cancer: overview
0.657965594,0.075962869,4.65e-18,1.19e-17,Bacteria,Bacteroidetes,ko02025,Biofilm formation - Pseudomonas aeruginosa,Cellular Processes,Cellular community - prokaryotes
-0.678938921,0.05529124,1.17e-34,4.55e-34,Bacteria,Proteobacteria,ko00561,Glycerolipid metabolism,Metabolism,Lipid metabolism
-1.565737931,0.067294111,9.55e-120,2e-118,Bacteria,Proteobacteria,ko03320,PPAR signaling pathway,Organismal Systems,Endocrine system
-1.04736213,0.062760766,1.6e-62,9.93e-62,Bacteria,Proteobacteria,ko04626,Plant-pathogen interaction,Organismal Systems,Environmental adaptation
-0.657670625,0.04814559,1.76e-42,7.8e-42,Bacteria,Proteobacteria,ko00500,Starch and sucrose metabolism,Metabolism,Carbohydrate metabolism
-1.448922668,0.056957599,9.43e-143,4.28e-141,Bacteria,Proteobacteria,ko00680,Methane metabolism,Metabolism,Energy metabolism
0.377118815,0.063447981,2.79e-09,5.18e-09,Bacteria,Bacteroidetes,ko00400,"Phenylalanine, tyrosine and tryptophan biosynthesis",Metabolism,Amino acid metabolism
-0.008088189,0.070798953,0.909046243,0.91965234,Archaea,Euryarchaeota,ko00670,One carbon pool by folate,Metabolism,Metabolism of cofactors and vitamins
-0.845766433,0.06336853,1.24e-40,5.34e-40,Archaea,Euryarchaeota,ko01100,Metabolic pathways Major,Metabolism,Global and overview maps
0.791474941,0.078158726,4.21e-24,1.3e-23,Bacteria,Bacteroidetes,ko00908,Zeatin biosynthesis,Metabolism,Metabolism of terpenoids and polyketides
0.416780473,0.088787391,2.68e-06,4.25e-06,Bacteria,Bacteroidetes,ko04974,Protein digestion and absorption,Organismal Systems,Digestive system
0.778776893,0.095444073,3.36e-16,8.06e-16,Bacteria,Fusobacteria,ko02020,Two-component system,Environmental Information Processing,Signal transduction
0.283377383,0.055988008,4.16e-07,6.91e-07,Bacteria,Bacteroidetes,ko00360,Phenylalanine metabolism,Metabolism,Amino acid metabolism
0.459607878,0.056673304,5.07e-16,1.21e-15,Bacteria,Fusobacteria,ko00010,Glycolysis / Gluconeogenesis,Metabolism,Carbohydrate metabolism
0.63806395,0.073524104,4.02e-18,1.03e-17,Bacteria,Fusobacteria,ko00020,Citrate cycle (TCA cycle),Metabolism,Carbohydrate metabolism
0.927733588,0.075212589,5.88e-35,2.29e-34,Bacteria,Fusobacteria,ko00650,Butanoate metabolism,Metabolism,Carbohydrate metabolism
0.277187649,0.071066603,9.6e-05,0.000138534,Bacteria,Actinobacteria,ko01503,Cationic antimicrobial peptide (CAMP) resistance,Human Diseases,Drug resistance: antimicrobial
2.102883361,0.133842154,1.26e-55,6.72e-55,Bacteria,Actinobacteria,ko02030,Bacterial chemotaxis,Cellular Processes,Cell motility
0.545302431,0.080882374,1.56e-11,3.14e-11,Bacteria,Bacteroidetes,ko00750,Vitamin B6 metabolism,Metabolism,Metabolism of cofactors and vitamins
-0.139315409,0.100945433,0.167553976,0.188844818,Bacteria,Actinobacteria,ko00627,Aminobenzoate degradation,Metabolism,Xenobiotics biodegradation and metabolism
-0.13596735,0.119209329,0.254046231,0.281012855,Bacteria,Actinobacteria,ko00643,Styrene degradation,Metabolism,Xenobiotics biodegradation and metabolism
0.292856289,0.04901971,2.31e-09,4.31e-09,Bacteria,Bacteroidetes,ko04152,AMPK signaling pathway,Environmental Information Processing,Signal transduction
0.388185569,0.048946474,2.18e-15,5.06e-15,Bacteria,Bacteroidetes,ko05230,Central carbon metabolism in cancer,Human Diseases,Cancer: overview
0.082626388,0.060402999,0.171337545,0.192995097,Bacteria,Fusobacteria,ko00230,Purine metabolism,Metabolism,Nucleotide metabolism
0.331142625,0.055726852,2.81e-09,5.23e-09,Bacteria,Fusobacteria,ko00270,Cysteine and methionine metabolism,Metabolism,Amino acid metabolism
0.022044893,0.077281662,0.775449654,0.794617136,Bacteria,Fusobacteria,ko00760,Nicotinate and nicotinamide metabolism,Metabolism,Metabolism of cofactors and vitamins
-0.711316963,0.063297666,2.66e-29,9.1e-29,Bacteria,Proteobacteria,ko00626,Naphthalene degradation,Metabolism,Xenobiotics biodegradation and metabolism
-1.457369037,0.071385889,1.22e-92,1.33e-91,Bacteria,Proteobacteria,ko00195,Photosynthesis,Metabolism,Energy metabolism
-0.351452935,0.062694367,2.07e-08,3.66e-08,Bacteria,Proteobacteria,ko00053,Ascorbate and aldarate metabolism,Metabolism,Carbohydrate metabolism
-0.223717973,0.07638703,0.003403358,0.004445345,Bacteria,Proteobacteria,ko04622,RIG-I-like receptor signaling pathway,Organismal Systems,Immune system
0.454931508,0.103776825,1.17e-05,1.77e-05,Bacteria,Bacteroidetes,ko00473,D-Alanine metabolism,Metabolism,Metabolism of other amino acids
0.474169082,0.051781671,5.33e-20,1.45e-19,Bacteria,Bacteroidetes,ko00410,beta-Alanine metabolism,Metabolism,Metabolism of other amino acids
-0.335743256,0.071112568,2.34e-06,3.74e-06,Bacteria,Actinobacteria,ko00405,Phenazine biosynthesis,Metabolism,Biosynthesis of other secondary metabolites
0.740915714,0.157535898,2.56e-06,4.07e-06,Bacteria,Tenericutes,ko03420,Nucleotide excision repair,Genetic Information Processing,Replication and repair
0.481849829,0.09494012,3.87e-07,6.44e-07,Bacteria,Actinobacteria,ko04070,Phosphatidylinositol signaling system,Environmental Information Processing,Signal transduction
0.234550451,0.036064173,7.84e-11,1.54e-10,Bacteria,Bacteroidetes,ko04070,Phosphatidylinositol signaling system,Environmental Information Processing,Signal transduction
0.113385109,0.061676138,0.066004206,0.077410837,Bacteria,Spirochaetes,ko00500,Starch and sucrose metabolism,Metabolism,Carbohydrate metabolism
-0.250866017,0.062502286,5.98e-05,8.77e-05,Bacteria,Spirochaetes,ko02026,Biofilm formation - Escherichia coli,Cellular Processes,Cellular community - prokaryotes
0.014074551,0.050387573,0.779994782,0.79870536,Bacteria,Bacteroidetes,ko05134,Legionellosis,Human Diseases,Infectious disease: bacterial
-2.153942497,0.125385676,3.84e-66,2.56e-65,Bacteria,Proteobacteria,ko00130,Ubiquinone and other terpenoid-quinone biosynthesis,Metabolism,Metabolism of cofactors and vitamins
0.251031847,0.115303082,0.029469543,0.035658896,Bacteria,Spirochaetes,ko00440,Phosphonate and phosphinate metabolism,Metabolism,Metabolism of other amino acids
0.960852988,0.074667503,6.78e-38,2.83e-37,Bacteria,Bacteroidetes,ko00561,Glycerolipid metabolism,Metabolism,Lipid metabolism
-0.079314308,0.048366001,0.101030678,0.116555053,Bacteria,Actinobacteria,ko05010,Alzheimer disease,Human Diseases,Neurodegenerative disease
2.163761582,0.094339661,2.04e-116,3.97e-115,Bacteria,Firmicutes,ko05146,Amoebiasis,Human Diseases,Infectious disease: parasitic
0.634055573,0.063017008,8.16e-24,2.48e-23,Bacteria,Bacteroidetes,ko04621,NOD-like receptor signaling pathway,Organismal Systems,Immune system
0.667920997,0.060079547,1.03e-28,3.5e-28,Bacteria,Actinobacteria,ko04621,NOD-like receptor signaling pathway,Organismal Systems,Immune system
0.23445535,0.058643016,6.39e-05,9.35e-05,Bacteria,Actinobacteria,ko05418,Fluid shear stress and atherosclerosis,Human Diseases,Cardiovascular disease
-1.308496398,0.077770246,1.6e-63,1.03e-62,Bacteria,Proteobacteria,ko04621,NOD-like receptor signaling pathway,Organismal Systems,Immune system
-1.475182219,0.068445836,5.01e-103,6.83e-102,Bacteria,Proteobacteria,ko05418,Fluid shear stress and atherosclerosis,Human Diseases,Cardiovascular disease
0.56510076,0.069826121,5.82e-16,1.39e-15,Bacteria,Fusobacteria,ko00052,Galactose metabolism,Metabolism,Carbohydrate metabolism
1.691349436,0.114790233,3.88e-49,1.91e-48,Bacteria,Fusobacteria,ko00511,Other glycan degradation,Metabolism,Glycan biosynthesis and metabolism
1.69294533,0.114855498,3.58e-49,1.77e-48,Bacteria,Fusobacteria,ko00600,Sphingolipid metabolism,Metabolism,Lipid metabolism
-1.422192242,0.058514789,1.74e-130,5.28e-129,Bacteria,Proteobacteria,ko03420,Nucleotide excision repair,Genetic Information Processing,Replication and repair
-1.49370059,0.071415817,3.87e-97,4.61e-96,Bacteria,Proteobacteria,ko03430,Mismatch repair,Genetic Information Processing,Replication and repair
0.460919251,0.06018632,1.89e-14,4.21e-14,Bacteria,Spirochaetes,ko00270,Cysteine and methionine metabolism,Metabolism,Amino acid metabolism
0.326691853,0.069947842,3e-06,4.73e-06,Bacteria,Spirochaetes,ko00280,"Valine, leucine and isoleucine degradation",Metabolism,Amino acid metabolism
0.125599591,0.042772367,0.003319754,0.004339117,Bacteria,Spirochaetes,ko00290,"Valine, leucine and isoleucine biosynthesis",Metabolism,Amino acid metabolism
0.184807931,0.04501563,4.04e-05,5.98e-05,Bacteria,Spirochaetes,ko00770,Pantothenate and CoA biosynthesis,Metabolism,Metabolism of cofactors and vitamins
0.370013327,0.044381172,7.61e-17,1.87e-16,Bacteria,Spirochaetes,ko01210,2-Oxocarboxylic acid metabolism,Metabolism,Global and overview maps
0.595720673,0.084332632,1.62e-12,3.38e-12,Bacteria,Actinobacteria,ko04622,RIG-I-like receptor signaling pathway,Organismal Systems,Immune system
1.609427938,0.080820263,3.1e-88,3.06e-87,Bacteria,Firmicutes,ko00361,Chlorocyclohexane and chlorobenzene degradation,Metabolism,Xenobiotics biodegradation and metabolism
0.647963972,0.081981906,2.71e-15,6.27e-15,Bacteria,Bacteroidetes,ko01051,Biosynthesis of ansamycins,Metabolism,Metabolism of terpenoids and polyketides
-1.002867074,0.084855387,3.13e-32,1.16e-31,Archaea,Euryarchaeota,ko00860,Porphyrin and chlorophyll metabolism,Metabolism,Metabolism of cofactors and vitamins
-1.014154716,0.060125145,7.82e-64,5.05e-63,Archaea,Euryarchaeota,ko01110,Biosynthesis of secondary metabolites,Metabolism,Global and overview maps
-0.701239175,0.069182759,3.82e-24,1.18e-23,Archaea,Euryarchaeota,ko01120,Microbial metabolism in diverse environments,Metabolism,Global and overview maps
0.00607804,0.056144314,0.913791476,0.923476601,Bacteria,Spirochaetes,ko00240,Pyrimidine metabolism,Metabolism,Nucleotide metabolism
-0.030313426,0.083069066,0.715172364,0.739205256,Bacteria,Spirochaetes,ko00300,Lysine biosynthesis,Metabolism,Amino acid metabolism
0.790231668,0.237229806,0.000865095,0.001170856,Bacteria,Tenericutes,ko00564,Glycerophospholipid metabolism,Metabolism,Lipid metabolism
0.76268642,0.054328025,9.06e-45,4.1e-44,Bacteria,Bacteroidetes,ko00195,Photosynthesis,Metabolism,Energy metabolism
-0.063470689,0.04947156,0.199501441,0.223006593,Bacteria,Actinobacteria,ko01051,Biosynthesis of ansamycins,Metabolism,Metabolism of terpenoids and polyketides
-1.187880559,0.102855896,7.47e-31,2.67e-30,Archaea,Euryarchaeota,ko00030,Pentose phosphate pathway,Metabolism,Carbohydrate metabolism
-0.932224566,0.095975182,2.65e-22,7.61e-22,Archaea,Euryarchaeota,ko00710,Carbon fixation in photosynthetic organisms,Metabolism,Energy metabolism
-0.856395603,0.052932375,7.09e-59,4e-58,Archaea,Euryarchaeota,ko01130,Biosynthesis of antibiotics,Metabolism,Global and overview maps
-0.70528471,0.067235756,9.63e-26,3.08e-25,Archaea,Euryarchaeota,ko01200,Carbon metabolism,Metabolism,Global and overview maps
-0.797201379,0.049534152,2.81e-58,1.55e-57,Archaea,Euryarchaeota,ko01230,Biosynthesis of amino acids,Metabolism,Global and overview maps
-0.18969118,0.045948629,3.65e-05,5.42e-05,Bacteria,Spirochaetes,ko03010,Ribosome,Genetic Information Processing,Translation
-1.336471995,0.056820118,2.48e-122,5.77e-121,Bacteria,Proteobacteria,ko00260,"Glycine, serine and threonine metabolism",Metabolism,Amino acid metabolism
-1.825181344,0.09968488,6.95e-75,5.32e-74,Bacteria,Proteobacteria,ko00410,beta-Alanine metabolism,Metabolism,Metabolism of other amino acids
-1.349488162,0.060545731,4.75e-110,7.88e-109,Bacteria,Proteobacteria,ko01051,Biosynthesis of ansamycins,Metabolism,Metabolism of terpenoids and polyketides
1.00478769,0.16733722,1.92e-09,3.59e-09,Bacteria,Tenericutes,ko00030,Pentose phosphate pathway,Metabolism,Carbohydrate metabolism
0.146975548,0.128615048,0.253140138,0.280173095,Bacteria,Tenericutes,ko00710,Carbon fixation in photosynthetic organisms,Metabolism,Energy metabolism
0.743627325,0.14295763,1.97e-07,3.34e-07,Bacteria,Tenericutes,ko01120,Microbial metabolism in diverse environments,Metabolism,Global and overview maps
0.565244451,0.142375568,7.18e-05,0.000104665,Bacteria,Tenericutes,ko01200,Carbon metabolism,Metabolism,Global and overview maps
2.335314007,0.121703555,4.61e-82,4.13e-81,Bacteria,Firmicutes,ko00311,Penicillin and cephalosporin biosynthesis,Metabolism,Biosynthesis of other secondary metabolites
-1.41022152,0.059318727,6.26e-125,1.57e-123,Bacteria,Proteobacteria,ko04112,Cell cycle - Caulobacter,Cellular Processes,Cell growth and death
-0.405400314,0.058355069,3.73e-12,7.69e-12,Bacteria,Fusobacteria,ko00970,Aminoacyl-tRNA biosynthesis,Genetic Information Processing,Translation
0.460061656,0.066205874,3.68e-12,7.6e-12,Bacteria,Bacteroidetes,ko00061,Fatty acid biosynthesis,Metabolism,Lipid metabolism
0.234159132,0.061865503,0.000153727,0.000219593,Bacteria,Bacteroidetes,ko00780,Biotin metabolism,Metabolism,Metabolism of cofactors and vitamins
0.450369961,0.067453091,2.44e-11,4.9e-11,Bacteria,Bacteroidetes,ko01212,Fatty acid metabolism,Metabolism,Global and overview maps
-1.664277794,0.085233691,6.59e-85,6.16e-84,Bacteria,Proteobacteria,ko03440,Homologous recombination,Genetic Information Processing,Replication and repair
-0.371619263,0.044498744,6.76e-17,1.66e-16,Bacteria,Synergistetes,ko02024,Quorum sensing,Cellular Processes,Cellular community - prokaryotes
-0.333014755,0.054288086,8.56e-10,1.63e-09,Bacteria,Synergistetes,ko03060,Protein export,Genetic Information Processing,"Folding, sorting and degradation"
-0.542161638,0.051482412,6.22e-26,2e-25,Bacteria,Synergistetes,ko03070,Bacterial secretion system,Environmental Information Processing,Membrane transport
0.836758827,0.071348307,9.18e-32,3.35e-31,Bacteria,Bacteroidetes,ko03320,PPAR signaling pathway,Organismal Systems,Endocrine system
0.981495876,0.076395942,8.88e-38,3.69e-37,Bacteria,Bacteroidetes,ko04714,Thermogenesis,Organismal Systems,Environmental adaptation
0.901564089,0.071143758,8.41e-37,3.44e-36,Bacteria,Bacteroidetes,ko04920,Adipocytokine signaling pathway,Organismal Systems,Endocrine system
0.483514757,0.089036951,5.62e-08,9.75e-08,Bacteria,Fusobacteria,ko00330,Arginine and proline metabolism,Metabolism,Amino acid metabolism
-1.451210489,0.069133654,7.86e-98,9.74e-97,Bacteria,Proteobacteria,ko00061,Fatty acid biosynthesis,Metabolism,Lipid metabolism
0.022212737,0.106517349,0.834810223,0.85024855,Bacteria,Lentisphaerae,ko00620,Pyruvate metabolism,Metabolism,Carbohydrate metabolism
-0.276806266,0.072788088,0.000143009,0.000204589,Bacteria,Lentisphaerae,ko01200,Carbon metabolism,Metabolism,Global and overview maps
-0.334659458,0.074134987,6.36e-06,9.77e-06,Bacteria,Lentisphaerae,ko02020,Two-component system,Environmental Information Processing,Signal transduction
0.172634473,0.076990126,0.024942397,0.03037366,Bacteria,Spirochaetes,ko00071,Fatty acid degradation,Metabolism,Lipid metabolism
0.562309153,0.075680392,1.09e-13,2.36e-13,Bacteria,Spirochaetes,ko00350,Tyrosine metabolism,Metabolism,Amino acid metabolism
1.375997893,0.116377297,2.95e-32,1.1e-31,Bacteria,Spirochaetes,ko00625,Chloroalkane and chloroalkene degradation,Metabolism,Xenobiotics biodegradation and metabolism
1.704834336,0.141444761,1.87e-33,7.09e-33,Bacteria,Spirochaetes,ko00626,Naphthalene degradation,Metabolism,Xenobiotics biodegradation and metabolism
0.915892585,0.058042686,4.3e-56,2.31e-55,Bacteria,Spirochaetes,ko00650,Butanoate metabolism,Metabolism,Carbohydrate metabolism
1.591731319,0.110231789,2.9e-47,1.37e-46,Bacteria,Spirochaetes,ko01220,Degradation of aromatic compounds,Metabolism,Global and overview maps
-0.620210443,0.034624031,9.38e-72,6.91e-71,Bacteria,Synergistetes,ko00230,Purine metabolism,Metabolism,Nucleotide metabolism
-0.60624055,0.038265577,1.57e-56,8.54e-56,Bacteria,Synergistetes,ko00240,Pyrimidine metabolism,Metabolism,Nucleotide metabolism
-0.582393528,0.067345385,5.25e-18,1.34e-17,Bacteria,Synergistetes,ko03020,RNA polymerase,Genetic Information Processing,Transcription
-0.832143318,0.116386613,8.69e-13,1.84e-12,Bacteria,Actinobacteria,ko01040,Biosynthesis of unsaturated fatty acids,Metabolism,Lipid metabolism
0.52775414,0.039801852,3.97e-40,1.71e-39,Bacteria,Bacteroidetes,ko04122,Sulfur relay system,Genetic Information Processing,"Folding, sorting and degradation"
1.412593666,0.155954905,1.33e-19,3.56e-19,Bacteria,Actinobacteria,ko02040,Flagellar assembly,Cellular Processes,Cell motility
0.361148736,0.055523694,7.8e-11,1.53e-10,Bacteria,Bacteroidetes,ko00401,Novobiocin biosynthesis,Metabolism,Biosynthesis of other secondary metabolites
0.202413686,0.050941413,7.08e-05,0.000103275,Bacteria,Bacteroidetes,ko00960,"Tropane, piperidine and pyridine alkaloid biosynthesis",Metabolism,Biosynthesis of other secondary metabolites
-1.316072472,0.080856515,1.45e-59,8.31e-59,Bacteria,Proteobacteria,ko00564,Glycerophospholipid metabolism,Metabolism,Lipid metabolism
-1.563189365,0.077980432,2.19e-89,2.23e-88,Bacteria,Proteobacteria,ko01501,beta-Lactam resistance,Human Diseases,Drug resistance: antimicrobial
-0.264032612,0.11118669,0.017564254,0.021721811,Bacteria,Actinobacteria,ko00540,Lipopolysaccharide biosynthesis,Metabolism,Glycan biosynthesis and metabolism
-1.450111685,0.058862483,5.25e-134,1.79e-132,Bacteria,Proteobacteria,ko00261,Monobactam biosynthesis,Metabolism,Biosynthesis of other secondary metabolites
-0.188050152,0.044690061,2.58e-05,3.85e-05,Bacteria,Bacteroidetes,ko00510,N-Glycan biosynthesis,Metabolism,Glycan biosynthesis and metabolism
-0.194023207,0.07631948,0.011014133,0.013809304,Bacteria,Fusobacteria,ko03420,Nucleotide excision repair,Genetic Information Processing,Replication and repair
0.101382071,0.056041098,0.070440676,0.08246186,Bacteria,Fusobacteria,ko00190,Oxidative phosphorylation,Metabolism,Energy metabolism
-0.108408127,0.068089945,0.111355226,0.127770407,Bacteria,Fusobacteria,ko00195,Photosynthesis,Metabolism,Energy metabolism
0.566191198,0.074379394,2.69e-14,5.98e-14,Bacteria,Bacteroidetes,ko00332,Carbapenem biosynthesis,Metabolism,Biosynthesis of other secondary metabolites
-1.412330044,0.083658717,6.1e-64,3.96e-63,Bacteria,Proteobacteria,ko02026,Biofilm formation - Escherichia coli,Cellular Processes,Cellular community - prokaryotes
-0.616201809,0.048691723,1.05e-36,4.25e-36,Archaea,Euryarchaeota,ko03018,RNA degradation,Genetic Information Processing,"Folding, sorting and degradation"
-0.395332099,0.082795932,1.8e-06,2.89e-06,Archaea,Euryarchaeota,ko04212,Longevity regulating pathway - worm,Organismal Systems,Aging
-0.395332099,0.082795932,1.8e-06,2.89e-06,Archaea,Euryarchaeota,ko05152,Tuberculosis,Human Diseases,Infectious disease: bacterial
-0.460734768,0.085354045,6.74e-08,1.17e-07,Bacteria,Spirochaetes,ko03020,RNA polymerase,Genetic Information Processing,Transcription
0.422759507,0.068578158,7.06e-10,1.35e-09,Bacteria,Bacteroidetes,ko04910,Insulin signaling pathway,Organismal Systems,Endocrine system
2.232577725,0.122287307,1.83e-74,1.39e-73,Bacteria,Bacteroidetes,ko05133,Pertussis,Human Diseases,Infectious disease: bacterial
-0.080464398,0.064401713,0.211513712,0.235467979,Bacteria,Actinobacteria,ko04930,Type II diabetes mellitus,Human Diseases,Endocrine and metabolic disease
-0.080464398,0.064401713,0.211513712,0.235467979,Bacteria,Actinobacteria,ko05165,Human papillomavirus infection,Human Diseases,Infectious disease: viral
-0.080464398,0.064401713,0.211513712,0.235467979,Bacteria,Actinobacteria,ko05203,Viral carcinogenesis,Human Diseases,Cancer: overview
4.183762138,0.223526014,3.59e-78,2.9e-77,Bacteria,Actinobacteria,ko05100,Bacterial invasion of epithelial cells,Human Diseases,Infectious disease: bacterial
-0.159146469,0.060162086,0.008161971,0.010301045,Bacteria,Fusobacteria,ko00983,Drug metabolism - other enzymes,Metabolism,Xenobiotics biodegradation and metabolism
1.762175998,0.163273145,3.72e-27,1.22e-26,Bacteria,Fusobacteria,ko00053,Ascorbate and aldarate metabolism,Metabolism,Carbohydrate metabolism
0.552609503,0.106068361,1.89e-07,3.2e-07,Bacteria,Fusobacteria,ko02060,Phosphotransferase system (PTS),Environmental Information Processing,Membrane transport
1.264368894,0.096256608,2.06e-39,8.75e-39,Bacteria,Bacteroidetes,ko04626,Plant-pathogen interaction,Organismal Systems,Environmental adaptation
1.685668966,0.188929126,4.57e-19,1.2e-18,Bacteria,Actinobacteria,ko00311,Penicillin and cephalosporin biosynthesis,Metabolism,Biosynthesis of other secondary metabolites
0.487641552,0.061761955,2.89e-15,6.68e-15,Bacteria,Fusobacteria,ko00260,"Glycine, serine and threonine metabolism",Metabolism,Amino acid metabolism
0.136630712,0.078548869,0.081958139,0.095301324,Bacteria,Fusobacteria,ko00561,Glycerolipid metabolism,Metabolism,Lipid metabolism
-0.998358294,0.048087181,9.67e-96,1.1e-94,Bacteria,Proteobacteria,ko04922,Glucagon signaling pathway,Organismal Systems,Endocrine system
-1.126275986,0.059185107,9.68e-81,8.43e-80,Bacteria,Proteobacteria,ko04930,Type II diabetes mellitus,Human Diseases,Endocrine and metabolic disease
-1.124171282,0.05919124,1.98e-80,1.71e-79,Bacteria,Proteobacteria,ko05165,Human papillomavirus infection,Human Diseases,Infectious disease: viral
-1.122013485,0.059286165,7.05e-80,6e-79,Bacteria,Proteobacteria,ko05203,Viral carcinogenesis,Human Diseases,Cancer: overview
-1.043762632,0.051981535,1.12e-89,1.14e-88,Bacteria,Proteobacteria,ko05230,Central carbon metabolism in cancer,Human Diseases,Cancer: overview
-0.015596253,0.0599413,0.794715589,0.812177186,Bacteria,Bacteroidetes,ko00405,Phenazine biosynthesis,Metabolism,Biosynthesis of other secondary metabolites
-0.637312521,0.075031821,2e-17,5.03e-17,Bacteria,Bacteroidetes,ko00140,Steroid hormone biosynthesis,Metabolism,Lipid metabolism
0.814155292,0.081438541,1.57e-23,4.73e-23,Bacteria,Bacteroidetes,ko02026,Biofilm formation - Escherichia coli,Cellular Processes,Cellular community - prokaryotes
-0.896032996,0.052893773,2.27e-64,1.49e-63,Bacteria,Proteobacteria,ko03010,Ribosome,Genetic Information Processing,Translation
-0.104032837,0.055910233,0.062784871,0.07395352,Bacteria,Proteobacteria,ko05206,MicroRNAs in cancer,Human Diseases,Cancer: overview
1.009401938,0.171619655,4.06e-09,7.44e-09,Bacteria,Tenericutes,ko02024,Quorum sensing,Cellular Processes,Cellular community - prokaryotes
0.988557417,0.186883159,1.23e-07,2.09e-07,Bacteria,Tenericutes,ko03060,Protein export,Genetic Information Processing,"Folding, sorting and degradation"
1.032742719,0.184628807,2.22e-08,3.91e-08,Bacteria,Tenericutes,ko03070,Bacterial secretion system,Environmental Information Processing,Membrane transport
-0.069509833,0.087083703,0.424756961,0.456859292,Bacteria,Firmicutes,ko01053,Biosynthesis of siderophore group nonribosomal peptides,Metabolism,Metabolism of terpenoids and polyketides
-0.304994737,0.061615281,7.42e-07,1.22e-06,Bacteria,Synergistetes,ko00680,Methane metabolism,Metabolism,Energy metabolism
-0.060337832,0.039895833,0.130436124,0.148591212,Bacteria,Synergistetes,ko00720,Carbon fixation pathways in prokaryotes,Metabolism,Energy metabolism
-0.253515833,0.02871604,1.06e-18,2.76e-18,Bacteria,Synergistetes,ko01120,Microbial metabolism in diverse environments,Metabolism,Global and overview maps
-0.17196312,0.032897335,1.72e-07,2.92e-07,Bacteria,Synergistetes,ko01200,Carbon metabolism,Metabolism,Global and overview maps
2.383515893,0.124694361,1.9e-81,1.68e-80,Bacteria,Firmicutes,ko00364,Fluorobenzoate degradation,Metabolism,Xenobiotics biodegradation and metabolism
3.140797569,0.098394735,1.39e-223,6.64e-221,Bacteria,Bacteroidetes,ko02060,Phosphotransferase system (PTS),Environmental Information Processing,Membrane transport
0.783312875,0.058666221,1.15e-40,5e-40,Bacteria,Bacteroidetes,ko00361,Chlorocyclohexane and chlorobenzene degradation,Metabolism,Xenobiotics biodegradation and metabolism
1.041094645,0.110130427,3.28e-21,9.18e-21,Bacteria,Bacteroidetes,ko00623,Toluene degradation,Metabolism,Xenobiotics biodegradation and metabolism
3.60959564,0.21860055,2.99e-61,1.77e-60,Bacteria,Actinobacteria,ko00513,Various types of N-glycan biosynthesis,Metabolism,Glycan biosynthesis and metabolism
3.60959564,0.21860055,2.99e-61,1.77e-60,Bacteria,Actinobacteria,ko00604,Glycosphingolipid biosynthesis - ganglio series,Metabolism,Glycan biosynthesis and metabolism
-0.227437113,0.082134718,0.005621586,0.007161233,Bacteria,Actinobacteria,ko01054,Nonribosomal peptide structures,Metabolism,Metabolism of terpenoids and polyketides
0.465095219,0.095977871,1.26e-06,2.05e-06,Bacteria,Spirochaetes,ko02020,Two-component system,Environmental Information Processing,Signal transduction
0.011776652,0.091774617,0.897894592,0.909338814,Bacteria,Spirochaetes,ko02040,Flagellar assembly,Cellular Processes,Cell motility
-0.075210076,0.095321648,0.430104063,0.460791263,Bacteria,Spirochaetes,ko04621,NOD-like receptor signaling pathway,Organismal Systems,Immune system
-0.103485852,0.091542309,0.258278151,0.285362939,Bacteria,Spirochaetes,ko04626,Plant-pathogen interaction,Organismal Systems,Environmental adaptation
-0.12659297,0.111384068,0.255728676,0.282709904,Bacteria,Spirochaetes,ko05132,Salmonella infection,Human Diseases,Infectious disease: bacterial
-0.296400629,0.059027383,5.13e-07,8.46e-07,Bacteria,Spirochaetes,ko05134,Legionellosis,Human Diseases,Infectious disease: bacterial
-0.106608233,0.069902972,0.127236977,0.145120164,Bacteria,Bacteroidetes,ko00333,Prodigiosin biosynthesis,Metabolism,Biosynthesis of other secondary metabolites
-0.099543103,0.111177974,0.370600478,0.402577609,Bacteria,Spirochaetes,ko00523,Polyketide sugar unit biosynthesis,Metabolism,Metabolism of terpenoids and polyketides
0.159354322,0.057608737,0.00567227,0.007216157,Bacteria,Firmicutes,ko00791,Atrazine degradation,Metabolism,Xenobiotics biodegradation and metabolism
0.053948798,0.054994608,0.326600924,0.357331017,Bacteria,Bacteroidetes,ko04940,Type I diabetes mellitus,Human Diseases,Endocrine and metabolic disease
-0.124033638,0.081637818,0.128682993,0.14668169,Bacteria,Fibrobacteres,ko00330,Arginine and proline metabolism,Metabolism,Amino acid metabolism
-0.155336895,0.046265125,0.000786401,0.001068138,Bacteria,Fibrobacteres,ko01100,Metabolic pathways Major,Metabolism,Global and overview maps
0.124079845,0.057073023,0.029701065,0.035916253,Bacteria,Fusobacteria,ko00520,Amino sugar and nucleotide sugar metabolism,Metabolism,Carbohydrate metabolism
0.307996545,0.135526687,0.02305092,0.028196347,Bacteria,Actinobacteria,ko04726,Serotonergic synapse,Organismal Systems,Nervous system
0.307996545,0.135526687,0.02305092,0.028196347,Bacteria,Actinobacteria,ko04728,Dopaminergic synapse,Organismal Systems,Nervous system
0.307996545,0.135526687,0.02305092,0.028196347,Bacteria,Actinobacteria,ko05030,Cocaine addiction,Human Diseases,Substance dependence
0.307996545,0.135526687,0.02305092,0.028196347,Bacteria,Actinobacteria,ko05031,Amphetamine addiction,Human Diseases,Substance dependence
0.307996545,0.135526687,0.02305092,0.028196347,Bacteria,Actinobacteria,ko05034,Alcoholism,Human Diseases,Substance dependence
-0.312252185,0.089955731,0.000518184,0.000721297,Bacteria,Actinobacteria,ko03050,Proteasome,Genetic Information Processing,"Folding, sorting and degradation"
0.975547249,0.058817886,8.81e-62,5.34e-61,Bacteria,Actinobacteria,ko04141,Protein processing in endoplasmic reticulum,Genetic Information Processing,"Folding, sorting and degradation"
0.572104385,0.125944601,5.56e-06,8.58e-06,Bacteria,Tenericutes,ko04112,Cell cycle - Caulobacter,Cellular Processes,Cell growth and death
0.784558136,0.060913594,5.84e-38,2.45e-37,Bacteria,Firmicutes,ko01052,Type I polyketide structures,Metabolism,Metabolism of terpenoids and polyketides
-0.039318084,0.040653698,0.33347077,0.364429088,Bacteria,Actinobacteria,ko04151,PI3K-Akt signaling pathway,Environmental Information Processing,Signal transduction
0.941203855,0.066270801,8.85e-46,4.08e-45,Bacteria,Actinobacteria,ko04612,Antigen processing and presentation,Organismal Systems,Immune system
0.941203855,0.066270801,8.85e-46,4.08e-45,Bacteria,Actinobacteria,ko04657,IL-17 signaling pathway,Organismal Systems,Immune system
0.941203855,0.066270801,8.85e-46,4.08e-45,Bacteria,Actinobacteria,ko04659,Th17 cell differentiation,Organismal Systems,Immune system
0.941203855,0.066270801,8.85e-46,4.08e-45,Bacteria,Actinobacteria,ko04914,Progesterone-mediated oocyte maturation,Organismal Systems,Endocrine system
0.941203855,0.066270801,8.85e-46,4.08e-45,Bacteria,Actinobacteria,ko04915,Estrogen signaling pathway,Organismal Systems,Endocrine system
0.128708671,0.053761142,0.016661949,0.020646093,Bacteria,Actinobacteria,ko05200,Pathways in cancer,Human Diseases,Cancer: overview
0.941203855,0.066270801,8.85e-46,4.08e-45,Bacteria,Actinobacteria,ko05215,Prostate cancer,Human Diseases,Cancer: specific types
0.666468516,0.06438355,4.12e-25,1.3e-24,Bacteria,Spirochaetes,ko00983,Drug metabolism - other enzymes,Metabolism,Xenobiotics biodegradation and metabolism
0.035770033,0.087612693,0.68307212,0.708329817,Bacteria,Fusobacteria,ko03410,Base excision repair,Genetic Information Processing,Replication and repair
-1.221168437,0.063258654,4.94e-83,4.5e-82,Bacteria,Proteobacteria,ko00562,Inositol phosphate metabolism,Metabolism,Carbohydrate metabolism
1.52139882,0.055039899,3.51e-168,3.34e-166,Bacteria,Bacteroidetes,ko00930,Caprolactam degradation,Metabolism,Xenobiotics biodegradation and metabolism
-0.18347516,0.083305812,0.027634999,0.03348154,Bacteria,Bacteroidetes,ko04934,Cushing syndrome,Human Diseases,Endocrine and metabolic disease
0.345721276,0.085017466,4.77e-05,7.06e-05,Bacteria,Bacteroidetes,ko05200,Pathways in cancer,Human Diseases,Cancer: overview
-0.18347516,0.083305812,0.027634999,0.03348154,Bacteria,Bacteroidetes,ko05211,Renal cell carcinoma,Human Diseases,Cancer: specific types
0.011310274,0.048239565,0.814627466,0.83119025,Bacteria,Bacteroidetes,ko00950,Isoquinoline alkaloid biosynthesis,Metabolism,Biosynthesis of other secondary metabolites
1.049181689,0.10452249,1.04e-23,3.16e-23,Bacteria,Spirochaetes,ko00750,Vitamin B6 metabolism,Metabolism,Metabolism of cofactors and vitamins
0.41044083,0.116261688,0.000415059,0.000580717,Bacteria,Spirochaetes,ko02030,Bacterial chemotaxis,Cellular Processes,Cell motility
-1.348967961,0.05844303,7.06e-118,1.45e-116,Bacteria,Proteobacteria,ko01523,Antifolate resistance,Human Diseases,Drug resistance: antineoplastic
0.197915162,0.069249545,0.004263211,0.00551931,Bacteria,Spirochaetes,ko00030,Pentose phosphate pathway,Metabolism,Carbohydrate metabolism
0.49659418,0.046081606,4.45e-27,1.46e-26,Bacteria,Spirochaetes,ko00640,Propanoate metabolism,Metabolism,Carbohydrate metabolism
0.731473489,0.06568584,8.39e-29,2.84e-28,Bacteria,Fusobacteria,ko00500,Starch and sucrose metabolism,Metabolism,Carbohydrate metabolism
0.726867844,0.071849431,4.67e-24,1.43e-23,Bacteria,Fusobacteria,ko02026,Biofilm formation - Escherichia coli,Cellular Processes,Cellular community - prokaryotes
0.51282873,0.057649147,5.81e-19,1.51e-18,Bacteria,Fusobacteria,ko00030,Pentose phosphate pathway,Metabolism,Carbohydrate metabolism
0.199362668,0.061442003,0.001175623,0.001577701,Bacteria,Fusobacteria,ko00710,Carbon fixation in photosynthetic organisms,Metabolism,Energy metabolism
0.058942006,0.078205441,0.451040404,0.481059312,Bacteria,Fusobacteria,ko01051,Biosynthesis of ansamycins,Metabolism,Metabolism of terpenoids and polyketides
0.461009708,0.068380017,1.56e-11,3.14e-11,Bacteria,Spirochaetes,ko00430,Taurine and hypotaurine metabolism,Metabolism,Metabolism of other amino acids
0.177392546,0.035933308,7.94e-07,1.3e-06,Bacteria,Spirochaetes,ko00680,Methane metabolism,Metabolism,Energy metabolism
0.345034927,0.040854895,3.03e-17,7.56e-17,Bacteria,Spirochaetes,ko00720,Carbon fixation pathways in prokaryotes,Metabolism,Energy metabolism
0.166758893,0.035423584,2.51e-06,3.99e-06,Bacteria,Bacteroidetes,ko01524,Platinum drug resistance,Human Diseases,Drug resistance: antineoplastic
0.337009541,0.042376538,1.82e-15,4.25e-15,Bacteria,Bacteroidetes,ko04016,MAPK signaling pathway - plant,Environmental Information Processing,Signal transduction
-0.029175897,0.067332793,0.664790388,0.691628625,Bacteria,Actinobacteria,ko00908,Zeatin biosynthesis,Metabolism,Metabolism of terpenoids and polyketides
-0.934609718,0.063008757,8.96e-50,4.46e-49,Bacteria,Proteobacteria,ko00332,Carbapenem biosynthesis,Metabolism,Biosynthesis of other secondary metabolites
0.146055672,0.049687444,0.003287544,0.004299964,Bacteria,Bacteroidetes,ko01055,Biosynthesis of vancomycin group antibiotics,Metabolism,Metabolism of terpenoids and polyketides
-1.502185791,0.061670918,4.76e-131,1.49e-129,Bacteria,Proteobacteria,ko03410,Base excision repair,Genetic Information Processing,Replication and repair
-0.334720228,0.078656347,2.09e-05,3.13e-05,Bacteria,Fusobacteria,ko00071,Fatty acid degradation,Metabolism,Lipid metabolism
-0.629237042,0.035629948,8.47e-70,5.94e-69,Bacteria,Fusobacteria,ko00280,"Valine, leucine and isoleucine degradation",Metabolism,Amino acid metabolism
0.438152286,0.084688695,2.3e-07,3.86e-07,Bacteria,Fusobacteria,ko00790,Folate biosynthesis,Metabolism,Metabolism of cofactors and vitamins
-1.452311312,0.065045182,1.99e-110,3.35e-109,Bacteria,Proteobacteria,ko04212,Longevity regulating pathway - worm,Organismal Systems,Aging
-1.563002247,0.083904628,1.89e-77,1.49e-76,Bacteria,Proteobacteria,ko04940,Type I diabetes mellitus,Human Diseases,Endocrine and metabolic disease
-1.577155698,0.072301316,1.72e-105,2.59e-104,Bacteria,Proteobacteria,ko05134,Legionellosis,Human Diseases,Infectious disease: bacterial
-1.582900853,0.066136656,1.36e-126,3.61e-125,Bacteria,Proteobacteria,ko05152,Tuberculosis,Human Diseases,Infectious disease: bacterial
-0.463580009,0.056522265,2.37e-16,5.72e-16,Bacteria,Synergistetes,ko03018,RNA degradation,Genetic Information Processing,"Folding, sorting and degradation"
-1.40971341,0.053714077,8.2e-152,4.74e-150,Bacteria,Proteobacteria,ko00660,C5-Branched dibasic acid metabolism,Metabolism,Carbohydrate metabolism
0.487907876,0.080972224,1.68e-09,3.17e-09,Bacteria,Bacteroidetes,ko04217,Necroptosis,Cellular Processes,Cell growth and death
0.499610033,0.064204358,7.16e-15,1.63e-14,Bacteria,Bacteroidetes,ko04922,Glucagon signaling pathway,Organismal Systems,Endocrine system
-0.543795839,0.071693241,3.32e-14,7.35e-14,Bacteria,Fibrobacteres,ko00970,Aminoacyl-tRNA biosynthesis,Genetic Information Processing,Translation
-0.154789298,0.107824341,0.151124978,0.171544842,Bacteria,Synergistetes,ko04212,Longevity regulating pathway - worm,Organismal Systems,Aging
-0.154789298,0.107824341,0.151124978,0.171544842,Bacteria,Synergistetes,ko05152,Tuberculosis,Human Diseases,Infectious disease: bacterial
-1.466818181,0.117160161,5.82e-36,2.34e-35,Bacteria,Proteobacteria,ko02040,Flagellar assembly,Cellular Processes,Cell motility
0.086576167,0.055842546,0.121054633,0.138317067,Bacteria,Fibrobacteres,ko00230,Purine metabolism,Metabolism,Nucleotide metabolism
0.226843362,0.045433542,5.95e-07,9.79e-07,Bacteria,Bacteroidetes,ko00380,Tryptophan metabolism,Metabolism,Amino acid metabolism
0.775227027,0.064338013,1.96e-33,7.39e-33,Bacteria,Bacteroidetes,ko00830,Retinol metabolism,Metabolism,Metabolism of cofactors and vitamins
0.59875854,0.054417953,3.7e-28,1.24e-27,Bacteria,Bacteroidetes,ko00982,Drug metabolism - cytochrome P450,Metabolism,Xenobiotics biodegradation and metabolism
1.757098042,0.110277347,3.71e-57,2.03e-56,Bacteria,Bacteroidetes,ko02040,Flagellar assembly,Cellular Processes,Cell motility
0.677150168,0.056296951,2.53e-33,9.52e-33,Bacteria,Firmicutes,ko01054,Nonribosomal peptide structures,Metabolism,Metabolism of terpenoids and polyketides
2.045427783,0.16518085,3.23e-35,1.27e-34,Bacteria,Bacteroidetes,ko01040,Biosynthesis of unsaturated fatty acids,Metabolism,Lipid metabolism
0.15482208,0.047847471,0.001213269,0.001625934,Bacteria,Fusobacteria,ko04931,Insulin resistance,Human Diseases,Endocrine and metabolic disease
0.852268736,0.107044107,1.69e-15,3.96e-15,Bacteria,Fusobacteria,ko04141,Protein processing in endoplasmic reticulum,Genetic Information Processing,"Folding, sorting and degradation"
0.852268736,0.107044107,1.69e-15,3.96e-15,Bacteria,Fusobacteria,ko04151,PI3K-Akt signaling pathway,Environmental Information Processing,Signal transduction
0.425003708,0.072991145,5.79e-09,1.05e-08,Bacteria,Fusobacteria,ko04217,Necroptosis,Cellular Processes,Cell growth and death
0.852268736,0.107044107,1.69e-15,3.96e-15,Bacteria,Fusobacteria,ko04612,Antigen processing and presentation,Organismal Systems,Immune system
0.734133594,0.085879794,1.25e-17,3.16e-17,Bacteria,Fusobacteria,ko04621,NOD-like receptor signaling pathway,Organismal Systems,Immune system
0.660681523,0.080148728,1.68e-16,4.08e-16,Bacteria,Fusobacteria,ko04626,Plant-pathogen interaction,Organismal Systems,Environmental adaptation
0.852268736,0.107044107,1.69e-15,3.96e-15,Bacteria,Fusobacteria,ko04657,IL-17 signaling pathway,Organismal Systems,Immune system
0.852268736,0.107044107,1.69e-15,3.96e-15,Bacteria,Fusobacteria,ko04659,Th17 cell differentiation,Organismal Systems,Immune system
0.852268736,0.107044107,1.69e-15,3.96e-15,Bacteria,Fusobacteria,ko04914,Progesterone-mediated oocyte maturation,Organismal Systems,Endocrine system
0.852268736,0.107044107,1.69e-15,3.96e-15,Bacteria,Fusobacteria,ko04915,Estrogen signaling pathway,Organismal Systems,Endocrine system
0.412087299,0.069627855,3.25e-09,6.02e-09,Bacteria,Fusobacteria,ko05200,Pathways in cancer,Human Diseases,Cancer: overview
0.852268736,0.107044107,1.69e-15,3.96e-15,Bacteria,Fusobacteria,ko05215,Prostate cancer,Human Diseases,Cancer: specific types
0.304408289,0.067221565,5.94e-06,9.15e-06,Bacteria,Fusobacteria,ko05418,Fluid shear stress and atherosclerosis,Human Diseases,Cardiovascular disease
-0.131560001,0.066821647,0.048973412,0.058333727,Bacteria,Fusobacteria,ko00780,Biotin metabolism,Metabolism,Metabolism of cofactors and vitamins
0.195040659,0.078901303,0.013437553,0.016726771,Bacteria,Fusobacteria,ko00564,Glycerophospholipid metabolism,Metabolism,Lipid metabolism
0.277356668,0.055290034,5.26e-07,8.68e-07,Bacteria,Fusobacteria,ko00680,Methane metabolism,Metabolism,Energy metabolism
0.005643631,0.059459414,0.924381794,0.933190091,Bacteria,Fusobacteria,ko00450,Selenocompound metabolism,Metabolism,Metabolism of other amino acids
0.074795252,0.091619659,0.414290356,0.447114719,Bacteria,Synergistetes,ko00450,Selenocompound metabolism,Metabolism,Metabolism of other amino acids
-0.354368478,0.035846712,4.8e-23,1.43e-22,Bacteria,Synergistetes,ko00970,Aminoacyl-tRNA biosynthesis,Genetic Information Processing,Translation
0.835395567,0.173601681,1.49e-06,2.42e-06,Bacteria,Tenericutes,ko00970,Aminoacyl-tRNA biosynthesis,Genetic Information Processing,Translation
-0.165232221,0.061191003,0.006928325,0.008773118,Bacteria,Fusobacteria,ko03018,RNA degradation,Genetic Information Processing,"Folding, sorting and degradation"
-1.269335973,0.060230526,1.36e-98,1.73e-97,Bacteria,Proteobacteria,ko04910,Insulin signaling pathway,Organismal Systems,Endocrine system
-1.251937139,0.057808994,5.29e-104,7.47e-103,Bacteria,Proteobacteria,ko04931,Insulin resistance,Human Diseases,Endocrine and metabolic disease
0.130061324,0.061455484,0.034315037,0.041286293,Bacteria,Fusobacteria,ko00521,Streptomycin biosynthesis,Metabolism,Biosynthesis of other secondary metabolites
-0.103857149,0.058809569,0.077397418,0.090328565,Bacteria,Fusobacteria,ko00523,Polyketide sugar unit biosynthesis,Metabolism,Metabolism of terpenoids and polyketides
-0.063429452,0.067553809,0.347757915,0.379390357,Bacteria,Fusobacteria,ko00525,Acarbose and validamycin biosynthesis,Metabolism,Biosynthesis of other secondary metabolites
-0.136457373,0.081850402,0.095483426,0.11048962,Bacteria,Fusobacteria,ko01055,Biosynthesis of vancomycin group antibiotics,Metabolism,Metabolism of terpenoids and polyketides
0.224852403,0.073239994,0.002140038,0.002822304,Bacteria,Fusobacteria,ko03440,Homologous recombination,Genetic Information Processing,Replication and repair
0.954004079,0.183811612,2.1e-07,3.55e-07,Bacteria,Firmicutes,ko00909,Sesquiterpenoid and triterpenoid biosynthesis,Metabolism,Metabolism of terpenoids and polyketides
-1.679790241,0.082303289,1.37e-92,1.48e-91,Bacteria,Proteobacteria,ko04146,Peroxisome,Cellular Processes,Transport and catabolism
-1.365578954,0.116937365,1.65e-31,5.98e-31,Bacteria,Proteobacteria,ko02030,Bacterial chemotaxis,Cellular Processes,Cell motility
-1.577801178,0.074529317,1.8e-99,2.35e-98,Bacteria,Proteobacteria,ko00430,Taurine and hypotaurine metabolism,Metabolism,Metabolism of other amino acids
-0.813144952,0.123396065,4.41e-11,8.75e-11,Bacteria,Proteobacteria,ko04973,Carbohydrate digestion and absorption,Organismal Systems,Digestive system
1.537816673,0.116938384,1.69e-39,7.17e-39,Bacteria,Chlamydiae,ko00400,"Phenylalanine, tyrosine and tryptophan biosynthesis",Metabolism,Amino acid metabolism
1.094914421,0.095124972,1.17e-30,4.16e-30,Bacteria,Chlamydiae,ko01100,Metabolic pathways Major,Metabolism,Global and overview maps
1.556648588,0.12097711,6.88e-38,2.86e-37,Bacteria,Chlamydiae,ko01110,Biosynthesis of secondary metabolites,Metabolism,Global and overview maps
1.558310353,0.132815034,8.64e-32,3.17e-31,Bacteria,Chlamydiae,ko01130,Biosynthesis of antibiotics,Metabolism,Global and overview maps
1.537816673,0.116938384,1.69e-39,7.17e-39,Bacteria,Chlamydiae,ko01230,Biosynthesis of amino acids,Metabolism,Global and overview maps
5.118907675,0.27236039,8.36e-79,6.93e-78,Bacteria,Firmicutes,ko04550,Signaling pathways regulating pluripotency of stem cells,Cellular Processes,Cellular community - eukaryotes
1.365603322,0.132150544,4.96e-25,1.56e-24,Bacteria,Bacteroidetes,ko03008,Ribosome biogenesis in eukaryotes,Genetic Information Processing,Translation
1.365603322,0.132150544,4.96e-25,1.56e-24,Bacteria,Bacteroidetes,ko05205,Proteoglycans in cancer,Human Diseases,Cancer: overview
-0.711022591,0.098956142,6.71e-13,1.43e-12,Bacteria,Fusobacteria,ko01503,Cationic antimicrobial peptide (CAMP) resistance,Human Diseases,Drug resistance: antimicrobial
-0.130589751,0.066119933,0.048263199,0.0575237,Bacteria,Fibrobacteres,ko00620,Pyruvate metabolism,Metabolism,Carbohydrate metabolism
-1.25962783,0.066132385,6.95e-81,6.11e-80,Bacteria,Proteobacteria,ko00340,Histidine metabolism,Metabolism,Amino acid metabolism
-1.16656335,0.076494605,1.64e-52,8.5e-52,Bacteria,Proteobacteria,ko00401,Novobiocin biosynthesis,Metabolism,Biosynthesis of other secondary metabolites
-1.367374259,0.081944739,1.64e-62,1.02e-61,Bacteria,Proteobacteria,ko00540,Lipopolysaccharide biosynthesis,Metabolism,Glycan biosynthesis and metabolism
-1.055751011,0.073202797,3.75e-47,1.76e-46,Bacteria,Proteobacteria,ko00960,"Tropane, piperidine and pyridine alkaloid biosynthesis",Metabolism,Biosynthesis of other secondary metabolites
-0.246973748,0.110879918,0.025920661,0.031484523,Bacteria,Synergistetes,ko00730,Thiamine metabolism,Metabolism,Metabolism of cofactors and vitamins
-0.04378421,0.101939329,0.667550341,0.69412132,Bacteria,Tenericutes,ko05134,Legionellosis,Human Diseases,Infectious disease: bacterial
-0.384630599,0.097603886,8.12e-05,0.000117984,Bacteria,Fusobacteria,ko00540,Lipopolysaccharide biosynthesis,Metabolism,Glycan biosynthesis and metabolism
-0.975797908,0.107787522,1.39e-19,3.71e-19,Archaea,Euryarchaeota,ko04141,Protein processing in endoplasmic reticulum,Genetic Information Processing,"Folding, sorting and degradation"
-0.043358952,0.067860927,0.522863011,0.553636736,Archaea,Euryarchaeota,ko04217,Necroptosis,Cellular Processes,Cell growth and death
-1.503158762,0.069392769,4.72e-104,6.72e-103,Bacteria,Proteobacteria,ko00780,Biotin metabolism,Metabolism,Metabolism of cofactors and vitamins
0.261501631,0.084062981,0.001865925,0.002469339,Bacteria,Spirochaetes,ko02024,Quorum sensing,Cellular Processes,Cellular community - prokaryotes
-0.58503976,0.065089069,2.51e-19,6.64e-19,Bacteria,Synergistetes,ko00290,"Valine, leucine and isoleucine biosynthesis",Metabolism,Amino acid metabolism
-0.578531857,0.059986346,5.19e-22,1.48e-21,Bacteria,Synergistetes,ko00770,Pantothenate and CoA biosynthesis,Metabolism,Metabolism of cofactors and vitamins
-0.563857333,0.027806967,2.03e-91,2.14e-90,Bacteria,Synergistetes,ko01110,Biosynthesis of secondary metabolites,Metabolism,Global and overview maps
-0.419769013,0.02595115,7.53e-59,4.22e-58,Bacteria,Synergistetes,ko01130,Biosynthesis of antibiotics,Metabolism,Global and overview maps
-0.52744742,0.046950829,2.77e-29,9.47e-29,Bacteria,Synergistetes,ko01210,2-Oxocarboxylic acid metabolism,Metabolism,Global and overview maps
-0.426781229,0.031123822,8.56e-43,3.82e-42,Bacteria,Synergistetes,ko01230,Biosynthesis of amino acids,Metabolism,Global and overview maps
0.946769822,0.143974332,4.83e-11,9.56e-11,Bacteria,Tenericutes,ko00051,Fructose and mannose metabolism,Metabolism,Carbohydrate metabolism
0.807220712,0.146699098,3.74e-08,6.52e-08,Bacteria,Tenericutes,ko00520,Amino sugar and nucleotide sugar metabolism,Metabolism,Carbohydrate metabolism
0.108307448,0.176831472,0.540213839,0.57137426,Bacteria,Tenericutes,ko00460,Cyanoamino acid metabolism,Metabolism,Metabolism of other amino acids
1.06593155,0.147205077,4.45e-13,9.56e-13,Bacteria,Tenericutes,ko00500,Starch and sucrose metabolism,Metabolism,Carbohydrate metabolism
-0.550368915,0.047252664,2.37e-31,8.52e-31,Archaea,Euryarchaeota,ko00620,Pyruvate metabolism,Metabolism,Carbohydrate metabolism
-0.122791124,0.142348572,0.388352618,0.420788888,Archaea,Euryarchaeota,ko00627,Aminobenzoate degradation,Metabolism,Xenobiotics biodegradation and metabolism
-0.366379591,0.05112782,7.72e-13,1.64e-12,Bacteria,Synergistetes,ko03010,Ribosome,Genetic Information Processing,Translation
0.196494355,0.11938173,0.09977751,0.115318613,Bacteria,Actinobacteria,ko04978,Mineral absorption,Organismal Systems,Digestive system
-0.250753274,0.051138438,9.42e-07,1.54e-06,Bacteria,Candidatus Saccharibacteria,ko03010,Ribosome,Genetic Information Processing,Translation
0.5161825,0.072440291,1.04e-12,2.18e-12,Bacteria,Bacteroidetes,ko04011,MAPK signaling pathway - yeast,Environmental Information Processing,Signal transduction
0.354261731,0.053797182,4.54e-11,9.01e-11,Bacteria,Bacteroidetes,ko04068,FoxO signaling pathway,Environmental Information Processing,Signal transduction
0.354261731,0.053797182,4.54e-11,9.01e-11,Bacteria,Bacteroidetes,ko04211,Longevity regulating pathway,Organismal Systems,Aging
0.229741718,0.070035656,0.001036771,0.001399237,Bacteria,Bacteroidetes,ko05014,Amyotrophic lateral sclerosis (ALS),Human Diseases,Neurodegenerative disease
-0.66907615,0.139675106,1.67e-06,2.69e-06,Bacteria,Proteobacteria,ko04011,MAPK signaling pathway - yeast,Environmental Information Processing,Signal transduction
-0.808474141,0.098001228,1.59e-16,3.87e-16,Bacteria,Proteobacteria,ko04068,FoxO signaling pathway,Environmental Information Processing,Signal transduction
-0.778007601,0.097604982,1.57e-15,3.72e-15,Bacteria,Proteobacteria,ko04211,Longevity regulating pathway,Organismal Systems,Aging
-0.790316384,0.135020843,4.82e-09,8.74e-09,Bacteria,Proteobacteria,ko05014,Amyotrophic lateral sclerosis (ALS),Human Diseases,Neurodegenerative disease
-0.299743138,0.095182724,0.001637552,0.002176175,Bacteria,Synergistetes,ko00564,Glycerophospholipid metabolism,Metabolism,Lipid metabolism
0.087093434,0.040746971,0.032563758,0.039303219,Bacteria,Bacteroidetes,ko04066,HIF-1 signaling pathway,Environmental Information Processing,Signal transduction
-0.309769757,0.059943675,2.37e-07,3.98e-07,Bacteria,Bacteroidetes,ko00966,Glucosinolate biosynthesis,Metabolism,Biosynthesis of other secondary metabolites
0.508070274,0.076870992,3.86e-11,7.68e-11,Bacteria,Bacteroidetes,ko04141,Protein processing in endoplasmic reticulum,Genetic Information Processing,"Folding, sorting and degradation"
0.459859631,0.102381695,7.07e-06,1.09e-05,Bacteria,Bacteroidetes,ko04151,PI3K-Akt signaling pathway,Environmental Information Processing,Signal transduction
0.472059134,0.102202811,3.86e-06,6.02e-06,Bacteria,Bacteroidetes,ko04612,Antigen processing and presentation,Organismal Systems,Immune system
0.472059134,0.102202811,3.86e-06,6.02e-06,Bacteria,Bacteroidetes,ko04657,IL-17 signaling pathway,Organismal Systems,Immune system
0.472059134,0.102202811,3.86e-06,6.02e-06,Bacteria,Bacteroidetes,ko04659,Th17 cell differentiation,Organismal Systems,Immune system
0.472059134,0.102202811,3.86e-06,6.02e-06,Bacteria,Bacteroidetes,ko04914,Progesterone-mediated oocyte maturation,Organismal Systems,Endocrine system
0.472059134,0.102202811,3.86e-06,6.02e-06,Bacteria,Bacteroidetes,ko04915,Estrogen signaling pathway,Organismal Systems,Endocrine system
0.472059134,0.102202811,3.86e-06,6.02e-06,Bacteria,Bacteroidetes,ko05215,Prostate cancer,Human Diseases,Cancer: specific types
-0.313109021,0.149600901,0.036352535,0.043710142,Bacteria,Proteobacteria,ko05133,Pertussis,Human Diseases,Infectious disease: bacterial
-0.972791948,0.108813753,3.89e-19,1.02e-18,Bacteria,Actinobacteria,ko04260,Cardiac muscle contraction,Organismal Systems,Circulatory system
-1.292116506,0.138833511,1.32e-20,3.65e-20,Bacteria,Actinobacteria,ko05016,Huntington disease,Human Diseases,Neurodegenerative disease
-0.100431504,0.055683278,0.07129081,0.083373675,Bacteria,Fibrobacteres,ko00240,Pyrimidine metabolism,Metabolism,Nucleotide metabolism
0.435199299,0.061617999,1.63e-12,3.41e-12,Bacteria,Fibrobacteres,ko00250,"Alanine, aspartate and glutamate metabolism",Metabolism,Amino acid metabolism
-0.352987309,0.045634104,1.03e-14,2.34e-14,Bacteria,Spirochaetes,ko03018,RNA degradation,Genetic Information Processing,"Folding, sorting and degradation"
-0.71247598,0.066589254,1.02e-26,3.32e-26,Archaea,Euryarchaeota,ko00010,Glycolysis / Gluconeogenesis,Metabolism,Carbohydrate metabolism
-0.5403845,0.05394137,1.27e-23,3.85e-23,Archaea,Euryarchaeota,ko00020,Citrate cycle (TCA cycle),Metabolism,Carbohydrate metabolism
-0.586968811,0.061869932,2.37e-21,6.66e-21,Archaea,Euryarchaeota,ko00650,Butanoate metabolism,Metabolism,Carbohydrate metabolism
-0.665711686,0.051733351,6.8e-38,2.84e-37,Archaea,Euryarchaeota,ko00720,Carbon fixation pathways in prokaryotes,Metabolism,Energy metabolism
-1.645324239,0.073157523,5.18e-112,8.98e-111,Bacteria,Proteobacteria,ko03020,RNA polymerase,Genetic Information Processing,Transcription
0.043131735,0.059390242,0.467689944,0.497703528,Bacteria,Spirochaetes,ko05418,Fluid shear stress and atherosclerosis,Human Diseases,Cardiovascular disease
-0.315587423,0.070742834,8.16e-06,1.25e-05,Bacteria,Fibrobacteres,ko03018,RNA degradation,Genetic Information Processing,"Folding, sorting and degradation"
-0.136855419,0.077623645,0.077889771,0.09082835,Bacteria,Fusobacteria,ko00072,Synthesis and degradation of ketone bodies,Metabolism,Lipid metabolism
0.262408869,0.075075438,0.000473584,0.000661145,Bacteria,Fusobacteria,ko00310,Lysine degradation,Metabolism,Amino acid metabolism
0.325828082,0.092302443,0.000415552,0.000580981,Bacteria,Fusobacteria,ko00362,Benzoate degradation,Metabolism,Xenobiotics biodegradation and metabolism
-0.3057673,0.105475904,0.003744381,0.004880748,Bacteria,Fusobacteria,ko00380,Tryptophan metabolism,Metabolism,Amino acid metabolism
-0.037382846,0.054101585,0.489581209,0.520128894,Bacteria,Synergistetes,ko00020,Citrate cycle (TCA cycle),Metabolism,Carbohydrate metabolism
0.040755027,0.113614578,0.719809799,0.743595497,Bacteria,Synergistetes,ko00480,Glutathione metabolism,Metabolism,Metabolism of other amino acids
-0.930118055,0.125613526,1.32e-13,2.86e-13,Bacteria,Synergistetes,ko04146,Peroxisome,Cellular Processes,Transport and catabolism
-1.077392051,0.113976999,3.3e-21,9.22e-21,Archaea,Euryarchaeota,ko00970,Aminoacyl-tRNA biosynthesis,Genetic Information Processing,Translation
-0.444982567,0.051775786,8.37e-18,2.13e-17,Archaea,Euryarchaeota,ko00190,Oxidative phosphorylation,Metabolism,Energy metabolism
0.430107089,0.070603628,1.12e-09,2.12e-09,Bacteria,Bacteroidetes,ko04113,Meiosis - yeast,Cellular Processes,Cell growth and death
-1.807185437,0.107273284,1.11e-63,7.16e-63,Bacteria,Proteobacteria,ko04113,Meiosis - yeast,Cellular Processes,Cell growth and death
-0.201663668,0.055957968,0.000313548,0.000441933,Bacteria,Spirochaetes,ko00061,Fatty acid biosynthesis,Metabolism,Lipid metabolism
-0.065428473,0.051689065,0.205581544,0.2292655,Bacteria,Spirochaetes,ko00780,Biotin metabolism,Metabolism,Metabolism of cofactors and vitamins
-0.208580108,0.053755383,0.000104383,0.000150232,Bacteria,Spirochaetes,ko01212,Fatty acid metabolism,Metabolism,Global and overview maps
-0.125413195,0.05462116,0.021672728,0.026612937,Bacteria,Bacteroidetes,ko05010,Alzheimer disease,Human Diseases,Neurodegenerative disease
2.003060318,0.198239758,5.29e-24,1.62e-23,Bacteria,Bacteroidetes,ko04380,Osteoclast differentiation,Organismal Systems,Development and regeneration
2.003060318,0.198239758,5.29e-24,1.62e-23,Bacteria,Bacteroidetes,ko05323,Rheumatoid arthritis,Human Diseases,Immune disease
-1.120539296,0.073592806,2.37e-52,1.22e-51,Bacteria,Proteobacteria,ko05120,Epithelial cell signaling in Helicobacter pylori infection,Human Diseases,Infectious disease: bacterial
0.783952953,0.14972012,1.64e-07,2.79e-07,Bacteria,Tenericutes,ko00010,Glycolysis / Gluconeogenesis,Metabolism,Carbohydrate metabolism
0.475556732,0.14888732,0.001402814,0.001873366,Bacteria,Tenericutes,ko00260,"Glycine, serine and threonine metabolism",Metabolism,Amino acid metabolism
0.578423641,0.144289434,6.1e-05,8.95e-05,Bacteria,Tenericutes,ko00680,Methane metabolism,Metabolism,Energy metabolism
0.032736442,0.056806519,0.564426154,0.595991515,Bacteria,Bacteroidetes,ko00310,Lysine degradation,Metabolism,Amino acid metabolism
1.607137473,0.156770325,1.16e-24,3.64e-24,Bacteria,Fusobacteria,ko05120,Epithelial cell signaling in Helicobacter pylori infection,Human Diseases,Infectious disease: bacterial
0.275573249,0.100887517,0.006304865,0.007999585,Bacteria,Spirochaetes,ko05111,Biofilm formation - Vibrio cholerae,Cellular Processes,Cellular community - prokaryotes
1.978217681,0.100897101,1.37e-85,1.3e-84,Bacteria,Firmicutes,ko00515,Mannose type O-glycan biosynthesis,Metabolism,Glycan biosynthesis and metabolism
-0.481943411,0.143013284,0.000751898,0.00103082,Bacteria,Actinobacteria,ko00785,Lipoic acid metabolism,Metabolism,Metabolism of cofactors and vitamins
-0.584927807,0.085835034,9.46e-12,1.92e-11,Bacteria,Actinobacteria,ko00830,Retinol metabolism,Metabolism,Metabolism of cofactors and vitamins
-1.834869641,0.085029486,2.82e-103,3.86e-102,Bacteria,Proteobacteria,ko00940,Phenylpropanoid biosynthesis,Metabolism,Biosynthesis of other secondary metabolites
1.662340063,0.082059988,3.04e-91,3.19e-90,Bacteria,Spirochaetes,ko00040,Pentose and glucuronate interconversions,Metabolism,Carbohydrate metabolism
1.274874341,0.129343687,6.43e-23,1.88e-22,Bacteria,Bacteroidetes,ko05120,Epithelial cell signaling in Helicobacter pylori infection,Human Diseases,Infectious disease: bacterial
-1.565693844,0.089862863,5.51e-68,3.8e-67,Bacteria,Proteobacteria,ko00550,Peptidoglycan biosynthesis,Metabolism,Glycan biosynthesis and metabolism
-1.416309139,0.090985709,1.23e-54,6.5e-54,Bacteria,Proteobacteria,ko01502,Vancomycin resistance,Human Diseases,Drug resistance: antimicrobial
0.192011819,0.064455678,0.002892149,0.00379321,Bacteria,Synergistetes,ko00670,One carbon pool by folate,Metabolism,Metabolism of cofactors and vitamins
-0.032817551,0.071062533,0.644215938,0.675010876,Bacteria,Synergistetes,ko02010,ABC transporters,Environmental Information Processing,Membrane transport
0.611437605,0.077481529,2.99e-15,6.9e-15,Bacteria,Fusobacteria,ko00670,One carbon pool by folate,Metabolism,Metabolism of cofactors and vitamins
0.246023823,0.062631192,8.56e-05,0.000124146,Bacteria,Fusobacteria,ko00220,Arginine biosynthesis,Metabolism,Amino acid metabolism
0.293172739,0.085489855,0.000605078,0.000839799,Bacteria,Fusobacteria,ko01210,2-Oxocarboxylic acid metabolism,Metabolism,Global and overview maps
0.553826113,0.066146341,5.63e-17,1.39e-16,Bacteria,Fusobacteria,ko00261,Monobactam biosynthesis,Metabolism,Biosynthesis of other secondary metabolites
0.521568403,0.084763337,7.59e-10,1.45e-09,Bacteria,Fusobacteria,ko00300,Lysine biosynthesis,Metabolism,Amino acid metabolism
0.815190005,0.071259152,2.65e-30,9.26e-30,Bacteria,Bacteroidetes,ko04930,Type II diabetes mellitus,Human Diseases,Endocrine and metabolic disease
0.838243393,0.067755035,3.72e-35,1.46e-34,Bacteria,Bacteroidetes,ko05165,Human papillomavirus infection,Human Diseases,Infectious disease: viral
0.838243393,0.067755035,3.72e-35,1.46e-34,Bacteria,Bacteroidetes,ko05203,Viral carcinogenesis,Human Diseases,Cancer: overview
1.182936565,0.100215134,3.72e-32,1.38e-31,Bacteria,Firmicutes,ko00785,Lipoic acid metabolism,Metabolism,Metabolism of cofactors and vitamins
-0.383159071,0.053645012,9.17e-13,1.93e-12,Bacteria,Synergistetes,ko03030,DNA replication,Genetic Information Processing,Replication and repair
-0.862151476,0.114908121,6.24e-14,1.36e-13,Bacteria,Synergistetes,ko03410,Base excision repair,Genetic Information Processing,Replication and repair
-0.303230523,0.077712606,9.54e-05,0.000137751,Bacteria,Synergistetes,ko03420,Nucleotide excision repair,Genetic Information Processing,Replication and repair
-0.452447627,0.05513806,2.29e-16,5.55e-16,Bacteria,Synergistetes,ko03430,Mismatch repair,Genetic Information Processing,Replication and repair
-0.427125107,0.053015967,7.85e-16,1.86e-15,Bacteria,Synergistetes,ko03440,Homologous recombination,Genetic Information Processing,Replication and repair
0.847894862,0.145572188,5.73e-09,1.04e-08,Bacteria,Tenericutes,ko00052,Galactose metabolism,Metabolism,Carbohydrate metabolism
0.780659172,0.167907968,3.33e-06,5.24e-06,Bacteria,Tenericutes,ko03018,RNA degradation,Genetic Information Processing,"Folding, sorting and degradation"
1.079880496,0.199635365,6.33e-08,1.1e-07,Bacteria,Tenericutes,ko04152,AMPK signaling pathway,Environmental Information Processing,Signal transduction
0.962186791,0.210469723,4.84e-06,7.49e-06,Bacteria,Tenericutes,ko05230,Central carbon metabolism in cancer,Human Diseases,Cancer: overview
-1.606644843,0.064618592,1.85e-136,6.91e-135,Bacteria,Proteobacteria,ko01055,Biosynthesis of vancomycin group antibiotics,Metabolism,Metabolism of terpenoids and polyketides
0.577376285,0.141048513,4.25e-05,6.29e-05,Bacteria,Actinobacteria,ko05225,Hepatocellular carcinoma,Human Diseases,Cancer: specific types
0.017637228,0.06626064,0.790100918,0.808327495,Bacteria,Firmicutes,ko00365,Furfural degradation,Metabolism,Xenobiotics biodegradation and metabolism
-0.973160653,0.063436135,4.08e-53,2.13e-52,Archaea,Euryarchaeota,ko00280,"Valine, leucine and isoleucine degradation",Metabolism,Amino acid metabolism
-0.485652499,0.057679268,3.77e-17,9.36e-17,Archaea,Euryarchaeota,ko00630,Glyoxylate and dicarboxylate metabolism,Metabolism,Carbohydrate metabolism
-0.74855803,0.051355424,3.99e-48,1.92e-47,Archaea,Euryarchaeota,ko00640,Propanoate metabolism,Metabolism,Carbohydrate metabolism
-1.66617118,0.117963714,2.69e-45,1.22e-44,Bacteria,Proteobacteria,ko00980,Metabolism of xenobiotics by cytochrome P450,Metabolism,Xenobiotics biodegradation and metabolism
-1.680313419,0.118855542,2.23e-45,1.02e-44,Bacteria,Proteobacteria,ko00982,Drug metabolism - cytochrome P450,Metabolism,Xenobiotics biodegradation and metabolism
-1.8652355,0.101472075,1.84e-75,1.41e-74,Bacteria,Proteobacteria,ko01524,Platinum drug resistance,Human Diseases,Drug resistance: antineoplastic
-1.772489454,0.098648541,3.49e-72,2.59e-71,Bacteria,Proteobacteria,ko05200,Pathways in cancer,Human Diseases,Cancer: overview
-2.04363076,0.168529951,7.67e-34,2.95e-33,Bacteria,Proteobacteria,ko05204,Chemical carcinogenesis,Human Diseases,Cancer: overview
-1.907215951,0.152070573,4.42e-36,1.78e-35,Bacteria,Proteobacteria,ko05225,Hepatocellular carcinoma,Human Diseases,Cancer: specific types
-0.288623598,0.072431257,6.75e-05,9.86e-05,Bacteria,Spirochaetes,ko03320,PPAR signaling pathway,Organismal Systems,Endocrine system
0.02676381,0.085237791,0.753528671,0.774619971,Bacteria,Spirochaetes,ko04146,Peroxisome,Cellular Processes,Transport and catabolism
-0.323190175,0.102797863,0.001666904,0.002212098,Bacteria,Spirochaetes,ko04216,Ferroptosis,Cellular Processes,Cell growth and death
-0.323190175,0.102797863,0.001666904,0.002212098,Bacteria,Spirochaetes,ko04714,Thermogenesis,Organismal Systems,Environmental adaptation
-0.264063174,0.077904143,0.00069997,0.000967979,Bacteria,Spirochaetes,ko04920,Adipocytokine signaling pathway,Organismal Systems,Endocrine system
1.234866438,0.097485546,8.99e-37,3.66e-36,Bacteria,Firmicutes,ko00621,Dioxin degradation,Metabolism,Xenobiotics biodegradation and metabolism
0.838159437,0.085281817,8.52e-23,2.47e-22,Bacteria,Fusobacteria,ko00920,Sulfur metabolism,Metabolism,Energy metabolism
0.529844079,0.101169635,1.63e-07,2.77e-07,Bacteria,Fusobacteria,ko00340,Histidine metabolism,Metabolism,Amino acid metabolism
0.623272514,0.107897147,7.63e-09,1.37e-08,Bacteria,Bacteroidetes,ko04724,Glutamatergic synapse,Organismal Systems,Nervous system
0.637233721,0.101471759,3.39e-10,6.53e-10,Bacteria,Bacteroidetes,ko04727,GABAergic synapse,Organismal Systems,Nervous system
-0.316280577,0.057155455,3.14e-08,5.48e-08,Bacteria,Fusobacteria,ko04066,HIF-1 signaling pathway,Environmental Information Processing,Signal transduction
-0.589835512,0.057227963,6.57e-25,2.06e-24,Bacteria,Proteobacteria,ko05340,Primary immunodeficiency,Human Diseases,Immune disease
-0.305027418,0.12720503,0.01648849,0.020444441,Bacteria,Verrucomicrobia,ko00220,Arginine biosynthesis,Metabolism,Amino acid metabolism
-0.086345966,0.162003561,0.594041837,0.626223207,Bacteria,Verrucomicrobia,ko00300,Lysine biosynthesis,Metabolism,Amino acid metabolism
-0.195681438,0.068800427,0.004452459,0.005760406,Bacteria,Verrucomicrobia,ko01100,Metabolic pathways Major,Metabolism,Global and overview maps
-0.474275953,0.092805866,3.21e-07,5.36e-07,Bacteria,Verrucomicrobia,ko01110,Biosynthesis of secondary metabolites,Metabolism,Global and overview maps
-0.297697118,0.09293164,0.001358157,0.001815,Bacteria,Verrucomicrobia,ko01120,Microbial metabolism in diverse environments,Metabolism,Global and overview maps
-0.202991078,0.08125096,0.012478272,0.015563156,Bacteria,Verrucomicrobia,ko01130,Biosynthesis of antibiotics,Metabolism,Global and overview maps
-0.106373757,0.125197284,0.395520216,0.428311784,Bacteria,Verrucomicrobia,ko01230,Biosynthesis of amino acids,Metabolism,Global and overview maps
0.120622781,0.058245111,0.038363358,0.045982981,Bacteria,Candidatus Melainabacteria,ko01100,Metabolic pathways Major,Metabolism,Global and overview maps
0.046880183,0.091387347,0.607963002,0.639837442,Bacteria,Synergistetes,ko00860,Porphyrin and chlorophyll metabolism,Metabolism,Metabolism of cofactors and vitamins
-0.034077178,0.057665637,0.554557765,0.585895655,Bacteria,Spirochaetes,ko00860,Porphyrin and chlorophyll metabolism,Metabolism,Metabolism of cofactors and vitamins
-0.461643823,0.053498489,6.18e-18,1.58e-17,Bacteria,Actinobacteria,ko04152,AMPK signaling pathway,Environmental Information Processing,Signal transduction
0.179626572,0.074668639,0.016143746,0.020030009,Bacteria,Fusobacteria,ko03430,Mismatch repair,Genetic Information Processing,Replication and repair
0.914039248,0.25640993,0.000364193,0.000511049,Bacteria,Tenericutes,ko00561,Glycerolipid metabolism,Metabolism,Lipid metabolism
-1.723957864,0.103083068,8.77e-63,5.54e-62,Bacteria,Proteobacteria,ko01503,Cationic antimicrobial peptide (CAMP) resistance,Human Diseases,Drug resistance: antimicrobial
0.793954509,0.050053323,1.16e-56,6.31e-56,Bacteria,Bacteroidetes,ko05340,Primary immunodeficiency,Human Diseases,Immune disease
0.096123801,0.069532626,0.166840535,0.188151922,Bacteria,Fusobacteria,ko00860,Porphyrin and chlorophyll metabolism,Metabolism,Metabolism of cofactors and vitamins
-1.533411289,0.063276509,9.87e-130,2.9e-128,Bacteria,Proteobacteria,ko04152,AMPK signaling pathway,Environmental Information Processing,Signal transduction
0.027036914,0.076971815,0.725395305,0.748149727,Bacteria,Fusobacteria,ko04934,Cushing syndrome,Human Diseases,Endocrine and metabolic disease
0.027036914,0.076971815,0.725395305,0.748149727,Bacteria,Fusobacteria,ko05211,Renal cell carcinoma,Human Diseases,Cancer: specific types
-1.143264732,0.058492709,4.51e-85,4.26e-84,Bacteria,Proteobacteria,ko04070,Phosphatidylinositol signaling system,Environmental Information Processing,Signal transduction
0.461123198,0.065501974,1.92e-12,4.01e-12,Bacteria,Spirochaetes,ko00052,Galactose metabolism,Metabolism,Carbohydrate metabolism
-0.363064574,0.090361329,5.87e-05,8.63e-05,Bacteria,Fusobacteria,ko03020,RNA polymerase,Genetic Information Processing,Transcription
-1.418370705,0.084857732,1.02e-62,6.38e-62,Bacteria,Proteobacteria,ko04724,Glutamatergic synapse,Organismal Systems,Nervous system
-1.361807664,0.078281781,8.81e-68,6.02e-67,Bacteria,Proteobacteria,ko04727,GABAergic synapse,Organismal Systems,Nervous system
-0.734916684,0.044096088,2.31e-62,1.42e-61,Archaea,Euryarchaeota,ko00220,Arginine biosynthesis,Metabolism,Amino acid metabolism
-0.743156066,0.04987936,3.34e-50,1.67e-49,Archaea,Euryarchaeota,ko00250,"Alanine, aspartate and glutamate metabolism",Metabolism,Amino acid metabolism
-0.144769447,0.059627809,0.01518717,0.018867709,Archaea,Euryarchaeota,ko00910,Nitrogen metabolism,Metabolism,Energy metabolism
-0.083469188,0.065333567,0.201395783,0.224987035,Archaea,Euryarchaeota,ko02020,Two-component system,Environmental Information Processing,Signal transduction
0.173604005,0.090022437,0.053798852,0.063723236,Archaea,Euryarchaeota,ko04724,Glutamatergic synapse,Organismal Systems,Nervous system
0.173604005,0.090022437,0.053798852,0.063723236,Archaea,Euryarchaeota,ko04727,GABAergic synapse,Organismal Systems,Nervous system
-0.053583282,0.067776004,0.429181117,0.46031968,Bacteria,Bacteroidetes,ko00903,Limonene and pinene degradation,Metabolism,Metabolism of terpenoids and polyketides
-0.053583282,0.067776004,0.429181117,0.46031968,Bacteria,Bacteroidetes,ko00981,Insect hormone biosynthesis,Metabolism,Metabolism of terpenoids and polyketides
-0.133750221,0.081689797,0.10156904,0.117105296,Bacteria,Actinobacteria,ko05219,Bladder cancer,Human Diseases,Cancer: specific types
-1.051180279,0.060127661,1.95e-68,1.35e-67,Archaea,Euryarchaeota,ko00270,Cysteine and methionine metabolism,Metabolism,Amino acid metabolism
-0.623790035,0.061096357,1.79e-24,5.57e-24,Archaea,Euryarchaeota,ko00330,Arginine and proline metabolism,Metabolism,Amino acid metabolism
-0.852980067,0.069576517,1.49e-34,5.8e-34,Archaea,Euryarchaeota,ko00350,Tyrosine metabolism,Metabolism,Amino acid metabolism
-0.335532805,0.053275037,3.01e-10,5.83e-10,Archaea,Euryarchaeota,ko00360,Phenylalanine metabolism,Metabolism,Amino acid metabolism
-0.652887925,0.055955097,1.86e-31,6.7e-31,Archaea,Euryarchaeota,ko00400,"Phenylalanine, tyrosine and tryptophan biosynthesis",Metabolism,Amino acid metabolism
-0.675371264,0.074019474,7.22e-20,1.95e-19,Archaea,Euryarchaeota,ko00401,Novobiocin biosynthesis,Metabolism,Biosynthesis of other secondary metabolites
-0.774306847,0.071655462,3.23e-27,1.06e-26,Archaea,Euryarchaeota,ko00950,Isoquinoline alkaloid biosynthesis,Metabolism,Biosynthesis of other secondary metabolites
-0.675371264,0.074019474,7.22e-20,1.95e-19,Archaea,Euryarchaeota,ko00960,"Tropane, piperidine and pyridine alkaloid biosynthesis",Metabolism,Biosynthesis of other secondary metabolites
-0.789798319,0.043529857,1.44e-73,1.08e-72,Archaea,Euryarchaeota,ko01210,2-Oxocarboxylic acid metabolism,Metabolism,Global and overview maps
-0.298450614,0.051767632,8.16e-09,1.46e-08,Bacteria,Synergistetes,ko00270,Cysteine and methionine metabolism,Metabolism,Amino acid metabolism
1.474905697,0.17283751,1.42e-17,3.59e-17,Bacteria,Tenericutes,ko02026,Biofilm formation - Escherichia coli,Cellular Processes,Cellular community - prokaryotes
-1.107354798,0.084012514,1.13e-39,4.84e-39,Bacteria,Synergistetes,ko00500,Starch and sucrose metabolism,Metabolism,Carbohydrate metabolism
-1.359559908,0.117072027,3.54e-31,1.27e-30,Bacteria,Synergistetes,ko02026,Biofilm formation - Escherichia coli,Cellular Processes,Cellular community - prokaryotes
-0.64830692,0.077421313,5.58e-17,1.38e-16,Bacteria,Synergistetes,ko00030,Pentose phosphate pathway,Metabolism,Carbohydrate metabolism
1.078377461,0.150413842,7.53e-13,1.6e-12,Bacteria,Tenericutes,ko02010,ABC transporters,Environmental Information Processing,Membrane transport
-0.213743186,0.082347327,0.00944177,0.011884789,Bacteria,Firmicutes,ko04310,Wnt signaling pathway,Environmental Information Processing,Signal transduction
-0.207961459,0.082204206,0.011412259,0.014277697,Bacteria,Firmicutes,ko04330,Notch signaling pathway,Environmental Information Processing,Signal transduction
-0.219679774,0.082275253,0.007583794,0.009584025,Bacteria,Firmicutes,ko05220,Chronic myeloid leukemia,Human Diseases,Cancer: specific types
-0.417155458,0.051815945,8.23e-16,1.95e-15,Bacteria,Spirochaetes,ko04212,Longevity regulating pathway - worm,Organismal Systems,Aging
-0.470683703,0.061834066,2.7e-14,5.98e-14,Bacteria,Spirochaetes,ko04940,Type I diabetes mellitus,Human Diseases,Endocrine and metabolic disease
-0.403926397,0.051536038,4.59e-15,1.05e-14,Bacteria,Spirochaetes,ko05152,Tuberculosis,Human Diseases,Infectious disease: bacterial
0.548691461,0.072712383,4.49e-14,9.88e-14,Bacteria,Fusobacteria,ko00051,Fructose and mannose metabolism,Metabolism,Carbohydrate metabolism
0.194403676,0.05498579,0.000406965,0.00056981,Bacteria,Fibrobacteres,ko00220,Arginine biosynthesis,Metabolism,Amino acid metabolism
0.085861985,0.067223372,0.201509101,0.224987035,Bacteria,Fibrobacteres,ko00630,Glyoxylate and dicarboxylate metabolism,Metabolism,Carbohydrate metabolism
0.408901305,0.07617994,7.98e-08,1.37e-07,Bacteria,Fibrobacteres,ko00910,Nitrogen metabolism,Metabolism,Energy metabolism
-0.050121682,0.048912199,0.305491718,0.335004431,Bacteria,Fibrobacteres,ko01120,Microbial metabolism in diverse environments,Metabolism,Global and overview maps
-0.137049751,0.045642038,0.002675883,0.003511981,Bacteria,Fibrobacteres,ko01230,Biosynthesis of amino acids,Metabolism,Global and overview maps
0.268125454,0.062736015,1.92e-05,2.89e-05,Bacteria,Fibrobacteres,ko02020,Two-component system,Environmental Information Processing,Signal transduction
0.18691857,0.062173464,0.002643572,0.003471964,Bacteria,Fibrobacteres,ko04217,Necroptosis,Cellular Processes,Cell growth and death
0.408901305,0.07617994,7.98e-08,1.37e-07,Bacteria,Fibrobacteres,ko04724,Glutamatergic synapse,Organismal Systems,Nervous system
0.408901305,0.07617994,7.98e-08,1.37e-07,Bacteria,Fibrobacteres,ko04727,GABAergic synapse,Organismal Systems,Nervous system
-0.023294984,0.071350206,0.744055187,0.766151858,Bacteria,Fusobacteria,ko04122,Sulfur relay system,Genetic Information Processing,"Folding, sorting and degradation"
-0.033404876,0.128244257,0.794494669,0.812177186,Bacteria,Candidatus Saccharibacteria,ko03070,Bacterial secretion system,Environmental Information Processing,Membrane transport
-0.2687114,0.093690378,0.004129725,0.005361052,Bacteria,Candidatus Saccharibacteria,ko05111,Biofilm formation - Vibrio cholerae,Cellular Processes,Cellular community - prokaryotes
-1.025040453,0.0947438,2.8e-27,9.22e-27,Archaea,Euryarchaeota,ko00230,Purine metabolism,Metabolism,Nucleotide metabolism
-0.337015892,0.098237181,0.000602171,0.000836373,Archaea,Euryarchaeota,ko00730,Thiamine metabolism,Metabolism,Metabolism of cofactors and vitamins
-1.153906033,0.098616787,1.26e-31,4.58e-31,Bacteria,Deferribacteres,ko01100,Metabolic pathways Major,Metabolism,Global and overview maps
-1.25526541,0.138380001,1.18e-19,3.15e-19,Bacteria,Deferribacteres,ko01130,Biosynthesis of antibiotics,Metabolism,Global and overview maps
0.0038421,0.082742634,0.96296406,0.969061986,Bacteria,Spirochaetes,ko03420,Nucleotide excision repair,Genetic Information Processing,Replication and repair
0.178629484,0.095528088,0.061495507,0.072546798,Bacteria,Spirochaetes,ko03430,Mismatch repair,Genetic Information Processing,Replication and repair
-0.151934994,0.044425955,0.000626303,0.000868626,Bacteria,Fibrobacteres,ko01110,Biosynthesis of secondary metabolites,Metabolism,Global and overview maps
-0.132476309,0.045436779,0.003549844,0.004633506,Bacteria,Fibrobacteres,ko01130,Biosynthesis of antibiotics,Metabolism,Global and overview maps
-0.206940232,0.04975685,3.2e-05,4.75e-05,Bacteria,Fusobacteria,ko04213,Longevity regulating pathway - multiple species,Organismal Systems,Aging
-0.474880028,0.046333816,1.19e-24,3.73e-24,Bacteria,Fusobacteria,ko05134,Legionellosis,Human Diseases,Infectious disease: bacterial
0.200660774,0.061805797,0.001167787,0.001568288,Bacteria,Actinobacteria,ko00510,N-Glycan biosynthesis,Metabolism,Glycan biosynthesis and metabolism
-0.12117944,0.093946037,0.197091123,0.220700395,Bacteria,Tenericutes,ko04066,HIF-1 signaling pathway,Environmental Information Processing,Signal transduction
0.044005275,0.118897852,0.71130059,0.736001207,Bacteria,Tenericutes,ko05010,Alzheimer disease,Human Diseases,Neurodegenerative disease
-0.727756615,0.079951289,8.83e-20,2.38e-19,Bacteria,Actinobacteria,ko04934,Cushing syndrome,Human Diseases,Endocrine and metabolic disease
-0.727756615,0.079951289,8.83e-20,2.38e-19,Bacteria,Actinobacteria,ko05211,Renal cell carcinoma,Human Diseases,Cancer: specific types
0.234864871,0.104061332,0.024009009,0.029274412,Bacteria,Spirochaetes,ko04112,Cell cycle - Caulobacter,Cellular Processes,Cell growth and death
-1.79993639,0.090759,1.58e-87,1.53e-86,Bacteria,Proteobacteria,ko04216,Ferroptosis,Cellular Processes,Cell growth and death
-2.078116518,0.108144783,2.72e-82,2.47e-81,Bacteria,Proteobacteria,ko04714,Thermogenesis,Organismal Systems,Environmental adaptation
-1.805317989,0.09402468,3.67e-82,3.3e-81,Bacteria,Proteobacteria,ko04920,Adipocytokine signaling pathway,Organismal Systems,Endocrine system
-0.747208615,0.126304809,3.3e-09,6.06e-09,Bacteria,Actinobacteria,ko04022,cGMP-PKG signaling pathway,Environmental Information Processing,Signal transduction
-0.952784911,0.108124656,1.23e-18,3.19e-18,Bacteria,Actinobacteria,ko04024,cAMP signaling pathway,Environmental Information Processing,Signal transduction
-0.747208615,0.126304809,3.3e-09,6.06e-09,Bacteria,Actinobacteria,ko04261,Adrenergic signaling in cardiomyocytes,Organismal Systems,Circulatory system
-0.747208615,0.126304809,3.3e-09,6.06e-09,Bacteria,Actinobacteria,ko04911,Insulin secretion,Organismal Systems,Endocrine system
-0.323647045,0.085972427,0.000166853,0.000238165,Bacteria,Actinobacteria,ko04918,Thyroid hormone synthesis,Organismal Systems,Endocrine system
-0.923627686,0.122560712,4.84e-14,1.07e-13,Bacteria,Actinobacteria,ko04919,Thyroid hormone signaling pathway,Organismal Systems,Endocrine system
-0.747208615,0.126304809,3.3e-09,6.06e-09,Bacteria,Actinobacteria,ko04925,Aldosterone synthesis and secretion,Organismal Systems,Endocrine system
-0.747208615,0.126304809,3.3e-09,6.06e-09,Bacteria,Actinobacteria,ko04960,Aldosterone-regulated sodium reabsorption,Organismal Systems,Excretory system
-0.747208615,0.126304809,3.3e-09,6.06e-09,Bacteria,Actinobacteria,ko04961,Endocrine and other factor-regulated calcium reabsorption,Organismal Systems,Excretory system
-0.513765018,0.053207477,4.64e-22,1.32e-21,Bacteria,Actinobacteria,ko04964,Proximal tubule bicarbonate reclamation,Organismal Systems,Excretory system
-0.747208615,0.126304809,3.3e-09,6.06e-09,Bacteria,Actinobacteria,ko04970,Salivary secretion,Organismal Systems,Digestive system
-0.747208615,0.126304809,3.3e-09,6.06e-09,Bacteria,Actinobacteria,ko04971,Gastric acid secretion,Organismal Systems,Digestive system
-0.747208615,0.126304809,3.3e-09,6.06e-09,Bacteria,Actinobacteria,ko04972,Pancreatic secretion,Organismal Systems,Digestive system
-0.788241667,0.118133947,2.52e-11,5.03e-11,Bacteria,Actinobacteria,ko04976,Bile secretion,Organismal Systems,Digestive system
-0.340540965,0.065204222,1.76e-07,2.99e-07,Bacteria,Candidatus Saccharibacteria,ko03030,DNA replication,Genetic Information Processing,Replication and repair
-0.155631787,0.098015257,0.112324273,0.128804804,Bacteria,Candidatus Saccharibacteria,ko04112,Cell cycle - Caulobacter,Cellular Processes,Cell growth and death
-0.662384365,0.106516571,5.02e-10,9.62e-10,Bacteria,Fibrobacteres,ko00521,Streptomycin biosynthesis,Metabolism,Biosynthesis of other secondary metabolites
0.2053535,0.078070032,0.00852906,0.010757221,Bacteria,Spirochaetes,ko03030,DNA replication,Genetic Information Processing,Replication and repair
0.222181878,0.078996523,0.004914998,0.006333041,Bacteria,Spirochaetes,ko03440,Homologous recombination,Genetic Information Processing,Replication and repair
-1.19864726,0.106936764,3.69e-29,1.25e-28,Bacteria,Proteobacteria,ko00333,Prodigiosin biosynthesis,Metabolism,Biosynthesis of other secondary metabolites
0.388422794,0.078377288,7.2e-07,1.18e-06,Bacteria,Spirochaetes,ko00330,Arginine and proline metabolism,Metabolism,Amino acid metabolism
0.209012878,0.065647961,0.001453332,0.001935408,Bacteria,Spirochaetes,ko00260,"Glycine, serine and threonine metabolism",Metabolism,Amino acid metabolism
-0.087825853,0.084622625,0.299338454,0.328823981,Bacteria,Spirochaetes,ko00261,Monobactam biosynthesis,Metabolism,Biosynthesis of other secondary metabolites
-0.013792426,0.065439374,0.833069497,0.849098627,Bacteria,Spirochaetes,ko04066,HIF-1 signaling pathway,Environmental Information Processing,Signal transduction
0.051871022,0.087340755,0.552583996,0.584133969,Bacteria,Spirochaetes,ko05010,Alzheimer disease,Human Diseases,Neurodegenerative disease
-2.294639937,0.141265885,2.49e-59,1.41e-58,Bacteria,Proteobacteria,ko00281,Geraniol degradation,Metabolism,Metabolism of terpenoids and polyketides
-1.679047806,0.138613109,8.99e-34,3.45e-33,Bacteria,Proteobacteria,ko00622,Xylene degradation,Metabolism,Xenobiotics biodegradation and metabolism
1.936306276,0.102355265,8.18e-80,6.94e-79,Bacteria,Firmicutes,ko00514,Other types of O-glycan biosynthesis,Metabolism,Glycan biosynthesis and metabolism
-1.279119242,0.102551183,1.05e-35,4.18e-35,Bacteria,Proteobacteria,ko00633,Nitrotoluene degradation,Metabolism,Xenobiotics biodegradation and metabolism
-0.620894215,0.098739312,3.21e-10,6.2e-10,Bacteria,Proteobacteria,ko00510,N-Glycan biosynthesis,Metabolism,Glycan biosynthesis and metabolism
1.039893964,0.144922167,7.2e-13,1.54e-12,Bacteria,Spirochaetes,ko00564,Glycerophospholipid metabolism,Metabolism,Lipid metabolism
-1.051658773,0.074042028,8.71e-46,4.07e-45,Bacteria,Proteobacteria,ko00791,Atrazine degradation,Metabolism,Xenobiotics biodegradation and metabolism
0.132236218,0.071696141,0.065125159,0.07647394,Bacteria,Fusobacteria,ko00562,Inositol phosphate metabolism,Metabolism,Carbohydrate metabolism
0.990922764,0.168613833,4.18e-09,7.65e-09,Bacteria,Tenericutes,ko00230,Purine metabolism,Metabolism,Nucleotide metabolism
0.799784985,0.161307437,7.12e-07,1.17e-06,Bacteria,Tenericutes,ko00240,Pyrimidine metabolism,Metabolism,Nucleotide metabolism
0.798807123,0.197269333,5.14e-05,7.58e-05,Bacteria,Tenericutes,ko03020,RNA polymerase,Genetic Information Processing,Transcription
0.125571264,0.07470059,0.092764024,0.107538599,Bacteria,Fusobacteria,ko00040,Pentose and glucuronate interconversions,Metabolism,Carbohydrate metabolism
0.388485027,0.090081612,1.61e-05,2.43e-05,Bacteria,Spirochaetes,ko00340,Histidine metabolism,Metabolism,Amino acid metabolism
1.185215399,0.140135501,2.73e-17,6.84e-17,Bacteria,Fusobacteria,ko00633,Nitrotoluene degradation,Metabolism,Xenobiotics biodegradation and metabolism
0.837275414,0.046788232,1.29e-71,9.46e-71,Bacteria,Spirochaetes,ko00630,Glyoxylate and dicarboxylate metabolism,Metabolism,Carbohydrate metabolism
0.61975612,0.057803961,8.05e-27,2.62e-26,Bacteria,Bacteroidetes,ko00980,Metabolism of xenobiotics by cytochrome P450,Metabolism,Xenobiotics biodegradation and metabolism
-0.020570821,0.08744515,0.814020479,0.831015553,Bacteria,Fibrobacteres,ko02024,Quorum sensing,Cellular Processes,Cellular community - prokaryotes
0.690681161,0.174135152,7.3e-05,0.00010616,Bacteria,Tenericutes,ko00860,Porphyrin and chlorophyll metabolism,Metabolism,Metabolism of cofactors and vitamins
-0.001440503,0.059715569,0.980754713,0.981784377,Bacteria,Candidatus Saccharibacteria,ko00240,Pyrimidine metabolism,Metabolism,Nucleotide metabolism
-0.09245132,0.060324324,0.125381546,0.143175214,Bacteria,Candidatus Saccharibacteria,ko01100,Metabolic pathways Major,Metabolism,Global and overview maps
0.423829678,0.089861427,2.4e-06,3.83e-06,Bacteria,Spirochaetes,ko00400,"Phenylalanine, tyrosine and tryptophan biosynthesis",Metabolism,Amino acid metabolism
0.13939703,0.054509742,0.010549227,0.013252554,Bacteria,Fusobacteria,ko04922,Glucagon signaling pathway,Organismal Systems,Endocrine system
-0.050493198,0.065139054,0.438245042,0.468460367,Bacteria,Fusobacteria,ko04930,Type II diabetes mellitus,Human Diseases,Endocrine and metabolic disease
-0.050493198,0.065139054,0.438245042,0.468460367,Bacteria,Fusobacteria,ko05165,Human papillomavirus infection,Human Diseases,Infectious disease: viral
-0.050493198,0.065139054,0.438245042,0.468460367,Bacteria,Fusobacteria,ko05203,Viral carcinogenesis,Human Diseases,Cancer: overview
0.147467654,0.06584166,0.025108345,0.030556231,Bacteria,Fusobacteria,ko05230,Central carbon metabolism in cancer,Human Diseases,Cancer: overview
0.358486972,0.089920864,6.7e-05,9.79e-05,Bacteria,Bacteroidetes,ko00941,Flavonoid biosynthesis,Metabolism,Biosynthesis of other secondary metabolites
0.358486972,0.089920864,6.7e-05,9.79e-05,Bacteria,Bacteroidetes,ko00945,"Stilbenoid, diarylheptanoid and gingerol biosynthesis",Metabolism,Biosynthesis of other secondary metabolites
-0.083682315,0.126255136,0.50745657,0.538220066,Bacteria,Fusobacteria,ko05010,Alzheimer disease,Human Diseases,Neurodegenerative disease
-0.226236141,0.048297686,2.81e-06,4.44e-06,Bacteria,Synergistetes,ko00010,Glycolysis / Gluconeogenesis,Metabolism,Carbohydrate metabolism
-0.051884024,0.129637595,0.688991841,0.714080131,Bacteria,Synergistetes,ko04066,HIF-1 signaling pathway,Environmental Information Processing,Signal transduction
-0.319819169,0.110011859,0.003647574,0.004757814,Archaea,Euryarchaeota,ko00430,Taurine and hypotaurine metabolism,Metabolism,Metabolism of other amino acids
-0.255494129,0.11659965,0.028436718,0.034430997,Archaea,Euryarchaeota,ko00471,D-Glutamine and D-glutamate metabolism,Metabolism,Metabolism of other amino acids
-0.267230076,0.131188991,0.041651493,0.049861517,Archaea,Euryarchaeota,ko04964,Proximal tubule bicarbonate reclamation,Organismal Systems,Excretory system
0.089129646,0.075615957,0.238511768,0.264596825,Bacteria,Firmicutes,ko05014,Amyotrophic lateral sclerosis (ALS),Human Diseases,Neurodegenerative disease
-0.411749288,0.048693096,2.77e-17,6.92e-17,Bacteria,Firmicutes,ko05016,Huntington disease,Human Diseases,Neurodegenerative disease
0.613411789,0.107270742,1.08e-08,1.91e-08,Bacteria,Firmicutes,ko05020,Prion diseases,Human Diseases,Neurodegenerative disease
-1.23447697,0.097189264,5.78e-37,2.37e-36,Bacteria,Proteobacteria,ko05132,Salmonella infection,Human Diseases,Infectious disease: bacterial
-1.583163024,0.095868759,2.92e-61,1.74e-60,Bacteria,Proteobacteria,ko04151,PI3K-Akt signaling pathway,Environmental Information Processing,Signal transduction
-0.123055515,0.043001751,0.004214558,0.005463741,Bacteria,Synergistetes,ko00620,Pyruvate metabolism,Metabolism,Carbohydrate metabolism
-0.384206818,0.076017762,4.32e-07,7.16e-07,Bacteria,Synergistetes,ko00710,Carbon fixation in photosynthetic organisms,Metabolism,Energy metabolism
1.285375908,0.15242457,3.37e-17,8.4e-17,Bacteria,Actinobacteria,ko05133,Pertussis,Human Diseases,Infectious disease: bacterial
1.781217047,0.083815328,3.18e-100,4.21e-99,Bacteria,Bacteroidetes,ko05146,Amoebiasis,Human Diseases,Infectious disease: parasitic
-0.719690674,0.054620619,1.2e-39,5.13e-39,Bacteria,Synergistetes,ko00520,Amino sugar and nucleotide sugar metabolism,Metabolism,Carbohydrate metabolism
-0.77974932,0.101935121,2.02e-14,4.5e-14,Bacteria,Synergistetes,ko01503,Cationic antimicrobial peptide (CAMP) resistance,Human Diseases,Drug resistance: antimicrobial
0.278240209,0.18224434,0.126825015,0.144736867,Bacteria,Tenericutes,ko00040,Pentose and glucuronate interconversions,Metabolism,Carbohydrate metabolism
0.990226409,0.13837101,8.29e-13,1.75e-12,Bacteria,Bacteroidetes,ko00621,Dioxin degradation,Metabolism,Xenobiotics biodegradation and metabolism
0.383778516,0.098001769,9e-05,0.000130244,Bacteria,Fusobacteria,ko00350,Tyrosine metabolism,Metabolism,Amino acid metabolism
0.670969626,0.111447622,1.74e-09,3.27e-09,Bacteria,Fusobacteria,ko00625,Chloroalkane and chloroalkene degradation,Metabolism,Xenobiotics biodegradation and metabolism
0.670969626,0.111447622,1.74e-09,3.27e-09,Bacteria,Fusobacteria,ko00626,Naphthalene degradation,Metabolism,Xenobiotics biodegradation and metabolism
0.850031621,0.110308907,1.3e-14,2.92e-14,Bacteria,Fusobacteria,ko01220,Degradation of aromatic compounds,Metabolism,Global and overview maps
-1.983507989,0.121652151,9.13e-60,5.28e-59,Bacteria,Proteobacteria,ko03008,Ribosome biogenesis in eukaryotes,Genetic Information Processing,Translation
0.341265669,0.144996226,0.018591726,0.022918179,Bacteria,Bacteroidetes,ko04072,Phospholipase D signaling pathway,Environmental Information Processing,Signal transduction
-0.657388719,0.098632766,2.65e-11,5.29e-11,Bacteria,Actinobacteria,ko04068,FoxO signaling pathway,Environmental Information Processing,Signal transduction
0.199088063,0.10756597,0.064191687,0.075517302,Bacteria,Fibrobacteres,ko00052,Galactose metabolism,Metabolism,Carbohydrate metabolism
0.436757561,0.121336596,0.000318764,0.000448622,Bacteria,Tenericutes,ko04141,Protein processing in endoplasmic reticulum,Genetic Information Processing,"Folding, sorting and degradation"
0.72320512,0.091838021,3.41e-15,7.87e-15,Bacteria,Tenericutes,ko04217,Necroptosis,Cellular Processes,Cell growth and death
0.857235695,0.142673636,1.87e-09,3.51e-09,Bacteria,Tenericutes,ko04626,Plant-pathogen interaction,Organismal Systems,Environmental adaptation
-1.01228056,0.066602744,3.6e-52,1.86e-51,Bacteria,Proteobacteria,ko04013,MAPK signaling pathway - fly,Environmental Information Processing,Signal transduction
-1.910128343,0.12215566,4.09e-55,2.16e-54,Bacteria,Proteobacteria,ko05016,Huntington disease,Human Diseases,Neurodegenerative disease
1.617051889,0.100294569,1.76e-58,9.77e-58,Bacteria,Bacteroidetes,ko00627,Aminobenzoate degradation,Metabolism,Xenobiotics biodegradation and metabolism
-1.467935996,0.107234762,1.18e-42,5.26e-42,Bacteria,Proteobacteria,ko00830,Retinol metabolism,Metabolism,Metabolism of cofactors and vitamins
0.550488194,0.066299196,1.01e-16,2.48e-16,Bacteria,Fusobacteria,ko04910,Insulin signaling pathway,Organismal Systems,Endocrine system
-0.178921523,0.124758702,0.151532135,0.171802486,Bacteria,Synergistetes,ko04940,Type I diabetes mellitus,Human Diseases,Endocrine and metabolic disease
-0.230269875,0.107225678,0.031751471,0.03834709,Bacteria,Synergistetes,ko05134,Legionellosis,Human Diseases,Infectious disease: bacterial
-1.955702552,0.099667774,9.99e-86,9.57e-85,Bacteria,Proteobacteria,ko00966,Glucosinolate biosynthesis,Metabolism,Biosynthesis of other secondary metabolites
-0.039508787,0.093984683,0.674211712,0.699902958,Bacteria,Fusobacteria,ko00333,Prodigiosin biosynthesis,Metabolism,Biosynthesis of other secondary metabolites
0.203363008,0.099856369,0.041694636,0.049881851,Bacteria,Firmicutes,ko00906,Carotenoid biosynthesis,Metabolism,Metabolism of terpenoids and polyketides
-0.268209235,0.050080564,8.53e-08,1.46e-07,Bacteria,Synergistetes,ko00650,Butanoate metabolism,Metabolism,Carbohydrate metabolism
-1.735479258,0.084675038,2.35e-93,2.6e-92,Bacteria,Proteobacteria,ko00785,Lipoic acid metabolism,Metabolism,Metabolism of cofactors and vitamins
1.814308871,0.081231246,1.69e-110,2.87e-109,Bacteria,Firmicutes,ko00565,Ether lipid metabolism,Metabolism,Lipid metabolism
3.618399292,0.208430535,1.65e-67,1.12e-66,Bacteria,Tenericutes,ko00220,Arginine biosynthesis,Metabolism,Amino acid metabolism
1.068537599,0.189967378,1.86e-08,3.28e-08,Bacteria,Tenericutes,ko03030,DNA replication,Genetic Information Processing,Replication and repair
0.774998949,0.153962354,4.81e-07,7.95e-07,Bacteria,Tenericutes,ko03430,Mismatch repair,Genetic Information Processing,Replication and repair
1.232969743,0.193564933,1.89e-10,3.68e-10,Bacteria,Tenericutes,ko03440,Homologous recombination,Genetic Information Processing,Replication and repair
1.322234844,0.134148599,6.43e-23,1.88e-22,Bacteria,Chlamydiae,ko00020,Citrate cycle (TCA cycle),Metabolism,Carbohydrate metabolism
1.322234844,0.134148599,6.43e-23,1.88e-22,Bacteria,Chlamydiae,ko00190,Oxidative phosphorylation,Metabolism,Energy metabolism
1.322234844,0.134148599,6.43e-23,1.88e-22,Bacteria,Chlamydiae,ko00620,Pyruvate metabolism,Metabolism,Carbohydrate metabolism
1.322234844,0.134148599,6.43e-23,1.88e-22,Bacteria,Chlamydiae,ko00650,Butanoate metabolism,Metabolism,Carbohydrate metabolism
1.322234844,0.134148599,6.43e-23,1.88e-22,Bacteria,Chlamydiae,ko00720,Carbon fixation pathways in prokaryotes,Metabolism,Energy metabolism
1.322234844,0.134148599,6.43e-23,1.88e-22,Bacteria,Chlamydiae,ko01120,Microbial metabolism in diverse environments,Metabolism,Global and overview maps
1.322234844,0.134148599,6.43e-23,1.88e-22,Bacteria,Chlamydiae,ko01200,Carbon metabolism,Metabolism,Global and overview maps
1.313937118,0.134524825,1.56e-22,4.48e-22,Bacteria,Chlamydiae,ko02020,Two-component system,Environmental Information Processing,Signal transduction
-0.101024929,0.139220362,0.468054799,0.497814,Bacteria,Tenericutes,ko00562,Inositol phosphate metabolism,Metabolism,Carbohydrate metabolism
-0.24017683,0.118867861,0.043327787,0.051770732,Archaea,Euryarchaeota,ko01523,Antifolate resistance,Human Diseases,Drug resistance: antineoplastic
0.635181834,0.129431965,9.23e-07,1.51e-06,Bacteria,Fibrobacteres,ko05418,Fluid shear stress and atherosclerosis,Human Diseases,Cardiovascular disease
0.925107713,0.092740177,1.96e-23,5.87e-23,Bacteria,Bacteroidetes,ko00120,Primary bile acid biosynthesis,Metabolism,Lipid metabolism
0.925107713,0.092740177,1.96e-23,5.87e-23,Bacteria,Bacteroidetes,ko00121,Secondary bile acid biosynthesis,Metabolism,Lipid metabolism
0.148345609,0.112432141,0.18702757,0.209924412,Bacteria,Fibrobacteres,ko03440,Homologous recombination,Genetic Information Processing,Replication and repair
0.458373588,0.060326101,3e-14,6.64e-14,Bacteria,Firmicutes,ko00592,alpha-Linolenic acid metabolism,Metabolism,Lipid metabolism
-0.562881194,0.072809152,1.07e-14,2.42e-14,Bacteria,Firmicutes,ko00642,Ethylbenzene degradation,Metabolism,Xenobiotics biodegradation and metabolism
0.03058701,0.072757288,0.674194814,0.699902958,Bacteria,Lentisphaerae,ko00270,Cysteine and methionine metabolism,Metabolism,Amino acid metabolism
-0.203449919,0.075427929,0.006990936,0.008846527,Bacteria,Lentisphaerae,ko01100,Metabolic pathways Major,Metabolism,Global and overview maps
-0.283343634,0.059528825,1.94e-06,3.11e-06,Bacteria,Lentisphaerae,ko01110,Biosynthesis of secondary metabolites,Metabolism,Global and overview maps
0.047370421,0.099943746,0.635520703,0.666999439,Bacteria,Lentisphaerae,ko01120,Microbial metabolism in diverse environments,Metabolism,Global and overview maps
0.100393899,0.077930155,0.197657271,0.221074731,Bacteria,Lentisphaerae,ko01230,Biosynthesis of amino acids,Metabolism,Global and overview maps
-0.0304515,0.072189487,0.67315104,0.699563506,Bacteria,Spirochaetes,ko03060,Protein export,Genetic Information Processing,"Folding, sorting and degradation"
0.056008494,0.076956451,0.466739294,0.496969198,Bacteria,Spirochaetes,ko03070,Bacterial secretion system,Environmental Information Processing,Membrane transport
-1.547759925,0.085882894,1.32e-72,9.8e-72,Bacteria,Proteobacteria,ko03013,RNA transport,Genetic Information Processing,Translation
0.966795936,0.124232173,7.13e-15,1.63e-14,Bacteria,Candidatus Melainabacteria,ko00030,Pentose phosphate pathway,Metabolism,Carbohydrate metabolism
0.019092223,0.097853934,0.845307295,0.860192642,Bacteria,Candidatus Melainabacteria,ko00710,Carbon fixation in photosynthetic organisms,Metabolism,Energy metabolism
0.322620856,0.063569466,3.87e-07,6.44e-07,Bacteria,Candidatus Melainabacteria,ko01110,Biosynthesis of secondary metabolites,Metabolism,Global and overview maps
0.222713301,0.067022656,0.000890691,0.001204644,Bacteria,Candidatus Melainabacteria,ko01120,Microbial metabolism in diverse environments,Metabolism,Global and overview maps
0.754754772,0.078484482,6.8e-22,1.93e-21,Bacteria,Candidatus Melainabacteria,ko01130,Biosynthesis of antibiotics,Metabolism,Global and overview maps
0.246012755,0.072228755,0.000659168,0.000913541,Bacteria,Candidatus Melainabacteria,ko01200,Carbon metabolism,Metabolism,Global and overview maps
0.232219421,0.074105664,0.001726609,0.002288147,Bacteria,Candidatus Melainabacteria,ko01230,Biosynthesis of amino acids,Metabolism,Global and overview maps
-0.21915201,0.092579808,0.017924767,0.022153293,Bacteria,Synergistetes,ko00330,Arginine and proline metabolism,Metabolism,Amino acid metabolism
-0.573933608,0.057464155,1.73e-23,5.2e-23,Bacteria,Synergistetes,ko00250,"Alanine, aspartate and glutamate metabolism",Metabolism,Amino acid metabolism
-0.860342972,0.090041844,1.24e-21,3.49e-21,Bacteria,Synergistetes,ko04931,Insulin resistance,Human Diseases,Endocrine and metabolic disease
-0.043197335,0.125416346,0.730521832,0.752622978,Bacteria,Candidatus Saccharibacteria,ko00220,Arginine biosynthesis,Metabolism,Amino acid metabolism
-0.250789906,0.059315106,2.36e-05,3.53e-05,Bacteria,Candidatus Saccharibacteria,ko01110,Biosynthesis of secondary metabolites,Metabolism,Global and overview maps
-0.130158573,0.071001578,0.066776017,0.078267894,Bacteria,Candidatus Saccharibacteria,ko01130,Biosynthesis of antibiotics,Metabolism,Global and overview maps
-0.315818183,0.062398738,4.16e-07,6.91e-07,Bacteria,Candidatus Saccharibacteria,ko01230,Biosynthesis of amino acids,Metabolism,Global and overview maps
0.399552505,0.086275042,3.64e-06,5.71e-06,Bacteria,Fusobacteria,ko00430,Taurine and hypotaurine metabolism,Metabolism,Metabolism of other amino acids
0.169965419,0.091561726,0.063411763,0.074645822,Bacteria,Verrucomicrobia,ko00230,Purine metabolism,Metabolism,Nucleotide metabolism
0.311506112,0.104777877,0.002948909,0.003864996,Bacteria,Verrucomicrobia,ko00240,Pyrimidine metabolism,Metabolism,Nucleotide metabolism
0.527108109,0.134363367,8.75e-05,0.000126629,Bacteria,Verrucomicrobia,ko03030,DNA replication,Genetic Information Processing,Replication and repair
0.727295191,0.117889783,6.86e-10,1.31e-09,Bacteria,Verrucomicrobia,ko03440,Homologous recombination,Genetic Information Processing,Replication and repair
0.150104968,0.089699657,0.094245153,0.10918925,Archaea,Euryarchaeota,ko05111,Biofilm formation - Vibrio cholerae,Cellular Processes,Cellular community - prokaryotes
-1.074908124,0.08999388,6.96e-33,2.6e-32,Bacteria,Actinobacteria,ko00072,Synthesis and degradation of ketone bodies,Metabolism,Lipid metabolism
-1.321314705,0.124245435,2.05e-26,6.65e-26,Bacteria,Actinobacteria,ko00281,Geraniol degradation,Metabolism,Metabolism of terpenoids and polyketides
-1.210253161,0.126932814,1.5e-21,4.24e-21,Bacteria,Actinobacteria,ko00592,alpha-Linolenic acid metabolism,Metabolism,Lipid metabolism
-1.290958966,0.104242294,3.18e-35,1.25e-34,Bacteria,Actinobacteria,ko00642,Ethylbenzene degradation,Metabolism,Xenobiotics biodegradation and metabolism
1.137247633,0.166352056,8.12e-12,1.65e-11,Bacteria,Tenericutes,ko03410,Base excision repair,Genetic Information Processing,Replication and repair
-0.037149414,0.084257899,0.659284479,0.689662919,Bacteria,Bacteroidetes,ko00532,Glycosaminoglycan biosynthesis - chondroitin sulfate / dermatan sulfate,Metabolism,Glycan biosynthesis and metabolism
0.632352738,0.112884018,2.12e-08,3.74e-08,Bacteria,Tenericutes,ko04910,Insulin signaling pathway,Organismal Systems,Endocrine system
0.533468029,0.152924104,0.00048583,0.00067725,Bacteria,Tenericutes,ko04922,Glucagon signaling pathway,Organismal Systems,Endocrine system
0.570247031,0.099628944,1.04e-08,1.85e-08,Bacteria,Tenericutes,ko04931,Insulin resistance,Human Diseases,Endocrine and metabolic disease
3.471687801,0.207611597,9.06e-63,5.7e-62,Bacteria,Firmicutes,ko00522,"Biosynthesis of 12-, 14- and 16-membered macrolides",Metabolism,Metabolism of terpenoids and polyketides
-1.193544705,0.099030341,1.89e-33,7.14e-33,Bacteria,Proteobacteria,ko00440,Phosphonate and phosphinate metabolism,Metabolism,Metabolism of other amino acids
1.379508483,0.177697249,8.28e-15,1.88e-14,Bacteria,Tenericutes,ko00270,Cysteine and methionine metabolism,Metabolism,Amino acid metabolism
0.858212486,0.207731543,3.61e-05,5.35e-05,Bacteria,Tenericutes,ko00760,Nicotinate and nicotinamide metabolism,Metabolism,Metabolism of cofactors and vitamins
1.530516335,0.14413929,2.45e-26,7.9e-26,Bacteria,Bacteroidetes,ko00311,Penicillin and cephalosporin biosynthesis,Metabolism,Biosynthesis of other secondary metabolites
0.530323657,0.094673186,2.12e-08,3.74e-08,Bacteria,Fusobacteria,ko00627,Aminobenzoate degradation,Metabolism,Xenobiotics biodegradation and metabolism
0.175668125,0.111331536,0.114592517,0.131169226,Bacteria,Candidatus Melainabacteria,ko00051,Fructose and mannose metabolism,Metabolism,Carbohydrate metabolism
-0.076215719,0.111235815,0.49323509,0.523427555,Bacteria,Candidatus Melainabacteria,ko00520,Amino sugar and nucleotide sugar metabolism,Metabolism,Carbohydrate metabolism
0.81374949,0.060644147,4.72e-41,2.06e-40,Bacteria,Spirochaetes,ko00020,Citrate cycle (TCA cycle),Metabolism,Carbohydrate metabolism
0.177800512,0.072797116,0.014589507,0.018137021,Bacteria,Spirochaetes,ko00190,Oxidative phosphorylation,Metabolism,Energy metabolism
0.437638577,0.07391304,3.2e-09,5.94e-09,Bacteria,Spirochaetes,ko00760,Nicotinate and nicotinamide metabolism,Metabolism,Metabolism of cofactors and vitamins
1.444974509,0.200426777,5.62e-13,1.2e-12,Bacteria,Tenericutes,ko02020,Two-component system,Environmental Information Processing,Signal transduction
0.101473972,0.087521454,0.246285739,0.272903489,Bacteria,Fusobacteria,ko00130,Ubiquinone and other terpenoid-quinone biosynthesis,Metabolism,Metabolism of cofactors and vitamins
-0.058091127,0.118926472,0.625222249,0.656657235,Bacteria,Fibrobacteres,ko02025,Biofilm formation - Pseudomonas aeruginosa,Cellular Processes,Cellular community - prokaryotes
-1.076020884,0.095150364,1.19e-29,4.1e-29,Archaea,Euryarchaeota,ko00240,Pyrimidine metabolism,Metabolism,Nucleotide metabolism
-0.01313505,0.078402739,0.866950641,0.880154416,Bacteria,Spirochaetes,ko00660,C5-Branched dibasic acid metabolism,Metabolism,Carbohydrate metabolism
0.600017403,0.077501245,9.78e-15,2.22e-14,Bacteria,Tenericutes,ko00250,"Alanine, aspartate and glutamate metabolism",Metabolism,Amino acid metabolism
-0.730284864,0.089666672,3.81e-16,9.12e-16,Archaea,Euryarchaeota,ko00680,Methane metabolism,Metabolism,Energy metabolism
0.375118746,0.069802491,7.7e-08,1.33e-07,Bacteria,Spirochaetes,ko00920,Sulfur metabolism,Metabolism,Energy metabolism
-1.25950683,0.094323069,1.14e-40,4.93e-40,Bacteria,Proteobacteria,ko00361,Chlorocyclohexane and chlorobenzene degradation,Metabolism,Xenobiotics biodegradation and metabolism
-0.759201578,0.049969073,3.91e-52,2.01e-51,Archaea,Euryarchaeota,ko00260,"Glycine, serine and threonine metabolism",Metabolism,Amino acid metabolism
0.204318518,0.04146691,8.34e-07,1.36e-06,Bacteria,Spirochaetes,ko04217,Necroptosis,Cellular Processes,Cell growth and death
0.010290755,0.04943231,0.835089426,0.85024855,Bacteria,Spirochaetes,ko04910,Insulin signaling pathway,Organismal Systems,Endocrine system
-0.036587891,0.045886028,0.425239358,0.457120325,Bacteria,Spirochaetes,ko04922,Glucagon signaling pathway,Organismal Systems,Endocrine system
-0.067540008,0.047271743,0.153073029,0.173446385,Bacteria,Spirochaetes,ko04931,Insulin resistance,Human Diseases,Endocrine and metabolic disease
2.943326594,0.200173772,6.09e-49,2.98e-48,Bacteria,Firmicutes,ko00965,Betalain biosynthesis,Metabolism,Biosynthesis of other secondary metabolites
-1.64751603,0.088247104,8.79e-78,7.04e-77,Bacteria,Proteobacteria,ko00473,D-Alanine metabolism,Metabolism,Metabolism of other amino acids
0.516688579,0.085275236,1.37e-09,2.59e-09,Bacteria,Bacteroidetes,ko00944,Flavone and flavonol biosynthesis,Metabolism,Biosynthesis of other secondary metabolites
0.14381917,0.089262525,0.107137628,0.12315338,Bacteria,Spirochaetes,ko03410,Base excision repair,Genetic Information Processing,Replication and repair
-0.438102711,0.088352661,7.1e-07,1.17e-06,Bacteria,Fibrobacteres,ko00500,Starch and sucrose metabolism,Metabolism,Carbohydrate metabolism
-0.335762825,0.087567278,0.000125901,0.000180657,Bacteria,Fibrobacteres,ko02026,Biofilm formation - Escherichia coli,Cellular Processes,Cellular community - prokaryotes
-0.311241977,0.112284541,0.005572946,0.007113526,Bacteria,Fibrobacteres,ko04910,Insulin signaling pathway,Organismal Systems,Endocrine system
-0.116745449,0.107847802,0.279029577,0.307755584,Bacteria,Fibrobacteres,ko04922,Glucagon signaling pathway,Organismal Systems,Endocrine system
-0.311241977,0.112284541,0.005572946,0.007113526,Bacteria,Fibrobacteres,ko04931,Insulin resistance,Human Diseases,Endocrine and metabolic disease
1.539444568,0.08674488,1.82e-70,1.3e-69,Bacteria,Spirochaetes,ko04724,Glutamatergic synapse,Organismal Systems,Nervous system
1.396608972,0.083151571,2.61e-63,1.67e-62,Bacteria,Spirochaetes,ko04727,GABAergic synapse,Organismal Systems,Nervous system
-0.889440967,0.052324841,8.43e-65,5.55e-64,Bacteria,Fusobacteria,ko00290,"Valine, leucine and isoleucine biosynthesis",Metabolism,Amino acid metabolism
-1.386701525,0.116179954,7.7e-33,2.87e-32,Bacteria,Proteobacteria,ko00603,Glycosphingolipid biosynthesis - globo and isoglobo series,Metabolism,Glycan biosynthesis and metabolism
0.902836025,0.118073085,2.07e-14,4.6e-14,Bacteria,Fusobacteria,ko04724,Glutamatergic synapse,Organismal Systems,Nervous system
0.902836025,0.118073085,2.07e-14,4.6e-14,Bacteria,Fusobacteria,ko04727,GABAergic synapse,Organismal Systems,Nervous system
0.812675176,0.149887176,5.9e-08,1.02e-07,Bacteria,Fusobacteria,ko04964,Proximal tubule bicarbonate reclamation,Organismal Systems,Excretory system
0.085377569,0.082876666,0.302927301,0.332574763,Bacteria,Fusobacteria,ko05206,MicroRNAs in cancer,Human Diseases,Cancer: overview
1.027793978,0.137178914,6.76e-14,1.48e-13,Bacteria,Candidatus Melainabacteria,ko00010,Glycolysis / Gluconeogenesis,Metabolism,Carbohydrate metabolism
0.065899822,0.095905686,0.491999834,0.522407396,Bacteria,Candidatus Melainabacteria,ko00230,Purine metabolism,Metabolism,Nucleotide metabolism
0.235524594,0.094993145,0.01316091,0.016393112,Bacteria,Candidatus Melainabacteria,ko00620,Pyruvate metabolism,Metabolism,Carbohydrate metabolism
0.056042515,0.111398235,0.614906191,0.64643115,Bacteria,Candidatus Melainabacteria,ko00920,Sulfur metabolism,Metabolism,Energy metabolism
0.429170363,0.045049388,1.62e-21,4.57e-21,Bacteria,Spirochaetes,ko00670,One carbon pool by folate,Metabolism,Metabolism of cofactors and vitamins
0.381734573,0.095061954,5.93e-05,8.7e-05,Bacteria,Spirochaetes,ko01523,Antifolate resistance,Human Diseases,Drug resistance: antineoplastic
0.268356421,0.143523068,0.061514511,0.072546798,Bacteria,Spirochaetes,ko02025,Biofilm formation - Pseudomonas aeruginosa,Cellular Processes,Cellular community - prokaryotes
-0.343332353,0.1062865,0.001236805,0.001656311,Bacteria,Candidatus Saccharibacteria,ko05134,Legionellosis,Human Diseases,Infectious disease: bacterial
-0.303574379,0.11854282,0.010440629,0.013124772,Bacteria,Synergistetes,ko00430,Taurine and hypotaurine metabolism,Metabolism,Metabolism of other amino acids
-0.401808442,0.066404328,1.44e-09,2.72e-09,Bacteria,Synergistetes,ko00640,Propanoate metabolism,Metabolism,Carbohydrate metabolism
0.136043957,0.07820462,0.081931079,0.095301324,Bacteria,Actinobacteria,ko00633,Nitrotoluene degradation,Metabolism,Xenobiotics biodegradation and metabolism
0.192587934,0.096132809,0.045139432,0.053901626,Bacteria,Spirochaetes,ko00900,Terpenoid backbone biosynthesis,Metabolism,Metabolism of terpenoids and polyketides
-0.591389733,0.080002238,1.44e-13,3.13e-13,Bacteria,Synergistetes,ko00900,Terpenoid backbone biosynthesis,Metabolism,Metabolism of terpenoids and polyketides
0.848292187,0.083559434,3.25e-24,1e-23,Bacteria,Spirochaetes,ko00730,Thiamine metabolism,Metabolism,Metabolism of cofactors and vitamins
-1.011840272,0.089985393,2.47e-29,8.44e-29,Archaea,Euryarchaeota,ko00340,Histidine metabolism,Metabolism,Amino acid metabolism
-0.299390259,0.089590029,0.000832427,0.001128243,Bacteria,Fibrobacteres,ko00340,Histidine metabolism,Metabolism,Amino acid metabolism
0.507424203,0.149268403,0.000675319,0.000934567,Bacteria,Fusobacteria,ko00360,Phenylalanine metabolism,Metabolism,Amino acid metabolism
0.328882358,0.130011059,0.011417665,0.014277697,Bacteria,Fusobacteria,ko00401,Novobiocin biosynthesis,Metabolism,Biosynthesis of other secondary metabolites
0.328353223,0.129433064,0.011185251,0.014005433,Bacteria,Fusobacteria,ko00950,Isoquinoline alkaloid biosynthesis,Metabolism,Biosynthesis of other secondary metabolites
0.249260572,0.087170042,0.004243426,0.005497428,Bacteria,Fusobacteria,ko00960,"Tropane, piperidine and pyridine alkaloid biosynthesis",Metabolism,Biosynthesis of other secondary metabolites
0.125158129,0.052468841,0.017061484,0.021127435,Bacteria,Bacteroidetes,ko04013,MAPK signaling pathway - fly,Environmental Information Processing,Signal transduction
-0.185666629,0.056749235,0.001069019,0.001441739,Bacteria,Bacteroidetes,ko05016,Huntington disease,Human Diseases,Neurodegenerative disease
0.464843671,0.101402078,4.56e-06,7.07e-06,Bacteria,Fibrobacteres,ko00770,Pantothenate and CoA biosynthesis,Metabolism,Metabolism of cofactors and vitamins
-2.025723443,0.144551308,1.28e-44,5.79e-44,Bacteria,Proteobacteria,ko04934,Cushing syndrome,Human Diseases,Endocrine and metabolic disease
-2.010339368,0.144046091,2.88e-44,1.3e-43,Bacteria,Proteobacteria,ko05211,Renal cell carcinoma,Human Diseases,Cancer: specific types
3.232660601,0.254452201,5.59e-37,2.3e-36,Bacteria,Firmicutes,ko05143,African trypanosomiasis,Human Diseases,Infectious disease: parasitic
-0.045338376,0.128005911,0.723196718,0.746689844,Bacteria,Fibrobacteres,ko00290,"Valine, leucine and isoleucine biosynthesis",Metabolism,Amino acid metabolism
-0.268058901,0.070055026,0.000130028,0.000186299,Bacteria,Fibrobacteres,ko01210,2-Oxocarboxylic acid metabolism,Metabolism,Global and overview maps
0.610800482,0.100662916,1.3e-09,2.46e-09,Bacteria,Spirochaetes,ko04122,Sulfur relay system,Genetic Information Processing,"Folding, sorting and degradation"
1.963396731,0.133288058,4.11e-49,2.02e-48,Bacteria,Bacteroidetes,ko05110,Vibrio cholerae infection,Human Diseases,Infectious disease: bacterial
-0.252647646,0.064354113,8.64e-05,0.000125211,Bacteria,Fibrobacteres,ko00010,Glycolysis / Gluconeogenesis,Metabolism,Carbohydrate metabolism
-0.222221178,0.120346277,0.064817496,0.076206513,Bacteria,Fibrobacteres,ko00260,"Glycine, serine and threonine metabolism",Metabolism,Amino acid metabolism
0.17748217,0.070632898,0.01197973,0.014970737,Bacteria,Fibrobacteres,ko00680,Methane metabolism,Metabolism,Energy metabolism
-0.419950937,0.063600807,4.03e-11,8.02e-11,Bacteria,Fibrobacteres,ko01200,Carbon metabolism,Metabolism,Global and overview maps
0.478267709,0.151169378,0.001557307,0.002072425,Bacteria,Tenericutes,ko04122,Sulfur relay system,Genetic Information Processing,"Folding, sorting and degradation"
4.197575784,0.222875324,4e-79,3.36e-78,Bacteria,Bacteroidetes,ko00565,Ether lipid metabolism,Metabolism,Lipid metabolism
1.742974487,0.087551357,3.47e-88,3.41e-87,Bacteria,Bacteroidetes,ko00590,Arachidonic acid metabolism,Metabolism,Lipid metabolism
4.235714842,0.225789848,1.62e-78,1.32e-77,Bacteria,Bacteroidetes,ko00591,Linoleic acid metabolism,Metabolism,Lipid metabolism
4.235714842,0.225789848,1.62e-78,1.32e-77,Bacteria,Bacteroidetes,ko00592,alpha-Linolenic acid metabolism,Metabolism,Lipid metabolism
1.129854509,0.150264958,5.52e-14,1.21e-13,Bacteria,Tenericutes,ko00900,Terpenoid backbone biosynthesis,Metabolism,Metabolism of terpenoids and polyketides
1.232728488,0.275119003,7.44e-06,1.14e-05,Bacteria,Tenericutes,ko04070,Phosphatidylinositol signaling system,Environmental Information Processing,Signal transduction
0.278021689,0.135793726,0.04062055,0.048657907,Bacteria,Bacteroidetes,ko04964,Proximal tubule bicarbonate reclamation,Organismal Systems,Excretory system
0.607713111,0.116592592,1.87e-07,3.16e-07,Bacteria,Fusobacteria,ko04622,RIG-I-like receptor signaling pathway,Organismal Systems,Immune system
-0.519814977,0.14639844,0.000384228,0.000538766,Bacteria,Proteobacteria,ko00524,"Neomycin, kanamycin and gentamicin biosynthesis",Metabolism,Biosynthesis of other secondary metabolites
2.128863192,0.168686061,1.63e-36,6.61e-36,Bacteria,Fusobacteria,ko01523,Antifolate resistance,Human Diseases,Drug resistance: antineoplastic
-0.541560961,0.085949855,2.96e-10,5.74e-10,Bacteria,Fibrobacteres,ko03020,RNA polymerase,Genetic Information Processing,Transcription
1.74786574,0.11109325,8.94e-56,4.79e-55,Bacteria,Tenericutes,ko00550,Peptidoglycan biosynthesis,Metabolism,Glycan biosynthesis and metabolism
-0.190962737,0.101771131,0.060601203,0.071602536,Bacteria,Candidatus Melainabacteria,ko00240,Pyrimidine metabolism,Metabolism,Nucleotide metabolism
-0.521536827,0.074301695,2.23e-12,4.65e-12,Bacteria,Fusobacteria,ko05152,Tuberculosis,Human Diseases,Infectious disease: bacterial
-0.289723187,0.104587211,0.005602896,0.007146972,Bacteria,Candidatus Saccharibacteria,ko03018,RNA degradation,Genetic Information Processing,"Folding, sorting and degradation"
1.033788036,0.132946812,7.49e-15,1.71e-14,Bacteria,Candidatus Melainabacteria,ko00270,Cysteine and methionine metabolism,Metabolism,Amino acid metabolism
-0.753337539,0.071103374,3.14e-26,1.01e-25,Bacteria,Synergistetes,ko00260,"Glycine, serine and threonine metabolism",Metabolism,Amino acid metabolism
-0.856168047,0.094805206,1.7e-19,4.52e-19,Bacteria,Synergistetes,ko00630,Glyoxylate and dicarboxylate metabolism,Metabolism,Carbohydrate metabolism
-0.189648934,0.117039802,0.105150709,0.12101533,Bacteria,Synergistetes,ko01523,Antifolate resistance,Human Diseases,Drug resistance: antineoplastic
-0.548552703,0.071133519,1.24e-14,2.8e-14,Archaea,Euryarchaeota,ko00520,Amino sugar and nucleotide sugar metabolism,Metabolism,Carbohydrate metabolism
-0.366334882,0.149358,0.014177662,0.01763653,Bacteria,Proteobacteria,ko00532,Glycosaminoglycan biosynthesis - chondroitin sulfate / dermatan sulfate,Metabolism,Glycan biosynthesis and metabolism
-0.271081685,0.080759817,0.000788956,0.001070846,Bacteria,Synergistetes,ko00400,"Phenylalanine, tyrosine and tryptophan biosynthesis",Metabolism,Amino acid metabolism
-1.14878212,0.092088042,1.02e-35,4.1e-35,Bacteria,Actinobacteria,ko00791,Atrazine degradation,Metabolism,Xenobiotics biodegradation and metabolism
-1.264217729,0.130707857,3.96e-22,1.13e-21,Archaea,Euryarchaeota,ko03410,Base excision repair,Genetic Information Processing,Replication and repair
1.205795672,0.156514994,1.32e-14,2.95e-14,Bacteria,Fusobacteria,ko00120,Primary bile acid biosynthesis,Metabolism,Lipid metabolism
1.205795672,0.156514994,1.32e-14,2.95e-14,Bacteria,Fusobacteria,ko00121,Secondary bile acid biosynthesis,Metabolism,Lipid metabolism
0.666613569,0.188503548,0.000405705,0.000568463,Bacteria,Tenericutes,ko00620,Pyruvate metabolism,Metabolism,Carbohydrate metabolism
0.287580701,0.203438815,0.15747997,0.178228073,Bacteria,Tenericutes,ko00720,Carbon fixation pathways in prokaryotes,Metabolism,Energy metabolism
0.063885606,0.051949902,0.218789193,0.243425315,Archaea,Euryarchaeota,ko02010,ABC transporters,Environmental Information Processing,Membrane transport
-0.80469152,0.113431357,1.3e-12,2.73e-12,Archaea,Euryarchaeota,ko00760,Nicotinate and nicotinamide metabolism,Metabolism,Metabolism of cofactors and vitamins
-0.000410924,0.119963442,0.99726692,0.99726692,Bacteria,Actinobacteria,ko00364,Fluorobenzoate degradation,Metabolism,Xenobiotics biodegradation and metabolism
-0.328190071,0.118539527,0.005629547,0.007166586,Bacteria,Actinobacteria,ko00623,Toluene degradation,Metabolism,Xenobiotics biodegradation and metabolism
-1.002315979,0.125560642,1.43e-15,3.39e-15,Bacteria,Proteobacteria,ko01053,Biosynthesis of siderophore group nonribosomal peptides,Metabolism,Metabolism of terpenoids and polyketides
-1.069940926,0.126122644,2.19e-17,5.5e-17,Bacteria,Planctomycetes,ko02010,ABC transporters,Environmental Information Processing,Membrane transport
1.570494549,0.205991612,2.46e-14,5.46e-14,Bacteria,Tenericutes,ko00521,Streptomycin biosynthesis,Metabolism,Biosynthesis of other secondary metabolites
0.136179899,0.087318924,0.118861733,0.13589288,Bacteria,Fibrobacteres,ko02010,ABC transporters,Environmental Information Processing,Membrane transport
0.641172027,0.109463877,4.7e-09,8.56e-09,Bacteria,Fibrobacteres,ko02030,Bacterial chemotaxis,Cellular Processes,Cell motility
-0.987064705,0.179917827,4.11e-08,7.15e-08,Bacteria,Proteobacteria,ko04072,Phospholipase D signaling pathway,Environmental Information Processing,Signal transduction
-0.35547971,0.111315177,0.001405825,0.001876074,Bacteria,Proteobacteria,ko05231,Choline metabolism in cancer,Human Diseases,Cancer: overview
0.003278463,0.11500426,0.977257534,0.979311675,Bacteria,Fusobacteria,ko05111,Biofilm formation - Vibrio cholerae,Cellular Processes,Cellular community - prokaryotes
1.002703145,0.230678766,1.38e-05,2.08e-05,Bacteria,Tenericutes,ko00730,Thiamine metabolism,Metabolism,Metabolism of cofactors and vitamins
1.265462332,0.119254978,2.64e-26,8.5e-26,Bacteria,Spirochaetes,ko00362,Benzoate degradation,Metabolism,Xenobiotics biodegradation and metabolism
1.287003479,0.132672961,3e-22,8.6e-22,Bacteria,Fusobacteria,ko00750,Vitamin B6 metabolism,Metabolism,Metabolism of cofactors and vitamins
0.529668955,0.116914596,5.89e-06,9.08e-06,Bacteria,Fusobacteria,ko05340,Primary immunodeficiency,Human Diseases,Immune disease
0.603718526,0.130806071,3.92e-06,6.1e-06,Bacteria,Spirochaetes,ko01524,Platinum drug resistance,Human Diseases,Drug resistance: antineoplastic
0.26239622,0.108697937,0.015778702,0.019589833,Bacteria,Spirochaetes,ko04016,MAPK signaling pathway - plant,Environmental Information Processing,Signal transduction
-1.574025351,0.119068506,6.77e-40,2.9e-39,Bacteria,Proteobacteria,ko00950,Isoquinoline alkaloid biosynthesis,Metabolism,Biosynthesis of other secondary metabolites
-1.376531392,0.140907577,1.53e-22,4.41e-22,Bacteria,Proteobacteria,ko00196,Photosynthesis - antenna proteins,Metabolism,Energy metabolism
0.764639167,0.273665431,0.005204992,0.006670645,Bacteria,Tenericutes,ko00261,Monobactam biosynthesis,Metabolism,Biosynthesis of other secondary metabolites
0.501432772,0.284821877,0.078320773,0.091238677,Bacteria,Tenericutes,ko00450,Selenocompound metabolism,Metabolism,Metabolism of other amino acids
1.065171764,0.276121555,0.000114497,0.000164541,Bacteria,Tenericutes,ko00920,Sulfur metabolism,Metabolism,Energy metabolism
0.764639167,0.273665431,0.005204992,0.006670645,Bacteria,Tenericutes,ko04930,Type II diabetes mellitus,Human Diseases,Endocrine and metabolic disease
0.774420226,0.27400896,0.00470952,0.006076492,Bacteria,Tenericutes,ko05165,Human papillomavirus infection,Human Diseases,Infectious disease: viral
0.764639167,0.273665431,0.005204992,0.006670645,Bacteria,Tenericutes,ko05203,Viral carcinogenesis,Human Diseases,Cancer: overview
-1.770652012,0.124679981,8.96e-46,4.12e-45,Bacteria,Proteobacteria,ko05219,Bladder cancer,Human Diseases,Cancer: specific types
-0.287678526,0.103678133,0.005524804,0.00706153,Bacteria,Bacteroidetes,ko00633,Nitrotoluene degradation,Metabolism,Xenobiotics biodegradation and metabolism
-0.136883113,0.096907799,0.157800218,0.17841096,Bacteria,Lentisphaerae,ko05206,MicroRNAs in cancer,Human Diseases,Cancer: overview
-0.899002941,0.151987771,3.32e-09,6.09e-09,Bacteria,Proteobacteria,ko05100,Bacterial invasion of epithelial cells,Human Diseases,Infectious disease: bacterial
-0.348267113,0.124530146,0.005163559,0.006644336,Bacteria,Spirochaetes,ko00966,Glucosinolate biosynthesis,Metabolism,Biosynthesis of other secondary metabolites
-2.521238939,0.136314584,2.23e-76,1.73e-75,Bacteria,Proteobacteria,ko05110,Vibrio cholerae infection,Human Diseases,Infectious disease: bacterial
0.1111643,0.108229944,0.304367615,0.333963775,Bacteria,Fusobacteria,ko00460,Cyanoamino acid metabolism,Metabolism,Metabolism of other amino acids
0.089378275,0.083237228,0.282922349,0.311328863,Bacteria,Synergistetes,ko00190,Oxidative phosphorylation,Metabolism,Energy metabolism
0.382400281,0.115243864,0.00090605,0.001224548,Archaea,Euryarchaeota,ko05120,Epithelial cell signaling in Helicobacter pylori infection,Human Diseases,Infectious disease: bacterial
-0.547443171,0.075040483,2.98e-13,6.41e-13,Bacteria,Fibrobacteres,ko00190,Oxidative phosphorylation,Metabolism,Energy metabolism
0.134065017,0.163130895,0.411176611,0.444257109,Bacteria,Proteobacteria,ko00120,Primary bile acid biosynthesis,Metabolism,Lipid metabolism
0.134065017,0.163130895,0.411176611,0.444257109,Bacteria,Proteobacteria,ko00121,Secondary bile acid biosynthesis,Metabolism,Lipid metabolism
-0.168656345,0.086128966,0.050208449,0.059655771,Bacteria,Fibrobacteres,ko00710,Carbon fixation in photosynthetic organisms,Metabolism,Energy metabolism
-0.063888507,0.068737585,0.352653224,0.384510977,Bacteria,Spirochaetes,ko01503,Cationic antimicrobial peptide (CAMP) resistance,Human Diseases,Drug resistance: antimicrobial
0.759120999,0.105994583,7.96e-13,1.69e-12,Bacteria,Spirochaetes,ko00473,D-Alanine metabolism,Metabolism,Metabolism of other amino acids
0.201286876,0.12374631,0.103820143,0.119628406,Bacteria,Spirochaetes,ko00550,Peptidoglycan biosynthesis,Metabolism,Glycan biosynthesis and metabolism
0.880289341,0.121586988,4.49e-13,9.63e-13,Bacteria,Spirochaetes,ko01502,Vancomycin resistance,Human Diseases,Drug resistance: antimicrobial
0.742882101,0.143939151,2.46e-07,4.11e-07,Bacteria,Fusobacteria,ko05219,Bladder cancer,Human Diseases,Cancer: specific types
-0.347222803,0.094343042,0.000232843,0.000330134,Bacteria,Fibrobacteres,ko04112,Cell cycle - Caulobacter,Cellular Processes,Cell growth and death
1.365914551,0.161520627,2.75e-17,6.89e-17,Bacteria,Spirochaetes,ko05120,Epithelial cell signaling in Helicobacter pylori infection,Human Diseases,Infectious disease: bacterial
0.418365365,0.196777208,0.033496058,0.040326378,Bacteria,Tenericutes,ko00480,Glutathione metabolism,Metabolism,Metabolism of other amino acids
-1.303222982,0.11396529,2.79e-30,9.73e-30,Archaea,Euryarchaeota,ko03420,Nucleotide excision repair,Genetic Information Processing,Replication and repair
-1.009328116,0.175273689,8.48e-09,1.52e-08,Archaea,Euryarchaeota,ko00740,Riboflavin metabolism,Metabolism,Metabolism of cofactors and vitamins
-1.300960052,0.096623483,2.54e-41,1.11e-40,Bacteria,Proteobacteria,ko01054,Nonribosomal peptide structures,Metabolism,Metabolism of terpenoids and polyketides
-0.188093914,0.068384311,0.005949677,0.007558984,Bacteria,Candidatus Saccharibacteria,ko00230,Purine metabolism,Metabolism,Nucleotide metabolism
-0.247319304,0.071064577,0.00050103,0.000697929,Bacteria,Fusobacteria,ko01524,Platinum drug resistance,Human Diseases,Drug resistance: antineoplastic
-0.260807938,0.069449433,0.000173089,0.000246698,Bacteria,Fusobacteria,ko04016,MAPK signaling pathway - plant,Environmental Information Processing,Signal transduction
0.184823194,0.098003636,0.059310995,0.070165054,Bacteria,Bacteroidetes,ko04918,Thyroid hormone synthesis,Organismal Systems,Endocrine system
0.260150664,0.050029291,1.99e-07,3.37e-07,Bacteria,Firmicutes,ko00590,Arachidonic acid metabolism,Metabolism,Lipid metabolism
-0.324960242,0.099914763,0.001144451,0.001538032,Bacteria,Synergistetes,ko00471,D-Glutamine and D-glutamate metabolism,Metabolism,Metabolism of other amino acids
1.243387313,0.202283614,7.91e-10,1.51e-09,Bacteria,Tenericutes,ko00983,Drug metabolism - other enzymes,Metabolism,Xenobiotics biodegradation and metabolism
1.110918158,0.143662742,1.05e-14,2.38e-14,Bacteria,Bacteroidetes,ko04978,Mineral absorption,Organismal Systems,Digestive system
0.523591409,0.127028842,3.76e-05,5.57e-05,Bacteria,Fibrobacteres,ko03430,Mismatch repair,Genetic Information Processing,Replication and repair
-0.341777443,0.102429841,0.0008478,0.001148264,Bacteria,Fibrobacteres,ko00030,Pentose phosphate pathway,Metabolism,Carbohydrate metabolism
-0.241450181,0.096289245,0.012157108,0.015182453,Bacteria,Fibrobacteres,ko00051,Fructose and mannose metabolism,Metabolism,Carbohydrate metabolism
-0.308120503,0.063846467,1.39e-06,2.26e-06,Bacteria,Fibrobacteres,ko03010,Ribosome,Genetic Information Processing,Translation
-2.262821772,0.155965947,1.07e-47,5.12e-47,Bacteria,Proteobacteria,ko00565,Ether lipid metabolism,Metabolism,Lipid metabolism
0.235068416,0.121035046,0.052118742,0.061848439,Bacteria,Spirochaetes,ko00053,Ascorbate and aldarate metabolism,Metabolism,Carbohydrate metabolism
0.465863224,0.114887238,5.01e-05,7.41e-05,Bacteria,Spirochaetes,ko00480,Glutathione metabolism,Metabolism,Metabolism of other amino acids
-0.976915118,0.12579801,8.12e-15,1.85e-14,Archaea,Euryarchaeota,ko05418,Fluid shear stress and atherosclerosis,Human Diseases,Cardiovascular disease
-0.997331408,0.14594088,8.27e-12,1.68e-11,Bacteria,Actinobacteria,ko00906,Carotenoid biosynthesis,Metabolism,Metabolism of terpenoids and polyketides
-0.526127361,0.077605337,1.21e-11,2.44e-11,Bacteria,Synergistetes,ko00220,Arginine biosynthesis,Metabolism,Amino acid metabolism
-0.468559562,0.099854653,2.7e-06,4.27e-06,Bacteria,Synergistetes,ko00350,Tyrosine metabolism,Metabolism,Amino acid metabolism
-0.527474445,0.099416029,1.12e-07,1.92e-07,Bacteria,Synergistetes,ko00360,Phenylalanine metabolism,Metabolism,Amino acid metabolism
-0.468559562,0.099854653,2.7e-06,4.27e-06,Bacteria,Synergistetes,ko00401,Novobiocin biosynthesis,Metabolism,Biosynthesis of other secondary metabolites
-0.419285437,0.107526087,9.64e-05,0.000139008,Bacteria,Synergistetes,ko00950,Isoquinoline alkaloid biosynthesis,Metabolism,Biosynthesis of other secondary metabolites
-0.468559562,0.099854653,2.7e-06,4.27e-06,Bacteria,Synergistetes,ko00960,"Tropane, piperidine and pyridine alkaloid biosynthesis",Metabolism,Biosynthesis of other secondary metabolites
0.438151155,0.104469058,2.74e-05,4.08e-05,Bacteria,Spirochaetes,ko04930,Type II diabetes mellitus,Human Diseases,Endocrine and metabolic disease
0.091766115,0.115338275,0.426249528,0.457690231,Bacteria,Spirochaetes,ko05165,Human papillomavirus infection,Human Diseases,Infectious disease: viral
0.091766115,0.115338275,0.426249528,0.457690231,Bacteria,Spirochaetes,ko05203,Viral carcinogenesis,Human Diseases,Cancer: overview
-0.058324625,0.064514845,0.365969055,0.398346455,Bacteria,Spirochaetes,ko05230,Central carbon metabolism in cancer,Human Diseases,Cancer: overview
-0.654294605,0.092160319,1.25e-12,2.63e-12,Bacteria,Fusobacteria,ko04940,Type I diabetes mellitus,Human Diseases,Endocrine and metabolic disease
-3.864223834,0.150759205,6.75e-145,3.14e-143,Bacteria,Proteobacteria,ko00140,Steroid hormone biosynthesis,Metabolism,Lipid metabolism
1.237074896,0.123674315,1.48e-23,4.48e-23,Bacteria,Spirochaetes,ko00364,Fluorobenzoate degradation,Metabolism,Xenobiotics biodegradation and metabolism
1.237074896,0.123674315,1.48e-23,4.48e-23,Bacteria,Spirochaetes,ko00622,Xylene degradation,Metabolism,Xenobiotics biodegradation and metabolism
-1.689385882,0.098549942,7.16e-66,4.76e-65,Bacteria,Proteobacteria,ko04141,Protein processing in endoplasmic reticulum,Genetic Information Processing,"Folding, sorting and degradation"
-1.634490809,0.101071834,8e-59,4.46e-58,Bacteria,Proteobacteria,ko04612,Antigen processing and presentation,Organismal Systems,Immune system
-1.634893939,0.101053581,7.15e-59,4.02e-58,Bacteria,Proteobacteria,ko04657,IL-17 signaling pathway,Organismal Systems,Immune system
-1.634490809,0.101071834,8e-59,4.46e-58,Bacteria,Proteobacteria,ko04659,Th17 cell differentiation,Organismal Systems,Immune system
-1.630569741,0.10124224,2.33e-58,1.29e-57,Bacteria,Proteobacteria,ko04914,Progesterone-mediated oocyte maturation,Organismal Systems,Endocrine system
-1.630865573,0.100245076,1.64e-59,9.39e-59,Bacteria,Proteobacteria,ko04915,Estrogen signaling pathway,Organismal Systems,Endocrine system
-1.630865573,0.100245076,1.64e-59,9.39e-59,Bacteria,Proteobacteria,ko05215,Prostate cancer,Human Diseases,Cancer: specific types
-0.988151451,0.125788785,3.98e-15,9.15e-15,Archaea,Euryarchaeota,ko00290,"Valine, leucine and isoleucine biosynthesis",Metabolism,Amino acid metabolism
-1.30901898,0.129825444,6.57e-24,2e-23,Archaea,Euryarchaeota,ko00660,C5-Branched dibasic acid metabolism,Metabolism,Carbohydrate metabolism
-1.345814956,0.114365415,5.73e-32,2.11e-31,Archaea,Euryarchaeota,ko00770,Pantothenate and CoA biosynthesis,Metabolism,Metabolism of cofactors and vitamins
-0.475257363,0.182243753,0.009112311,0.01147766,Bacteria,Lentisphaerae,ko00040,Pentose and glucuronate interconversions,Metabolism,Carbohydrate metabolism
-2.43541728,0.145659539,9.38e-63,5.89e-62,Bacteria,Proteobacteria,ko00930,Caprolactam degradation,Metabolism,Xenobiotics biodegradation and metabolism
-0.4673033,0.085545054,4.69e-08,8.15e-08,Bacteria,Fibrobacteres,ko03060,Protein export,Genetic Information Processing,"Folding, sorting and degradation"
-0.480067097,0.08569517,2.12e-08,3.73e-08,Bacteria,Fibrobacteres,ko03070,Bacterial secretion system,Environmental Information Processing,Membrane transport
1.894434033,0.198492799,1.37e-21,3.87e-21,Bacteria,Tenericutes,ko00511,Other glycan degradation,Metabolism,Glycan biosynthesis and metabolism
1.840783757,0.180912511,2.56e-24,7.93e-24,Bacteria,Tenericutes,ko00600,Sphingolipid metabolism,Metabolism,Lipid metabolism
2.89088503,0.338599215,1.37e-17,3.46e-17,Bacteria,Tenericutes,ko02060,Phosphotransferase system (PTS),Environmental Information Processing,Membrane transport
2.647499852,0.621679698,2.06e-05,3.09e-05,Bacteria,Tenericutes,ko05111,Biofilm formation - Vibrio cholerae,Cellular Processes,Cellular community - prokaryotes
0.801513061,0.16282981,8.55e-07,1.4e-06,Bacteria,Fusobacteria,ko00531,Glycosaminoglycan degradation,Metabolism,Glycan biosynthesis and metabolism
0.638567586,0.225146463,0.004564928,0.005901911,Bacteria,Fusobacteria,ko04142,Lysosome,Cellular Processes,Transport and catabolism
-1.003416621,0.126361157,2.01e-15,4.68e-15,Bacteria,Actinobacteria,ko00333,Prodigiosin biosynthesis,Metabolism,Biosynthesis of other secondary metabolites
-0.506214911,0.104698639,1.33e-06,2.16e-06,Bacteria,Fusobacteria,ko03320,PPAR signaling pathway,Organismal Systems,Endocrine system
-0.086663063,0.166340607,0.602368416,0.634650038,Bacteria,Tenericutes,ko00190,Oxidative phosphorylation,Metabolism,Energy metabolism
-0.187307964,0.168572008,0.266505888,0.294282993,Bacteria,Tenericutes,ko00195,Photosynthesis,Metabolism,Energy metabolism
0.829825249,0.216823548,0.000129614,0.000185845,Bacteria,Tenericutes,ko05120,Epithelial cell signaling in Helicobacter pylori infection,Human Diseases,Infectious disease: bacterial
-0.05542048,0.108475919,0.60942022,0.641017297,Bacteria,Spirochaetes,ko04068,FoxO signaling pathway,Environmental Information Processing,Signal transduction
-0.045935086,0.08226752,0.57659697,0.608169482,Bacteria,Spirochaetes,ko04151,PI3K-Akt signaling pathway,Environmental Information Processing,Signal transduction
-0.272571925,0.065260834,2.96e-05,4.4e-05,Bacteria,Spirochaetes,ko04152,AMPK signaling pathway,Environmental Information Processing,Signal transduction
-0.102402243,0.111801569,0.359704399,0.391975023,Bacteria,Spirochaetes,ko04964,Proximal tubule bicarbonate reclamation,Organismal Systems,Excretory system
0.47217932,0.122894363,0.000121958,0.000175131,Bacteria,Spirochaetes,ko00740,Riboflavin metabolism,Metabolism,Metabolism of cofactors and vitamins
0.702544486,0.128440374,4.51e-08,7.84e-08,Bacteria,Spirochaetes,ko00790,Folate biosynthesis,Metabolism,Metabolism of cofactors and vitamins
-0.385413087,0.119469804,0.001255205,0.001679773,Bacteria,Firmicutes,ko04011,MAPK signaling pathway - yeast,Environmental Information Processing,Signal transduction
-0.234728329,0.079264722,0.00306322,0.004009307,Bacteria,Firmicutes,ko04211,Longevity regulating pathway,Organismal Systems,Aging
-0.217042624,0.060369872,0.000324125,0.00045583,Bacteria,Candidatus Saccharibacteria,ko03440,Homologous recombination,Genetic Information Processing,Replication and repair
-0.294657539,0.094164132,0.001752884,0.002321354,Bacteria,Candidatus Saccharibacteria,ko03020,RNA polymerase,Genetic Information Processing,Transcription
0.325901165,0.105405967,0.001989024,0.002626779,Bacteria,Fusobacteria,ko00524,"Neomycin, kanamycin and gentamicin biosynthesis",Metabolism,Biosynthesis of other secondary metabolites
0.655917562,0.177925456,0.000227383,0.000322633,Bacteria,Lentisphaerae,ko00640,Propanoate metabolism,Metabolism,Carbohydrate metabolism
0.496875364,0.150375822,0.000952398,0.001286277,Bacteria,Spirochaetes,ko03013,RNA transport,Genetic Information Processing,Translation
-0.903828005,0.055569607,1.75e-59,9.99e-59,Archaea,Euryarchaeota,ko00300,Lysine biosynthesis,Metabolism,Amino acid metabolism
-0.411004044,0.089870522,4.8e-06,7.43e-06,Bacteria,Synergistetes,ko00052,Galactose metabolism,Metabolism,Carbohydrate metabolism
4.518334137,0.180351029,1.62e-138,6.57e-137,Bacteria,Firmicutes,ko00591,Linoleic acid metabolism,Metabolism,Lipid metabolism
-0.836247874,0.093123555,2.71e-19,7.15e-19,Bacteria,Synergistetes,ko00300,Lysine biosynthesis,Metabolism,Amino acid metabolism
-0.555552057,0.073287225,3.44e-14,7.6e-14,Bacteria,Synergistetes,ko00550,Peptidoglycan biosynthesis,Metabolism,Glycan biosynthesis and metabolism
-0.215815656,0.079130777,0.006384936,0.008095793,Bacteria,Candidatus Saccharibacteria,ko03420,Nucleotide excision repair,Genetic Information Processing,Replication and repair
-1.024790838,0.103723697,5.08e-23,1.51e-22,Archaea,Euryarchaeota,ko00983,Drug metabolism - other enzymes,Metabolism,Xenobiotics biodegradation and metabolism
-0.890616555,0.120414578,1.4e-13,3.04e-13,Bacteria,Synergistetes,ko00280,"Valine, leucine and isoleucine degradation",Metabolism,Amino acid metabolism
-0.587375042,0.126899791,3.68e-06,5.78e-06,Bacteria,Fusobacteria,ko04146,Peroxisome,Cellular Processes,Transport and catabolism
-0.589398544,0.127659227,3.89e-06,6.06e-06,Bacteria,Fusobacteria,ko04216,Ferroptosis,Cellular Processes,Cell growth and death
-0.589398544,0.127659227,3.89e-06,6.06e-06,Bacteria,Fusobacteria,ko04714,Thermogenesis,Organismal Systems,Environmental adaptation
-0.589398544,0.127659227,3.89e-06,6.06e-06,Bacteria,Fusobacteria,ko04920,Adipocytokine signaling pathway,Organismal Systems,Endocrine system
0.258672822,0.092156729,0.005002397,0.006441304,Bacteria,Fibrobacteres,ko00760,Nicotinate and nicotinamide metabolism,Metabolism,Metabolism of cofactors and vitamins
-0.351033734,0.093513362,0.000174149,0.000248023,Archaea,Euryarchaeota,ko02024,Quorum sensing,Cellular Processes,Cellular community - prokaryotes
1.300105217,0.181202845,7.24e-13,1.54e-12,Bacteria,Tenericutes,ko01501,beta-Lactam resistance,Human Diseases,Drug resistance: antimicrobial
-0.683141858,0.135704893,4.8e-07,7.94e-07,Bacteria,Fusobacteria,ko00643,Styrene degradation,Metabolism,Xenobiotics biodegradation and metabolism
-1.329728393,0.172082391,1.1e-14,2.48e-14,Archaea,Euryarchaeota,ko03060,Protein export,Genetic Information Processing,"Folding, sorting and degradation"
-1.362443791,0.165578555,1.9e-16,4.61e-16,Archaea,Euryarchaeota,ko03070,Bacterial secretion system,Environmental Information Processing,Membrane transport
0.271639437,0.098434407,0.005787245,0.007357517,Bacteria,Bacteroidetes,ko01059,Biosynthesis of enediyne antibiotics,Metabolism,Metabolism of terpenoids and polyketides
-0.126988232,0.093098874,0.17256294,0.194260642,Bacteria,Lentisphaerae,ko00521,Streptomycin biosynthesis,Metabolism,Biosynthesis of other secondary metabolites
-0.259414892,0.061640598,2.57e-05,3.84e-05,Bacteria,Lentisphaerae,ko01130,Biosynthesis of antibiotics,Metabolism,Global and overview maps
-0.277393293,0.107603264,0.009939517,0.012503073,Bacteria,Fibrobacteres,ko00400,"Phenylalanine, tyrosine and tryptophan biosynthesis",Metabolism,Amino acid metabolism
-0.153206373,0.103036258,0.137036708,0.155831248,Bacteria,Verrucomicrobia,ko00250,"Alanine, aspartate and glutamate metabolism",Metabolism,Amino acid metabolism
0.208141165,0.121030628,0.085479784,0.099214819,Bacteria,Candidatus Melainabacteria,ko00970,Aminoacyl-tRNA biosynthesis,Genetic Information Processing,Translation
-1.480842646,0.073361399,1.31e-90,1.37e-89,Bacteria,Proteobacteria,ko01052,Type I polyketide structures,Metabolism,Metabolism of terpenoids and polyketides
0.060899857,0.190823382,0.749618432,0.771463762,Bacteria,Fusobacteria,ko04070,Phosphatidylinositol signaling system,Environmental Information Processing,Signal transduction
0.211720423,0.134852494,0.116411648,0.133171573,Bacteria,Bacteroidetes,ko05132,Salmonella infection,Human Diseases,Infectious disease: bacterial
-2.529426723,0.153353521,4.05e-61,2.39e-60,Bacteria,Proteobacteria,ko01040,Biosynthesis of unsaturated fatty acids,Metabolism,Lipid metabolism
-0.171958358,0.076073903,0.023795696,0.029051468,Bacteria,Fibrobacteres,ko00270,Cysteine and methionine metabolism,Metabolism,Amino acid metabolism
-0.016088347,0.111451174,0.885221474,0.897934761,Bacteria,Fibrobacteres,ko00280,"Valine, leucine and isoleucine degradation",Metabolism,Amino acid metabolism
0.326754136,0.240457468,0.174182916,0.195853078,Bacteria,Fusobacteria,ko04072,Phospholipase D signaling pathway,Environmental Information Processing,Signal transduction
0.326754136,0.240457468,0.174182916,0.195853078,Bacteria,Fusobacteria,ko05231,Choline metabolism in cancer,Human Diseases,Cancer: overview
-1.427806856,0.113829316,4.32e-36,1.74e-35,Bacteria,Proteobacteria,ko05205,Proteoglycans in cancer,Human Diseases,Cancer: overview
-0.389527004,0.083010218,2.7e-06,4.27e-06,Bacteria,Fibrobacteres,ko03420,Nucleotide excision repair,Genetic Information Processing,Replication and repair
-1.215999102,0.156078323,6.65e-15,1.52e-14,Bacteria,Actinobacteria,ko01053,Biosynthesis of siderophore group nonribosomal peptides,Metabolism,Metabolism of terpenoids and polyketides
-0.041726385,0.095770721,0.66306136,0.690206339,Bacteria,Candidatus Abyssubacteria,ko00030,Pentose phosphate pathway,Metabolism,Carbohydrate metabolism
-0.041726385,0.095770721,0.66306136,0.690206339,Bacteria,Candidatus Abyssubacteria,ko00710,Carbon fixation in photosynthetic organisms,Metabolism,Energy metabolism
-0.041726385,0.095770721,0.66306136,0.690206339,Bacteria,Candidatus Abyssubacteria,ko01051,Biosynthesis of ansamycins,Metabolism,Metabolism of terpenoids and polyketides
-0.041726385,0.095770721,0.66306136,0.690206339,Bacteria,Candidatus Abyssubacteria,ko01100,Metabolic pathways Major,Metabolism,Global and overview maps
-0.041726385,0.095770721,0.66306136,0.690206339,Bacteria,Candidatus Abyssubacteria,ko01110,Biosynthesis of secondary metabolites,Metabolism,Global and overview maps
-0.041726385,0.095770721,0.66306136,0.690206339,Bacteria,Candidatus Abyssubacteria,ko01120,Microbial metabolism in diverse environments,Metabolism,Global and overview maps
-0.041726385,0.095770721,0.66306136,0.690206339,Bacteria,Candidatus Abyssubacteria,ko01130,Biosynthesis of antibiotics,Metabolism,Global and overview maps
-0.041726385,0.095770721,0.66306136,0.690206339,Bacteria,Candidatus Abyssubacteria,ko01200,Carbon metabolism,Metabolism,Global and overview maps
-0.041726385,0.095770721,0.66306136,0.690206339,Bacteria,Candidatus Abyssubacteria,ko01230,Biosynthesis of amino acids,Metabolism,Global and overview maps
-0.617044787,0.131267034,2.59e-06,4.12e-06,Archaea,Euryarchaeota,ko00564,Glycerophospholipid metabolism,Metabolism,Lipid metabolism
-2.19619169,0.117695752,1.05e-77,8.37e-77,Bacteria,Proteobacteria,ko04614,Renin-angiotensin system,Organismal Systems,Endocrine system
0.018093133,0.129632313,0.888997604,0.901285716,Bacteria,Tenericutes,ko04213,Longevity regulating pathway - multiple species,Organismal Systems,Aging
0.832658623,0.187384889,8.85e-06,1.35e-05,Bacteria,Fusobacteria,ko02030,Bacterial chemotaxis,Cellular Processes,Cell motility
-0.043847121,0.11935487,0.713344778,0.737716102,Bacteria,Spirochaetes,ko00521,Streptomycin biosynthesis,Metabolism,Biosynthesis of other secondary metabolites
-0.361359676,0.074408809,1.2e-06,1.94e-06,Archaea,Euryarchaeota,ko00633,Nitrotoluene degradation,Metabolism,Xenobiotics biodegradation and metabolism
0.784647602,0.134482481,5.39e-09,9.78e-09,Bacteria,Spirochaetes,ko00561,Glycerolipid metabolism,Metabolism,Lipid metabolism
0.635121093,0.144942635,1.18e-05,1.78e-05,Bacteria,Fusobacteria,ko02025,Biofilm formation - Pseudomonas aeruginosa,Cellular Processes,Cellular community - prokaryotes
-0.23008086,0.128454087,0.073268824,0.08561498,Bacteria,Fibrobacteres,ko00350,Tyrosine metabolism,Metabolism,Amino acid metabolism
-0.149223439,0.105380534,0.156762717,0.177521676,Bacteria,Fibrobacteres,ko00360,Phenylalanine metabolism,Metabolism,Amino acid metabolism
-0.123529266,0.126128116,0.327384767,0.357983229,Bacteria,Fibrobacteres,ko00401,Novobiocin biosynthesis,Metabolism,Biosynthesis of other secondary metabolites
-0.286549442,0.129758628,0.027221508,0.033022529,Bacteria,Fibrobacteres,ko00960,"Tropane, piperidine and pyridine alkaloid biosynthesis",Metabolism,Biosynthesis of other secondary metabolites
-2.319949772,0.148818277,8.63e-55,4.56e-54,Bacteria,Proteobacteria,ko00903,Limonene and pinene degradation,Metabolism,Metabolism of terpenoids and polyketides
-1.793204239,0.15505415,6.2e-31,2.22e-30,Bacteria,Proteobacteria,ko00981,Insect hormone biosynthesis,Metabolism,Metabolism of terpenoids and polyketides
-0.528219351,0.079369419,2.83e-11,5.65e-11,Bacteria,Synergistetes,ko04112,Cell cycle - Caulobacter,Cellular Processes,Cell growth and death
0.193157977,0.09269511,0.037178456,0.044675057,Bacteria,Fusobacteria,ko05146,Amoebiasis,Human Diseases,Infectious disease: parasitic
-1.276651614,0.139564479,5.83e-20,1.58e-19,Archaea,Euryarchaeota,ko00521,Streptomycin biosynthesis,Metabolism,Biosynthesis of other secondary metabolites
-0.020239697,0.116334976,0.861882949,0.876125151,Bacteria,Spirochaetes,ko04141,Protein processing in endoplasmic reticulum,Genetic Information Processing,"Folding, sorting and degradation"
0.003360782,0.115524771,0.976791662,0.979311675,Bacteria,Spirochaetes,ko04612,Antigen processing and presentation,Organismal Systems,Immune system
0.003360782,0.115524771,0.976791662,0.979311675,Bacteria,Spirochaetes,ko04657,IL-17 signaling pathway,Organismal Systems,Immune system
0.003360782,0.115524771,0.976791662,0.979311675,Bacteria,Spirochaetes,ko04659,Th17 cell differentiation,Organismal Systems,Immune system
0.003360782,0.115524771,0.976791662,0.979311675,Bacteria,Spirochaetes,ko04914,Progesterone-mediated oocyte maturation,Organismal Systems,Endocrine system
0.003360782,0.115524771,0.976791662,0.979311675,Bacteria,Spirochaetes,ko04915,Estrogen signaling pathway,Organismal Systems,Endocrine system
0.003360782,0.115524771,0.976791662,0.979311675,Bacteria,Spirochaetes,ko05200,Pathways in cancer,Human Diseases,Cancer: overview
0.003360782,0.115524771,0.976791662,0.979311675,Bacteria,Spirochaetes,ko05215,Prostate cancer,Human Diseases,Cancer: specific types
-0.092420885,0.104623238,0.377037141,0.409225856,Bacteria,Fusobacteria,ko04152,AMPK signaling pathway,Environmental Information Processing,Signal transduction
0.296055044,0.152228214,0.051797777,0.061505829,Bacteria,Candidatus Saccharibacteria,ko01503,Cationic antimicrobial peptide (CAMP) resistance,Human Diseases,Drug resistance: antimicrobial
-0.096862864,0.116819722,0.407010858,0.44025508,Bacteria,Candidatus Saccharibacteria,ko02020,Two-component system,Environmental Information Processing,Signal transduction
0.108535126,0.123136373,0.378089376,0.410015884,Bacteria,Verrucomicrobia,ko00910,Nitrogen metabolism,Metabolism,Energy metabolism
0.272086906,0.084503285,0.00128263,0.00171527,Bacteria,Spirochaetes,ko00460,Cyanoamino acid metabolism,Metabolism,Metabolism of other amino acids
-0.396618852,0.112827904,0.000439332,0.000613777,Bacteria,Candidatus Saccharibacteria,ko03410,Base excision repair,Genetic Information Processing,Replication and repair
-0.421535741,0.066511964,2.33e-10,4.53e-10,Bacteria,Candidatus Saccharibacteria,ko03430,Mismatch repair,Genetic Information Processing,Replication and repair
1.234269532,0.195940358,2.99e-10,5.79e-10,Bacteria,Tenericutes,ko00330,Arginine and proline metabolism,Metabolism,Amino acid metabolism
1.428754331,0.205248415,3.38e-12,6.99e-12,Bacteria,Tenericutes,ko00360,Phenylalanine metabolism,Metabolism,Amino acid metabolism
-0.611026443,0.101301551,1.62e-09,3.06e-09,Archaea,Euryarchaeota,ko00450,Selenocompound metabolism,Metabolism,Metabolism of other amino acids
-1.68383006,0.129786506,1.72e-38,7.23e-38,Bacteria,Synergistetes,ko00071,Fatty acid degradation,Metabolism,Lipid metabolism
-1.671161104,0.154322056,2.51e-27,8.29e-27,Bacteria,Proteobacteria,ko00513,Various types of N-glycan biosynthesis,Metabolism,Glycan biosynthesis and metabolism
-1.702007362,0.154898273,4.37e-28,1.46e-27,Bacteria,Proteobacteria,ko00604,Glycosphingolipid biosynthesis - ganglio series,Metabolism,Glycan biosynthesis and metabolism
-0.791825924,0.128823575,7.92e-10,1.51e-09,Bacteria,Synergistetes,ko00261,Monobactam biosynthesis,Metabolism,Biosynthesis of other secondary metabolites
-0.099460267,0.077203831,0.197647993,0.221074731,Bacteria,Firmicutes,ko00140,Steroid hormone biosynthesis,Metabolism,Lipid metabolism
-0.917867858,0.12726405,5.5e-13,1.18e-12,Archaea,Euryarchaeota,ko00790,Folate biosynthesis,Metabolism,Metabolism of cofactors and vitamins
0.965635376,0.206732674,3e-06,4.73e-06,Bacteria,Tenericutes,ko00630,Glyoxylate and dicarboxylate metabolism,Metabolism,Carbohydrate metabolism
0.289924588,0.169703034,0.087557859,0.101564986,Bacteria,Tenericutes,ko00670,One carbon pool by folate,Metabolism,Metabolism of cofactors and vitamins
0.164459327,0.218158765,0.450938356,0.481059312,Bacteria,Tenericutes,ko01523,Antifolate resistance,Human Diseases,Drug resistance: antineoplastic
-2.344520386,0.158220035,1.12e-49,5.56e-49,Bacteria,Proteobacteria,ko01057,Biosynthesis of type II polyketide products,Metabolism,Metabolism of terpenoids and polyketides
-0.349626318,0.074337091,2.56e-06,4.07e-06,Bacteria,Candidatus Saccharibacteria,ko00010,Glycolysis / Gluconeogenesis,Metabolism,Carbohydrate metabolism
0.223986597,0.119701243,0.061315476,0.072401618,Bacteria,Candidatus Saccharibacteria,ko00260,"Glycine, serine and threonine metabolism",Metabolism,Amino acid metabolism
-0.055894295,0.108630375,0.606876931,0.639047105,Bacteria,Candidatus Saccharibacteria,ko00680,Methane metabolism,Metabolism,Energy metabolism
-0.223441658,0.073978012,0.002524583,0.003322553,Bacteria,Candidatus Saccharibacteria,ko01120,Microbial metabolism in diverse environments,Metabolism,Global and overview maps
-0.331028912,0.072631714,5.17e-06,7.99e-06,Bacteria,Candidatus Saccharibacteria,ko01200,Carbon metabolism,Metabolism,Global and overview maps
-1.863897833,0.155194589,3.15e-33,1.18e-32,Archaea,Euryarchaeota,ko04112,Cell cycle - Caulobacter,Cellular Processes,Cell growth and death
-2.175843421,0.175155633,1.98e-35,7.85e-35,Bacteria,Proteobacteria,ko00624,Polycyclic aromatic hydrocarbon degradation,Metabolism,Xenobiotics biodegradation and metabolism
-2.593065731,0.173642095,2e-50,1.01e-49,Bacteria,Proteobacteria,ko00965,Betalain biosynthesis,Metabolism,Biosynthesis of other secondary metabolites
-0.621099851,0.09028717,6.02e-12,1.23e-11,Bacteria,Fibrobacteres,ko00550,Peptidoglycan biosynthesis,Metabolism,Glycan biosynthesis and metabolism
0.763706507,0.17951033,2.1e-05,3.14e-05,Bacteria,Fusobacteria,ko00908,Zeatin biosynthesis,Metabolism,Metabolism of terpenoids and polyketides
-1.022023742,0.074734062,1.42e-42,6.32e-42,Archaea,Euryarchaeota,ko03430,Mismatch repair,Genetic Information Processing,Replication and repair
-1.943793026,0.108758271,1.93e-71,1.41e-70,Bacteria,Proteobacteria,ko00472,D-Arginine and D-ornithine metabolism,Metabolism,Metabolism of other amino acids
-0.639760768,0.136651392,2.85e-06,4.49e-06,Bacteria,Candidatus Saccharibacteria,ko00450,Selenocompound metabolism,Metabolism,Metabolism of other amino acids
-0.579102036,0.073955138,4.86e-15,1.11e-14,Bacteria,Candidatus Saccharibacteria,ko00970,Aminoacyl-tRNA biosynthesis,Genetic Information Processing,Translation
-1.491595893,0.178327259,6.04e-17,1.49e-16,Bacteria,Proteobacteria,ko00364,Fluorobenzoate degradation,Metabolism,Xenobiotics biodegradation and metabolism
-0.382689893,0.18419024,0.037738084,0.045261966,Bacteria,Fusobacteria,ko00311,Penicillin and cephalosporin biosynthesis,Metabolism,Biosynthesis of other secondary metabolites
0.244610799,0.109084902,0.024936234,0.03037366,Bacteria,Verrucomicrobia,ko00052,Galactose metabolism,Metabolism,Carbohydrate metabolism
-0.600308098,0.057682243,2.3e-25,7.31e-25,Bacteria,Firmicutes,ko04013,MAPK signaling pathway - fly,Environmental Information Processing,Signal transduction
1.567866411,0.157218293,2.01e-23,6.03e-23,Bacteria,Bacteroidetes,ko00601,Glycosphingolipid biosynthesis - lacto and neolacto series,Metabolism,Glycan biosynthesis and metabolism
-1.583081541,0.111749787,1.48e-45,6.79e-45,Bacteria,Proteobacteria,ko00908,Zeatin biosynthesis,Metabolism,Metabolism of terpenoids and polyketides
0.627246447,0.160653713,9.45e-05,0.0001365,Bacteria,Candidatus Saccharibacteria,ko02024,Quorum sensing,Cellular Processes,Cellular community - prokaryotes
-0.67928453,0.146188655,3.37e-06,5.3e-06,Archaea,Euryarchaeota,ko04066,HIF-1 signaling pathway,Environmental Information Processing,Signal transduction
-3.972111021,0.144059562,2.37e-167,2.05e-165,Bacteria,Proteobacteria,ko04924,Renin secretion,Organismal Systems,Endocrine system
-2.973050841,0.179226231,8.47e-62,5.15e-61,Bacteria,Proteobacteria,ko05142,Chagas disease (American trypanosomiasis),Human Diseases,Infectious disease: parasitic
-3.972111021,0.144059562,2.37e-167,2.05e-165,Bacteria,Proteobacteria,ko05410,Hypertrophic cardiomyopathy (HCM),Human Diseases,Cardiovascular disease
0.398279506,0.138076455,0.00392054,0.005099912,Bacteria,Fusobacteria,ko05132,Salmonella infection,Human Diseases,Infectious disease: bacterial
-1.140186466,0.123242257,2.21e-20,6.08e-20,Bacteria,Lentisphaerae,ko05134,Legionellosis,Human Diseases,Infectious disease: bacterial
-0.102573754,0.129852205,0.429570443,0.460478265,Bacteria,Verrucomicrobia,ko00520,Amino sugar and nucleotide sugar metabolism,Metabolism,Carbohydrate metabolism
-0.413085851,0.114962365,0.000326608,0.000458984,Bacteria,Synergistetes,ko02020,Two-component system,Environmental Information Processing,Signal transduction
-0.207653575,0.103801935,0.045448583,0.054236826,Bacteria,Fibrobacteres,ko00520,Amino sugar and nucleotide sugar metabolism,Metabolism,Carbohydrate metabolism
0.758843466,0.118585788,1.56e-10,3.05e-10,Bacteria,Fibrobacteres,ko01503,Cationic antimicrobial peptide (CAMP) resistance,Human Diseases,Drug resistance: antimicrobial
-0.105678688,0.119922226,0.378195039,0.410015884,Bacteria,Candidatus Melainabacteria,ko00720,Carbon fixation pathways in prokaryotes,Metabolism,Energy metabolism
0.460591396,0.244815741,0.05992027,0.070841881,Bacteria,Fusobacteria,ko01054,Nonribosomal peptide structures,Metabolism,Metabolism of terpenoids and polyketides
-0.722019878,0.104636104,5.19e-12,1.06e-11,Bacteria,Synergistetes,ko00540,Lipopolysaccharide biosynthesis,Metabolism,Glycan biosynthesis and metabolism
0.39275708,0.107044139,0.000243393,0.00034407,Archaea,Euryarchaeota,ko00061,Fatty acid biosynthesis,Metabolism,Lipid metabolism
0.02674209,0.085448552,0.754310061,0.774619971,Archaea,Euryarchaeota,ko00071,Fatty acid degradation,Metabolism,Lipid metabolism
0.02674209,0.085448552,0.754310061,0.774619971,Archaea,Euryarchaeota,ko01212,Fatty acid metabolism,Metabolism,Global and overview maps
0.388936862,0.106605528,0.000263905,0.000372514,Archaea,Euryarchaeota,ko03320,PPAR signaling pathway,Organismal Systems,Endocrine system
0.317503464,0.110936509,0.004209389,0.005460752,Archaea,Euryarchaeota,ko04146,Peroxisome,Cellular Processes,Transport and catabolism
0.39275708,0.107044139,0.000243393,0.00034407,Archaea,Euryarchaeota,ko04216,Ferroptosis,Cellular Processes,Cell growth and death
0.39275708,0.107044139,0.000243393,0.00034407,Archaea,Euryarchaeota,ko04714,Thermogenesis,Organismal Systems,Environmental adaptation
0.39275708,0.107044139,0.000243393,0.00034407,Archaea,Euryarchaeota,ko04920,Adipocytokine signaling pathway,Organismal Systems,Endocrine system
-1.232912785,0.100677407,1.76e-34,6.81e-34,Archaea,Euryarchaeota,ko00261,Monobactam biosynthesis,Metabolism,Biosynthesis of other secondary metabolites
-1.295235185,0.143253116,1.54e-19,4.11e-19,Bacteria,Proteobacteria,ko04918,Thyroid hormone synthesis,Organismal Systems,Endocrine system
-0.075678161,0.100814047,0.452850804,0.482720226,Bacteria,Spirochaetes,ko00540,Lipopolysaccharide biosynthesis,Metabolism,Glycan biosynthesis and metabolism
0.022212272,0.132867351,0.867231331,0.880154416,Bacteria,Fibrobacteres,ko05111,Biofilm formation - Vibrio cholerae,Cellular Processes,Cellular community - prokaryotes
-0.02109512,0.208061035,0.919241592,0.928492435,Bacteria,Tenericutes,ko00790,Folate biosynthesis,Metabolism,Metabolism of cofactors and vitamins
-0.311597361,0.220613643,0.157828678,0.17841096,Bacteria,Planctomycetes,ko02020,Two-component system,Environmental Information Processing,Signal transduction
-2.159493942,0.14688932,6.3e-49,3.07e-48,Bacteria,Proteobacteria,ko00592,alpha-Linolenic acid metabolism,Metabolism,Lipid metabolism
-2.141007616,0.144714071,1.58e-49,7.85e-49,Bacteria,Proteobacteria,ko00642,Ethylbenzene degradation,Metabolism,Xenobiotics biodegradation and metabolism
-1.101065334,0.162564747,1.26e-11,2.54e-11,Archaea,Euryarchaeota,ko03013,RNA transport,Genetic Information Processing,Translation
-3.275996903,0.156848026,7.11e-97,8.22e-96,Bacteria,Proteobacteria,ko04974,Protein digestion and absorption,Organismal Systems,Digestive system
0.997981728,0.229676396,1.39e-05,2.1e-05,Bacteria,Bacteroidetes,ko04622,RIG-I-like receptor signaling pathway,Organismal Systems,Immune system
-1.059730332,0.182413629,6.27e-09,1.13e-08,Archaea,Euryarchaeota,ko04152,AMPK signaling pathway,Environmental Information Processing,Signal transduction
-1.000628497,0.20257854,7.83e-07,1.28e-06,Archaea,Euryarchaeota,ko04921,Oxytocin signaling pathway,Organismal Systems,Endocrine system
-1.286594764,0.139258823,2.49e-20,6.82e-20,Bacteria,Actinobacteria,ko00621,Dioxin degradation,Metabolism,Xenobiotics biodegradation and metabolism
-1.244314987,0.151954943,2.64e-16,6.37e-16,Bacteria,Actinobacteria,ko00622,Xylene degradation,Metabolism,Xenobiotics biodegradation and metabolism
0.964742495,0.218872398,1.04e-05,1.58e-05,Bacteria,Tenericutes,ko00640,Propanoate metabolism,Metabolism,Carbohydrate metabolism
-0.389550568,0.141832009,0.006022329,0.007646193,Bacteria,Verrucomicrobia,ko00500,Starch and sucrose metabolism,Metabolism,Carbohydrate metabolism
0.790158569,0.127980277,6.66e-10,1.27e-09,Bacteria,Actinobacteria,ko00365,Furfural degradation,Metabolism,Xenobiotics biodegradation and metabolism
-0.125863744,0.127880491,0.325002715,0.355786554,Bacteria,Candidatus Saccharibacteria,ko00520,Amino sugar and nucleotide sugar metabolism,Metabolism,Carbohydrate metabolism
-0.631065717,0.106256433,2.87e-09,5.32e-09,Bacteria,Bacteroidetes,ko04214,Apoptosis - fly,Cellular Processes,Cell growth and death
-0.905778989,0.156709796,7.47e-09,1.34e-08,Bacteria,Proteobacteria,ko04150,mTOR signaling pathway,Environmental Information Processing,Signal transduction
-0.193251427,0.115868451,0.095345111,0.110396555,Bacteria,Candidatus Saccharibacteria,ko00550,Peptidoglycan biosynthesis,Metabolism,Glycan biosynthesis and metabolism
-0.58651497,0.121572975,1.4e-06,2.28e-06,Bacteria,Lentisphaerae,ko00511,Other glycan degradation,Metabolism,Glycan biosynthesis and metabolism
-0.895953606,0.10919501,2.3e-16,5.57e-16,Bacteria,Chloroflexi,ko01100,Metabolic pathways Major,Metabolism,Global and overview maps
-1.102695228,0.111791075,5.97e-23,1.76e-22,Bacteria,Actinobacteria,ko00930,Caprolactam degradation,Metabolism,Xenobiotics biodegradation and metabolism
-0.388736522,0.08401247,3.71e-06,5.81e-06,Bacteria,Lentisphaerae,ko00230,Purine metabolism,Metabolism,Nucleotide metabolism
-0.26367336,0.118326054,0.025856341,0.031426413,Bacteria,Spirochaetes,ko00410,beta-Alanine metabolism,Metabolism,Metabolism of other amino acids
-0.844867305,0.111951669,4.46e-14,9.84e-14,Bacteria,Spirochaetes,ko00525,Acarbose and validamycin biosynthesis,Metabolism,Biosynthesis of other secondary metabolites
-0.470212544,0.1181836,6.93e-05,0.00010112,Bacteria,Spirochaetes,ko01055,Biosynthesis of vancomycin group antibiotics,Metabolism,Metabolism of terpenoids and polyketides
-1.60733393,0.143264879,3.28e-29,1.12e-28,Bacteria,Proteobacteria,ko01059,Biosynthesis of enediyne antibiotics,Metabolism,Metabolism of terpenoids and polyketides
0.279606129,0.091235243,0.002179085,0.002871815,Bacteria,Spirochaetes,ko00360,Phenylalanine metabolism,Metabolism,Amino acid metabolism
0.187706767,0.090132803,0.037291555,0.044782742,Bacteria,Spirochaetes,ko00401,Novobiocin biosynthesis,Metabolism,Biosynthesis of other secondary metabolites
0.231077871,0.098775221,0.01931311,0.023776695,Bacteria,Spirochaetes,ko00950,Isoquinoline alkaloid biosynthesis,Metabolism,Biosynthesis of other secondary metabolites
0.073873225,0.090471224,0.414192291,0.447114719,Bacteria,Spirochaetes,ko00960,"Tropane, piperidine and pyridine alkaloid biosynthesis",Metabolism,Biosynthesis of other secondary metabolites
-0.4767044,0.082741557,8.34e-09,1.5e-08,Bacteria,Synergistetes,ko01501,beta-Lactam resistance,Human Diseases,Drug resistance: antimicrobial
-0.401999398,0.129548083,0.001915112,0.002532676,Bacteria,Lentisphaerae,ko00260,"Glycine, serine and threonine metabolism",Metabolism,Amino acid metabolism
-0.544760325,0.122333987,8.47e-06,1.29e-05,Bacteria,Lentisphaerae,ko00300,Lysine biosynthesis,Metabolism,Amino acid metabolism
-0.038686327,0.167581395,0.817430585,0.833604345,Bacteria,Bacteroidetes,ko00404,Staurosporine biosynthesis,Metabolism,Biosynthesis of other secondary metabolites
-0.533531089,0.148200797,0.000318149,0.000448088,Bacteria,Fibrobacteres,ko01501,beta-Lactam resistance,Human Diseases,Drug resistance: antimicrobial
-0.051121187,0.129881653,0.693877695,0.718753267,Bacteria,Fibrobacteres,ko00040,Pentose and glucuronate interconversions,Metabolism,Carbohydrate metabolism
1.003761702,0.249563018,5.77e-05,8.49e-05,Bacteria,Tenericutes,ko05206,MicroRNAs in cancer,Human Diseases,Cancer: overview
0.976656796,0.123600146,2.75e-15,6.36e-15,Bacteria,Spirochaetes,ko00332,Carbapenem biosynthesis,Metabolism,Biosynthesis of other secondary metabolites
1.96340711,0.220814935,6.02e-19,1.57e-18,Bacteria,Tenericutes,ko00910,Nitrogen metabolism,Metabolism,Energy metabolism
-0.487315945,0.172593943,0.004750505,0.006125228,Archaea,Euryarchaeota,ko00920,Sulfur metabolism,Metabolism,Energy metabolism
-0.051278658,0.115879446,0.658114921,0.688817319,Bacteria,Fibrobacteres,ko03030,DNA replication,Genetic Information Processing,Replication and repair
-0.401853572,0.106048147,0.000151042,0.00021592,Bacteria,Fibrobacteres,ko03410,Base excision repair,Genetic Information Processing,Replication and repair
-0.728572444,0.137680702,1.21e-07,2.07e-07,Archaea,Euryarchaeota,ko05203,Viral carcinogenesis,Human Diseases,Cancer: overview
1.061528218,0.242993263,1.25e-05,1.89e-05,Bacteria,Tenericutes,ko00380,Tryptophan metabolism,Metabolism,Amino acid metabolism
1.061528218,0.242993263,1.25e-05,1.89e-05,Bacteria,Tenericutes,ko00627,Aminobenzoate degradation,Metabolism,Xenobiotics biodegradation and metabolism
1.061528218,0.242993263,1.25e-05,1.89e-05,Bacteria,Tenericutes,ko00643,Styrene degradation,Metabolism,Xenobiotics biodegradation and metabolism
0.118378252,0.250048726,0.635913038,0.667044094,Bacteria,Firmicutes,ko04614,Renin-angiotensin system,Organismal Systems,Endocrine system
-0.675561773,0.121314514,2.57e-08,4.5e-08,Archaea,Euryarchaeota,ko00410,beta-Alanine metabolism,Metabolism,Metabolism of other amino acids
-0.801394318,0.086430214,1.82e-20,5.03e-20,Bacteria,Proteobacteria,ko04310,Wnt signaling pathway,Environmental Information Processing,Signal transduction
-0.801394318,0.086430214,1.82e-20,5.03e-20,Bacteria,Proteobacteria,ko04330,Notch signaling pathway,Environmental Information Processing,Signal transduction
-0.776900667,0.086231034,2.07e-19,5.48e-19,Bacteria,Proteobacteria,ko05220,Chronic myeloid leukemia,Human Diseases,Cancer: specific types
-2.110571476,0.192972499,7.66e-28,2.55e-27,Bacteria,Proteobacteria,ko04976,Bile secretion,Organismal Systems,Digestive system
-0.42150223,0.145604536,0.003793486,0.004941378,Bacteria,Lentisphaerae,ko00052,Galactose metabolism,Metabolism,Carbohydrate metabolism
-1.492672651,0.259308909,8.6e-09,1.54e-08,Bacteria,Synergistetes,ko05111,Biofilm formation - Vibrio cholerae,Cellular Processes,Cellular community - prokaryotes
-1.160544347,0.100807589,1.14e-30,4.06e-30,Bacteria,Synergistetes,ko00061,Fatty acid biosynthesis,Metabolism,Lipid metabolism
-1.160544347,0.100807589,1.14e-30,4.06e-30,Bacteria,Synergistetes,ko01212,Fatty acid metabolism,Metabolism,Global and overview maps
-0.266036195,0.191343258,0.164419297,0.185750947,Bacteria,Tenericutes,ko04212,Longevity regulating pathway - worm,Organismal Systems,Aging
0.399912344,0.209884401,0.056728958,0.067152155,Bacteria,Tenericutes,ko05152,Tuberculosis,Human Diseases,Infectious disease: bacterial
-0.631249301,0.107574233,4.41e-09,8.04e-09,Bacteria,Synergistetes,ko00051,Fructose and mannose metabolism,Metabolism,Carbohydrate metabolism
-1.694943203,0.132888781,2.94e-37,1.22e-36,Bacteria,Proteobacteria,ko00621,Dioxin degradation,Metabolism,Xenobiotics biodegradation and metabolism
-2.281751097,0.195309139,1.56e-31,5.66e-31,Bacteria,Proteobacteria,ko05012,Parkinson disease,Human Diseases,Neurodegenerative disease
-1.625087943,0.192924906,3.66e-17,9.09e-17,Bacteria,Proteobacteria,ko05150,Staphylococcus aureus infection,Human Diseases,Infectious disease: bacterial
-1.202368246,0.251737919,1.79e-06,2.88e-06,Bacteria,Proteobacteria,ko05020,Prion diseases,Human Diseases,Neurodegenerative disease
-1.031318679,0.205740053,5.37e-07,8.84e-07,Bacteria,Proteobacteria,ko00232,Caffeine metabolism,Metabolism,Biosynthesis of other secondary metabolites
-1.220460054,0.17684617,5.15e-12,1.06e-11,Bacteria,Proteobacteria,ko04071,Sphingolipid signaling pathway,Environmental Information Processing,Signal transduction
-0.870607786,0.072815835,6.02e-33,2.25e-32,Bacteria,Proteobacteria,ko04138,Autophagy - yeast,Cellular Processes,Transport and catabolism
-2.067773526,0.233669555,8.82e-19,2.29e-18,Bacteria,Proteobacteria,ko00311,Penicillin and cephalosporin biosynthesis,Metabolism,Biosynthesis of other secondary metabolites
2.270873036,0.391701287,6.73e-09,1.21e-08,Bacteria,Firmicutes,ko04932,Non-alcoholic fatty liver disease (NAFLD),Human Diseases,Endocrine and metabolic disease
-1.57339389,0.142572347,2.57e-28,8.62e-28,Bacteria,Proteobacteria,ko00590,Arachidonic acid metabolism,Metabolism,Lipid metabolism
-2.851775417,0.247620518,1.09e-30,3.88e-30,Bacteria,Proteobacteria,ko00591,Linoleic acid metabolism,Metabolism,Lipid metabolism
-0.883205223,0.271342259,0.001134127,0.001526309,Bacteria,Proteobacteria,ko03460,Fanconi anemia pathway,Genetic Information Processing,Replication and repair
-0.624170536,0.067545412,2.45e-20,6.71e-20,Bacteria,Proteobacteria,ko04721,Synaptic vesicle cycle,Organismal Systems,Nervous system
-0.624170536,0.067545412,2.45e-20,6.71e-20,Bacteria,Proteobacteria,ko04962,Vasopressin-regulated water reabsorption,Organismal Systems,Excretory system
-2.803266597,0.201974041,8.45e-44,3.79e-43,Bacteria,Proteobacteria,ko05143,African trypanosomiasis,Human Diseases,Infectious disease: parasitic
-2.293848376,0.175956877,7.59e-39,3.21e-38,Bacteria,Proteobacteria,ko04917,Prolactin signaling pathway,Organismal Systems,Endocrine system
-2.055392427,0.238964634,7.89e-18,2.01e-17,Bacteria,Proteobacteria,ko00984,Steroid degradation,Metabolism,Xenobiotics biodegradation and metabolism
0.051348918,0.124913393,0.681016692,0.706582607,Bacteria,Fibrobacteres,ko00640,Propanoate metabolism,Metabolism,Carbohydrate metabolism
-0.54464304,0.072933605,8.16e-14,1.78e-13,Bacteria,Fibrobacteres,ko00720,Carbon fixation pathways in prokaryotes,Metabolism,Energy metabolism
0.48924979,0.2650876,0.06494805,0.076312959,Bacteria,Fusobacteria,ko02040,Flagellar assembly,Cellular Processes,Cell motility
-1.787563689,0.217179426,1.86e-16,4.52e-16,Bacteria,Proteobacteria,ko05167,Kaposi sarcoma-associated herpesvirus infection,Human Diseases,Infectious disease: viral
0.250274202,0.110140791,0.023067694,0.028198777,Bacteria,Bacteroidetes,ko04071,Sphingolipid signaling pathway,Environmental Information Processing,Signal transduction
0.105022307,0.090992587,0.248424208,0.27511322,Bacteria,Firmicutes,ko00984,Steroid degradation,Metabolism,Xenobiotics biodegradation and metabolism
-2.759194629,0.117161676,1.25e-122,3.01e-121,Bacteria,Proteobacteria,ko00253,Tetracycline biosynthesis,Metabolism,Metabolism of terpenoids and polyketides
-0.875173419,0.092639537,3.48e-21,9.71e-21,Bacteria,Fibrobacteres,ko00020,Citrate cycle (TCA cycle),Metabolism,Carbohydrate metabolism
-2.793825862,0.396549228,1.85e-12,3.86e-12,Bacteria,Fusobacteria,ko01053,Biosynthesis of siderophore group nonribosomal peptides,Metabolism,Metabolism of terpenoids and polyketides
-0.488684285,0.09054753,6.78e-08,1.17e-07,Bacteria,Bacteroidetes,ko04614,Renin-angiotensin system,Organismal Systems,Endocrine system
0.149808793,0.122623351,0.221821574,0.246655243,Bacteria,Fibrobacteres,ko00450,Selenocompound metabolism,Metabolism,Metabolism of other amino acids
-0.588505524,0.130151396,6.13e-06,9.44e-06,Bacteria,Synergistetes,ko00521,Streptomycin biosynthesis,Metabolism,Biosynthesis of other secondary metabolites
-0.763591638,0.10972651,3.43e-12,7.09e-12,Bacteria,Verrucomicrobia,ko00970,Aminoacyl-tRNA biosynthesis,Genetic Information Processing,Translation
-0.296486313,0.132906759,0.02569542,0.031250744,Bacteria,Bacteroidetes,ko01052,Type I polyketide structures,Metabolism,Metabolism of terpenoids and polyketides
-0.091276543,0.142359442,0.521412514,0.552407592,Bacteria,Spirochaetes,ko04213,Longevity regulating pathway - multiple species,Organismal Systems,Aging
-0.004877101,0.226156186,0.982794801,0.983310433,Bacteria,Fusobacteria,ko03013,RNA transport,Genetic Information Processing,Translation
-1.601769563,0.140224917,3.21e-30,1.12e-29,Bacteria,Synergistetes,ko00660,C5-Branched dibasic acid metabolism,Metabolism,Carbohydrate metabolism
-0.630185958,0.158763027,7.21e-05,0.000104913,Bacteria,Fusobacteria,ko00405,Phenazine biosynthesis,Metabolism,Biosynthesis of other secondary metabolites
-0.826432138,0.135005927,9.27e-10,1.76e-09,Bacteria,Deferribacteres,ko03010,Ribosome,Genetic Information Processing,Translation
-2.83140467,0.129845657,2.04e-105,3.04e-104,Bacteria,Proteobacteria,ko01056,Biosynthesis of type II polyketide backbone,Metabolism,Metabolism of terpenoids and polyketides
-0.022161155,0.115111359,0.847335474,0.861796666,Bacteria,Lentisphaerae,ko00523,Polyketide sugar unit biosynthesis,Metabolism,Metabolism of terpenoids and polyketides
-1.344530815,0.148816706,1.64e-19,4.36e-19,Archaea,Euryarchaeota,ko00051,Fructose and mannose metabolism,Metabolism,Carbohydrate metabolism
0.01227763,0.201029123,0.951300366,0.958335868,Bacteria,Spirochaetes,ko02060,Phosphotransferase system (PTS),Environmental Information Processing,Membrane transport
-2.433468529,0.220380611,2.39e-28,8.05e-28,Bacteria,Proteobacteria,ko04260,Cardiac muscle contraction,Organismal Systems,Circulatory system
-2.430406429,0.211387581,1.36e-30,4.8e-30,Bacteria,Proteobacteria,ko04932,Non-alcoholic fatty liver disease (NAFLD),Human Diseases,Endocrine and metabolic disease
-0.825632555,0.140978992,4.73e-09,8.6e-09,Archaea,Euryarchaeota,ko05134,Legionellosis,Human Diseases,Infectious disease: bacterial
-0.720271931,0.115398318,4.33e-10,8.32e-10,Bacteria,Planctomycetes,ko01100,Metabolic pathways Major,Metabolism,Global and overview maps
1.812752383,0.2118173,1.15e-17,2.91e-17,Bacteria,Spirochaetes,ko04973,Carbohydrate digestion and absorption,Organismal Systems,Digestive system
-0.727088587,0.216061318,0.000764894,0.001039667,Bacteria,Bacteroidetes,ko04115,p53 signaling pathway,Cellular Processes,Cell growth and death
-0.727088587,0.216061318,0.000764894,0.001039667,Bacteria,Bacteroidetes,ko04215,Apoptosis - multiple species,Cellular Processes,Cell growth and death
-0.727088587,0.216061318,0.000764894,0.001039667,Bacteria,Bacteroidetes,ko04932,Non-alcoholic fatty liver disease (NAFLD),Human Diseases,Endocrine and metabolic disease
-0.727088587,0.216061318,0.000764894,0.001039667,Bacteria,Bacteroidetes,ko05012,Parkinson disease,Human Diseases,Neurodegenerative disease
-0.727088587,0.216061318,0.000764894,0.001039667,Bacteria,Bacteroidetes,ko05145,Toxoplasmosis,Human Diseases,Infectious disease: parasitic
-0.727088587,0.216061318,0.000764894,0.001039667,Bacteria,Bacteroidetes,ko05161,Hepatitis B,Human Diseases,Infectious disease: viral
-0.727088587,0.216061318,0.000764894,0.001039667,Bacteria,Bacteroidetes,ko05164,Influenza A,Human Diseases,Infectious disease: viral
-0.727088587,0.216061318,0.000764894,0.001039667,Bacteria,Bacteroidetes,ko05167,Kaposi sarcoma-associated herpesvirus infection,Human Diseases,Infectious disease: viral
-0.727088587,0.216061318,0.000764894,0.001039667,Bacteria,Bacteroidetes,ko05168,Herpes simplex virus 1 infection,Human Diseases,Infectious disease: viral
-0.727088587,0.216061318,0.000764894,0.001039667,Bacteria,Bacteroidetes,ko05210,Colorectal cancer,Human Diseases,Cancer: specific types
-0.727088587,0.216061318,0.000764894,0.001039667,Bacteria,Bacteroidetes,ko05222,Small cell lung cancer,Human Diseases,Cancer: specific types
-0.727088587,0.216061318,0.000764894,0.001039667,Bacteria,Bacteroidetes,ko05416,Viral myocarditis,Human Diseases,Cardiovascular disease
0.270473428,0.269504989,0.315574639,0.345862549,Bacteria,Proteobacteria,ko03015,mRNA surveillance pathway,Genetic Information Processing,Translation
-1.649413711,0.153925542,8.59e-27,2.8e-26,Bacteria,Proteobacteria,ko04723,Retrograde endocannabinoid signaling,Organismal Systems,Nervous system
-0.934214622,0.172753898,6.38e-08,1.1e-07,Bacteria,Actinobacteria,ko04011,MAPK signaling pathway - yeast,Environmental Information Processing,Signal transduction
-0.980342525,0.154970546,2.52e-10,4.88e-10,Bacteria,Actinobacteria,ko04211,Longevity regulating pathway,Organismal Systems,Aging
-0.900678303,0.174176994,2.33e-07,3.91e-07,Bacteria,Actinobacteria,ko05014,Amyotrophic lateral sclerosis (ALS),Human Diseases,Neurodegenerative disease
-1.338573205,0.134816866,3.12e-23,9.31e-23,Bacteria,Actinobacteria,ko04013,MAPK signaling pathway - fly,Environmental Information Processing,Signal transduction
-2.943882976,0.23808911,4.06e-35,1.59e-34,Bacteria,Proteobacteria,ko00901,Indole alkaloid biosynthesis,Metabolism,Biosynthesis of other secondary metabolites
-2.633389843,0.234070463,2.31e-29,7.91e-29,Bacteria,Proteobacteria,ko04726,Serotonergic synapse,Organismal Systems,Nervous system
-2.793324315,0.243875902,2.25e-30,7.88e-30,Bacteria,Proteobacteria,ko04728,Dopaminergic synapse,Organismal Systems,Nervous system
-2.793324315,0.243875902,2.25e-30,7.88e-30,Bacteria,Proteobacteria,ko05030,Cocaine addiction,Human Diseases,Substance dependence
-2.793324315,0.243875902,2.25e-30,7.88e-30,Bacteria,Proteobacteria,ko05031,Amphetamine addiction,Human Diseases,Substance dependence
-2.728895861,0.24018228,6.48e-30,2.25e-29,Bacteria,Proteobacteria,ko05034,Alcoholism,Human Diseases,Substance dependence
-1.153057195,0.171733148,1.89e-11,3.79e-11,Bacteria,Proteobacteria,ko04550,Signaling pathways regulating pluripotency of stem cells,Cellular Processes,Cellular community - eukaryotes
-0.691790375,0.107543382,1.25e-10,2.45e-10,Archaea,Euryarchaeota,ko00750,Vitamin B6 metabolism,Metabolism,Metabolism of cofactors and vitamins
-0.880312188,0.43442769,0.042726659,0.051084476,Bacteria,Proteobacteria,ko05146,Amoebiasis,Human Diseases,Infectious disease: parasitic
-0.446036395,0.105353612,2.3e-05,3.44e-05,Bacteria,Candidatus Saccharibacteria,ko00710,Carbon fixation in photosynthetic organisms,Metabolism,Energy metabolism
-1.110984749,0.109070714,2.29e-24,7.11e-24,Archaea,Euryarchaeota,ko00072,Synthesis and degradation of ketone bodies,Metabolism,Lipid metabolism
-1.061654515,0.127994191,1.09e-16,2.66e-16,Archaea,Euryarchaeota,ko00310,Lysine degradation,Metabolism,Amino acid metabolism
-1.005793818,0.126299511,1.67e-15,3.94e-15,Archaea,Euryarchaeota,ko00362,Benzoate degradation,Metabolism,Xenobiotics biodegradation and metabolism
-1.323921379,0.113077418,1.16e-31,4.22e-31,Archaea,Euryarchaeota,ko00380,Tryptophan metabolism,Metabolism,Amino acid metabolism
-1.14010783,0.125251384,8.82e-20,2.38e-19,Archaea,Euryarchaeota,ko00900,Terpenoid backbone biosynthesis,Metabolism,Metabolism of terpenoids and polyketides
0.043978428,0.258277218,0.864793034,0.878614979,Bacteria,Actinobacteria,ko05132,Salmonella infection,Human Diseases,Infectious disease: bacterial
1.111783334,0.399129222,0.005344157,0.006839804,Bacteria,Fusobacteria,ko00940,Phenylpropanoid biosynthesis,Metabolism,Biosynthesis of other secondary metabolites
1.115569325,0.399082575,0.005184603,0.006657986,Bacteria,Fusobacteria,ko00941,Flavonoid biosynthesis,Metabolism,Biosynthesis of other secondary metabolites
1.115569325,0.399082575,0.005184603,0.006657986,Bacteria,Fusobacteria,ko00945,"Stilbenoid, diarylheptanoid and gingerol biosynthesis",Metabolism,Biosynthesis of other secondary metabolites
-0.824541074,0.127685652,1.06e-10,2.08e-10,Archaea,Euryarchaeota,ko03050,Proteasome,Genetic Information Processing,"Folding, sorting and degradation"
1.146071507,0.208074022,3.63e-08,6.33e-08,Bacteria,Firmicutes,ko04080,Neuroactive ligand-receptor interaction,Environmental Information Processing,Signaling molecules and interaction
1.155024919,0.209382904,3.46e-08,6.05e-08,Bacteria,Firmicutes,ko04979,Cholesterol metabolism,Organismal Systems,Digestive system
1.124800546,0.206378501,5.03e-08,8.74e-08,Bacteria,Firmicutes,ko05166,Human T-cell leukemia virus 1 infection,Human Diseases,Infectious disease: viral
0.456601849,0.264611414,0.084427296,0.098052895,Bacteria,Firmicutes,ko05225,Hepatocellular carcinoma,Human Diseases,Cancer: specific types
-0.616409675,0.134146167,4.33e-06,6.72e-06,Bacteria,Lentisphaerae,ko00240,Pyrimidine metabolism,Metabolism,Nucleotide metabolism
-0.156251086,0.117650963,0.184148324,0.206814402,Bacteria,Spirochaetes,ko01051,Biosynthesis of ansamycins,Metabolism,Metabolism of terpenoids and polyketides
-1.305373765,0.128043884,2.09e-24,6.5e-24,Bacteria,Actinobacteria,ko04614,Renin-angiotensin system,Organismal Systems,Endocrine system
-0.64179011,0.111441853,8.46e-09,1.52e-08,Bacteria,Candidatus Saccharibacteria,ko04066,HIF-1 signaling pathway,Environmental Information Processing,Signal transduction
-0.64179011,0.111441853,8.46e-09,1.52e-08,Bacteria,Candidatus Saccharibacteria,ko05010,Alzheimer disease,Human Diseases,Neurodegenerative disease
-2.401650286,0.264244478,1e-19,2.68e-19,Bacteria,Proteobacteria,ko04115,p53 signaling pathway,Cellular Processes,Cell growth and death
-2.075430856,0.244564926,2.13e-17,5.37e-17,Bacteria,Proteobacteria,ko04210,Apoptosis,Cellular Processes,Cell growth and death
-2.401650286,0.264244478,1e-19,2.68e-19,Bacteria,Proteobacteria,ko04215,Apoptosis - multiple species,Cellular Processes,Cell growth and death
-1.88200809,0.235468868,1.32e-15,3.13e-15,Bacteria,Proteobacteria,ko05145,Toxoplasmosis,Human Diseases,Infectious disease: parasitic
-2.139058217,0.255170528,5.17e-17,1.28e-16,Bacteria,Proteobacteria,ko05161,Hepatitis B,Human Diseases,Infectious disease: viral
-2.096673299,0.265173635,2.64e-15,6.13e-15,Bacteria,Proteobacteria,ko05164,Influenza A,Human Diseases,Infectious disease: viral
-2.257154467,0.251989562,3.33e-19,8.76e-19,Bacteria,Proteobacteria,ko05168,Herpes simplex virus 1 infection,Human Diseases,Infectious disease: viral
-2.244564452,0.255924208,1.78e-18,4.59e-18,Bacteria,Proteobacteria,ko05210,Colorectal cancer,Human Diseases,Cancer: specific types
-2.420927403,0.260673948,1.58e-20,4.38e-20,Bacteria,Proteobacteria,ko05222,Small cell lung cancer,Human Diseases,Cancer: specific types
-2.401650286,0.264244478,1e-19,2.68e-19,Bacteria,Proteobacteria,ko05416,Viral myocarditis,Human Diseases,Cardiovascular disease
-1.87758424,0.148335753,1.01e-36,4.13e-36,Bacteria,Synergistetes,ko04217,Necroptosis,Cellular Processes,Cell growth and death
0.721949973,0.258589355,0.005240308,0.006711396,Bacteria,Lentisphaerae,ko00650,Butanoate metabolism,Metabolism,Carbohydrate metabolism
-0.743916848,0.124447927,2.26e-09,4.23e-09,Bacteria,Planctomycetes,ko00620,Pyruvate metabolism,Metabolism,Carbohydrate metabolism
-0.827712178,0.116449773,1.18e-12,2.48e-12,Bacteria,Planctomycetes,ko01110,Biosynthesis of secondary metabolites,Metabolism,Global and overview maps
-0.882587621,0.117285888,5.27e-14,1.16e-13,Bacteria,Planctomycetes,ko01120,Microbial metabolism in diverse environments,Metabolism,Global and overview maps
-0.734675095,0.116882373,3.27e-10,6.3e-10,Bacteria,Planctomycetes,ko01130,Biosynthesis of antibiotics,Metabolism,Global and overview maps
-2.250114707,0.149363268,2.76e-51,1.4e-50,Bacteria,Actinobacteria,ko00984,Steroid degradation,Metabolism,Xenobiotics biodegradation and metabolism
0.131005833,0.146348812,0.370700724,0.402577609,Bacteria,Bacteroidetes,ko04550,Signaling pathways regulating pluripotency of stem cells,Cellular Processes,Cellular community - eukaryotes
-1.27345836,0.262155739,1.19e-06,1.93e-06,Bacteria,Fusobacteria,ko05150,Staphylococcus aureus infection,Human Diseases,Infectious disease: bacterial
-0.941587521,0.137701488,8.04e-12,1.63e-11,Archaea,Euryarchaeota,ko00281,Geraniol degradation,Metabolism,Metabolism of terpenoids and polyketides
-0.941587521,0.137701488,8.04e-12,1.63e-11,Archaea,Euryarchaeota,ko00592,alpha-Linolenic acid metabolism,Metabolism,Lipid metabolism
-0.941587521,0.137701488,8.04e-12,1.63e-11,Archaea,Euryarchaeota,ko00642,Ethylbenzene degradation,Metabolism,Xenobiotics biodegradation and metabolism
-1.308840984,0.200039712,6.03e-11,1.19e-10,Archaea,Euryarchaeota,ko03010,Ribosome,Genetic Information Processing,Translation
-0.420963358,0.121321684,0.000520824,0.000724443,Bacteria,Lentisphaerae,ko00051,Fructose and mannose metabolism,Metabolism,Carbohydrate metabolism
0.961515774,0.212768431,6.21e-06,9.55e-06,Bacteria,Bacteroidetes,ko00984,Steroid degradation,Metabolism,Xenobiotics biodegradation and metabolism
-0.631781379,0.101119937,4.16e-10,8.01e-10,Bacteria,Bacteroidetes,ko00906,Carotenoid biosynthesis,Metabolism,Metabolism of terpenoids and polyketides
-1.088611886,0.209881617,2.14e-07,3.61e-07,Bacteria,Actinobacteria,ko03450,Non-homologous end-joining,Genetic Information Processing,Replication and repair
2.599161132,0.407582437,1.81e-10,3.52e-10,Bacteria,Bacteroidetes,ko05130,Pathogenic Escherichia coli infection,Human Diseases,Infectious disease: bacterial
-1.389240895,0.189594847,2.35e-13,5.06e-13,Bacteria,Actinobacteria,ko00565,Ether lipid metabolism,Metabolism,Lipid metabolism
-0.912367865,0.131129116,3.46e-12,7.14e-12,Bacteria,Fibrobacteres,ko00650,Butanoate metabolism,Metabolism,Carbohydrate metabolism
-1.413667137,0.227540329,5.2e-10,9.97e-10,Bacteria,Proteobacteria,ko04139,Mitophagy - yeast,Cellular Processes,Transport and catabolism
-1.097343055,0.211878527,2.23e-07,3.76e-07,Bacteria,Actinobacteria,ko00100,Steroid biosynthesis,Metabolism,Lipid metabolism
-0.932604523,0.199523453,2.95e-06,4.66e-06,Archaea,Euryarchaeota,ko03020,RNA polymerase,Genetic Information Processing,Transcription
-4.653438738,0.381648648,3.39e-34,1.31e-33,Bacteria,Chlorobi,ko02024,Quorum sensing,Cellular Processes,Cellular community - prokaryotes
-0.836799838,0.120911379,4.49e-12,9.23e-12,Bacteria,Lentisphaerae,ko00520,Amino sugar and nucleotide sugar metabolism,Metabolism,Carbohydrate metabolism
-0.860746248,0.104008388,1.28e-16,3.12e-16,Bacteria,Actinobacteria,ko03022,Basal transcription factors,Genetic Information Processing,Transcription
-0.30934853,0.13410865,0.021071506,0.025891342,Bacteria,Lentisphaerae,ko00500,Starch and sucrose metabolism,Metabolism,Carbohydrate metabolism
2.416752793,0.467759737,2.38e-07,4e-07,Bacteria,Firmicutes,ko04140,Autophagy - animal,Cellular Processes,Transport and catabolism
2.356769881,0.49538196,1.96e-06,3.14e-06,Bacteria,Firmicutes,ko04150,mTOR signaling pathway,Environmental Information Processing,Signal transduction
3.11310561,0.518958806,1.99e-09,3.72e-09,Bacteria,Firmicutes,ko04530,Tight junction,Cellular Processes,Cellular community - eukaryotes
2.356769881,0.49538196,1.96e-06,3.14e-06,Bacteria,Firmicutes,ko04710,Circadian rhythm,Organismal Systems,Environmental adaptation
2.356769881,0.49538196,1.96e-06,3.14e-06,Bacteria,Firmicutes,ko04921,Oxytocin signaling pathway,Organismal Systems,Endocrine system
2.356769881,0.49538196,1.96e-06,3.14e-06,Bacteria,Firmicutes,ko05410,Hypertrophic cardiomyopathy (HCM),Human Diseases,Cardiovascular disease
0.649239374,0.67886554,0.338890739,0.369928242,Bacteria,Firmicutes,ko04064,NF-kappa B signaling pathway,Environmental Information Processing,Signal transduction
0.662986468,0.690333144,0.336860849,0.367923046,Bacteria,Firmicutes,ko04120,Ubiquitin mediated proteolysis,Genetic Information Processing,"Folding, sorting and degradation"
-0.315087713,0.292454449,0.281305743,0.309728667,Bacteria,Actinobacteria,ko00514,Other types of O-glycan biosynthesis,Metabolism,Glycan biosynthesis and metabolism
-0.315087713,0.292454449,0.281305743,0.309728667,Bacteria,Actinobacteria,ko00515,Mannose type O-glycan biosynthesis,Metabolism,Glycan biosynthesis and metabolism
-2.204713779,0.20247013,1.3e-27,4.3e-27,Bacteria,Proteobacteria,ko00941,Flavonoid biosynthesis,Metabolism,Biosynthesis of other secondary metabolites
-2.204713779,0.20247013,1.3e-27,4.3e-27,Bacteria,Proteobacteria,ko00945,"Stilbenoid, diarylheptanoid and gingerol biosynthesis",Metabolism,Biosynthesis of other secondary metabolites
-2.152139041,0.425413329,4.22e-07,6.99e-07,Bacteria,Proteobacteria,ko04320,Dorso-ventral axis formation,Organismal Systems,Development and regeneration
-0.956338009,0.152819868,3.9e-10,7.51e-10,Archaea,Euryarchaeota,ko04976,Bile secretion,Organismal Systems,Digestive system
-0.762343529,0.126605512,1.73e-09,3.25e-09,Bacteria,Bacteroidetes,ko03050,Proteasome,Genetic Information Processing,"Folding, sorting and degradation"
-1.588741651,0.211591125,5.98e-14,1.31e-13,Archaea,Euryarchaeota,ko03030,DNA replication,Genetic Information Processing,Replication and repair
-1.79042342,0.219263236,3.2e-16,7.67e-16,Archaea,Euryarchaeota,ko03460,Fanconi anemia pathway,Genetic Information Processing,Replication and repair
-0.999369305,0.130320321,1.74e-14,3.89e-14,Bacteria,Planctomycetes,ko04122,Sulfur relay system,Genetic Information Processing,"Folding, sorting and degradation"
-1.525087659,0.318644826,1.7e-06,2.74e-06,Bacteria,Proteobacteria,ko04919,Thyroid hormone signaling pathway,Organismal Systems,Endocrine system
-4.665727839,0.23384639,1.44e-88,1.43e-87,Bacteria,Proteobacteria,ko00404,Staurosporine biosynthesis,Metabolism,Biosynthesis of other secondary metabolites
-1.321794335,0.13645245,3.43e-22,9.82e-22,Bacteria,Elusimicrobia,ko01100,Metabolic pathways Major,Metabolism,Global and overview maps
0.248995234,0.141243525,0.077920913,0.09082835,Bacteria,Spirochaetes,ko03022,Basal transcription factors,Genetic Information Processing,Transcription
-1.264320416,0.217194817,5.84e-09,1.06e-08,Archaea,Euryarchaeota,ko03008,Ribosome biogenesis in eukaryotes,Genetic Information Processing,Translation
-3.129435092,0.362074005,5.47e-18,1.4e-17,Bacteria,Proteobacteria,ko04913,Ovarian steroidogenesis,Organismal Systems,Endocrine system
-5.382613948,0.280566601,4.96e-82,4.42e-81,Bacteria,Proteobacteria,ko00906,Carotenoid biosynthesis,Metabolism,Metabolism of terpenoids and polyketides
0.148658558,0.164738373,0.366848773,0.398848695,Bacteria,Spirochaetes,ko04113,Meiosis - yeast,Cellular Processes,Cell growth and death
0.36849729,0.303189742,0.224212968,0.249169073,Bacteria,Lentisphaerae,ko04112,Cell cycle - Caulobacter,Cellular Processes,Cell growth and death
-0.139030826,0.171506576,0.417569977,0.449636333,Bacteria,Lentisphaerae,ko00053,Ascorbate and aldarate metabolism,Metabolism,Carbohydrate metabolism
-0.592474535,0.412896241,0.151308888,0.171651427,Bacteria,Proteobacteria,ko04024,cAMP signaling pathway,Environmental Information Processing,Signal transduction
-4.508306053,0.373909477,1.78e-33,6.75e-33,Bacteria,Chlorobi,ko00500,Starch and sucrose metabolism,Metabolism,Carbohydrate metabolism
-4.345249565,0.347467151,6.97e-36,2.79e-35,Bacteria,Nitrospirae,ko02025,Biofilm formation - Pseudomonas aeruginosa,Cellular Processes,Cellular community - prokaryotes
