log2FoldChange,lfcSE,pvalue,padj,Domain,Phylum,KEGG_pathway,KEGG_Pathway_Name,Level1,Level2
-1.277122754,0.161961912,3.14e-15,1.16e-13,Bacteria,Proteobacteria,ko00280,"Valine, leucine and isoleucine degradation",Metabolism,Amino acid metabolism
-0.998437518,0.120714126,1.33e-16,7.54e-15,Bacteria,Proteobacteria,ko00640,Propanoate metabolism,Metabolism,Carbohydrate metabolism
-0.854575058,0.12359803,4.71e-12,6.46e-11,Bacteria,Proteobacteria,ko01100,Metabolic pathways Major,Metabolism,Global and overview maps
-0.888071148,0.127103476,2.81e-12,4.03e-11,Bacteria,Proteobacteria,ko01110,Biosynthesis of secondary metabolites,Metabolism,Global and overview maps
-0.864033824,0.124029789,3.25e-12,4.58e-11,Bacteria,Proteobacteria,ko01130,Biosynthesis of antibiotics,Metabolism,Global and overview maps
-0.452578917,0.092673684,1.04e-06,3.83e-06,Bacteria,Actinobacteria,ko00970,Aminoacyl-tRNA biosynthesis,Genetic Information Processing,Translation
-0.730251486,0.131360285,2.71e-08,1.5e-07,Bacteria,Proteobacteria,ko00970,Aminoacyl-tRNA biosynthesis,Genetic Information Processing,Translation
0.428454648,0.089522369,1.7e-06,5.82e-06,Bacteria,Bacteroidetes,ko00270,Cysteine and methionine metabolism,Metabolism,Amino acid metabolism
0.359202417,0.094880417,0.000153188,0.000335988,Bacteria,Bacteroidetes,ko00450,Selenocompound metabolism,Metabolism,Metabolism of other amino acids
0.535584064,0.102367468,1.68e-07,7.52e-07,Bacteria,Bacteroidetes,ko01100,Metabolic pathways Major,Metabolism,Global and overview maps
0.474522654,0.099499923,1.85e-06,6.24e-06,Bacteria,Bacteroidetes,ko01110,Biosynthesis of secondary metabolites,Metabolism,Global and overview maps
0.50031876,0.101783763,8.86e-07,3.32e-06,Bacteria,Bacteroidetes,ko01230,Biosynthesis of amino acids,Metabolism,Global and overview maps
0.169600484,0.058556886,0.003775465,0.006666776,Bacteria,Firmicutes,ko00270,Cysteine and methionine metabolism,Metabolism,Amino acid metabolism
0.174780051,0.064367785,0.006620891,0.011064955,Bacteria,Firmicutes,ko00450,Selenocompound metabolism,Metabolism,Metabolism of other amino acids
0.142010766,0.055484205,0.01048286,0.017053405,Bacteria,Firmicutes,ko01100,Metabolic pathways Major,Metabolism,Global and overview maps
0.109669977,0.052597123,0.037060713,0.054747999,Bacteria,Firmicutes,ko01110,Biosynthesis of secondary metabolites,Metabolism,Global and overview maps
0.112266925,0.050018361,0.024799333,0.037756688,Bacteria,Firmicutes,ko01230,Biosynthesis of amino acids,Metabolism,Global and overview maps
-0.66762715,0.113129107,3.6e-09,2.46e-08,Bacteria,Proteobacteria,ko00270,Cysteine and methionine metabolism,Metabolism,Amino acid metabolism
-0.797932096,0.121494769,5.11e-11,5.61e-10,Bacteria,Proteobacteria,ko00450,Selenocompound metabolism,Metabolism,Metabolism of other amino acids
-0.741010305,0.125395563,3.43e-09,2.39e-08,Bacteria,Proteobacteria,ko01230,Biosynthesis of amino acids,Metabolism,Global and overview maps
0.135062579,0.064903824,0.037437121,0.055150426,Bacteria,Firmicutes,ko00730,Thiamine metabolism,Metabolism,Metabolism of cofactors and vitamins
0.040909136,0.056538821,0.469336921,0.530337388,Bacteria,Firmicutes,ko04122,Sulfur relay system,Genetic Information Processing,"Folding, sorting and degradation"
-0.550621267,0.117386665,2.72e-06,8.84e-06,Bacteria,Proteobacteria,ko00040,Pentose and glucuronate interconversions,Metabolism,Carbohydrate metabolism
-0.703330704,0.139094294,4.27e-07,1.71e-06,Bacteria,Proteobacteria,ko00051,Fructose and mannose metabolism,Metabolism,Carbohydrate metabolism
0.164798341,0.066063596,0.01261202,0.020288902,Bacteria,Firmicutes,ko03420,Nucleotide excision repair,Genetic Information Processing,Replication and repair
-0.338882696,0.120914643,0.005068299,0.008689292,Bacteria,Actinobacteria,ko03420,Nucleotide excision repair,Genetic Information Processing,Replication and repair
0.110640555,0.061938005,0.074048875,0.102712955,Bacteria,Firmicutes,ko00030,Pentose phosphate pathway,Metabolism,Carbohydrate metabolism
0.106174252,0.069182971,0.124860568,0.166515644,Bacteria,Firmicutes,ko00051,Fructose and mannose metabolism,Metabolism,Carbohydrate metabolism
0.064785118,0.049631261,0.191780887,0.243126209,Bacteria,Firmicutes,ko00710,Carbon fixation in photosynthetic organisms,Metabolism,Energy metabolism
0.083127173,0.048572,0.087003302,0.119226747,Bacteria,Firmicutes,ko01120,Microbial metabolism in diverse environments,Metabolism,Global and overview maps
0.101610771,0.050272764,0.043260175,0.063031498,Bacteria,Firmicutes,ko01130,Biosynthesis of antibiotics,Metabolism,Global and overview maps
0.02168433,0.047331712,0.646855207,0.693225187,Bacteria,Firmicutes,ko01200,Carbon metabolism,Metabolism,Global and overview maps
0.472387219,0.113786058,3.3e-05,8.37e-05,Bacteria,Bacteroidetes,ko00190,Oxidative phosphorylation,Metabolism,Energy metabolism
-1.031407221,0.151005234,8.48e-12,1.11e-10,Bacteria,Proteobacteria,ko00190,Oxidative phosphorylation,Metabolism,Energy metabolism
-0.772743615,0.110482501,2.67e-12,3.92e-11,Bacteria,Proteobacteria,ko00010,Glycolysis / Gluconeogenesis,Metabolism,Carbohydrate metabolism
-1.08686412,0.142086833,2.02e-14,5.64e-13,Bacteria,Proteobacteria,ko00020,Citrate cycle (TCA cycle),Metabolism,Carbohydrate metabolism
-0.909837706,0.116042186,4.48e-15,1.52e-13,Bacteria,Proteobacteria,ko00620,Pyruvate metabolism,Metabolism,Carbohydrate metabolism
-0.824236314,0.118265521,3.18e-12,4.52e-11,Bacteria,Proteobacteria,ko00650,Butanoate metabolism,Metabolism,Carbohydrate metabolism
-0.962030843,0.116830243,1.8e-16,9.9e-15,Bacteria,Proteobacteria,ko00720,Carbon fixation pathways in prokaryotes,Metabolism,Energy metabolism
-0.913259232,0.122799431,1.03e-13,2.41e-12,Bacteria,Proteobacteria,ko01120,Microbial metabolism in diverse environments,Metabolism,Global and overview maps
-0.955223784,0.120108677,1.82e-15,7.24e-14,Bacteria,Proteobacteria,ko01200,Carbon metabolism,Metabolism,Global and overview maps
0.063655544,0.062787801,0.310668536,0.372194007,Bacteria,Firmicutes,ko00010,Glycolysis / Gluconeogenesis,Metabolism,Carbohydrate metabolism
0.041465732,0.045725234,0.364488399,0.425974339,Bacteria,Firmicutes,ko00020,Citrate cycle (TCA cycle),Metabolism,Carbohydrate metabolism
-0.009223541,0.051300415,0.85731377,0.882267922,Bacteria,Firmicutes,ko00620,Pyruvate metabolism,Metabolism,Carbohydrate metabolism
0.15508381,0.055680918,0.005349081,0.009121531,Bacteria,Firmicutes,ko00650,Butanoate metabolism,Metabolism,Carbohydrate metabolism
0.023712482,0.048075564,0.621847565,0.672119209,Bacteria,Firmicutes,ko00720,Carbon fixation pathways in prokaryotes,Metabolism,Energy metabolism
0.313025923,0.080607736,0.000103038,0.000234862,Bacteria,Firmicutes,ko01503,Cationic antimicrobial peptide (CAMP) resistance,Human Diseases,Drug resistance: antimicrobial
0.208819825,0.069949666,0.002833124,0.005116346,Bacteria,Firmicutes,ko02020,Two-component system,Environmental Information Processing,Signal transduction
0.080093928,0.058527338,0.171159545,0.219431778,Bacteria,Firmicutes,ko00970,Aminoacyl-tRNA biosynthesis,Genetic Information Processing,Translation
0.371219866,0.085626762,1.46e-05,3.92e-05,Bacteria,Firmicutes,ko00511,Other glycan degradation,Metabolism,Glycan biosynthesis and metabolism
0.687657199,0.12353737,2.6e-08,1.45e-07,Bacteria,Bacteroidetes,ko00511,Other glycan degradation,Metabolism,Glycan biosynthesis and metabolism
-0.948607279,0.144676097,5.5e-11,5.95e-10,Bacteria,Proteobacteria,ko02020,Two-component system,Environmental Information Processing,Signal transduction
0.017168375,0.071740127,0.810862561,0.841540988,Bacteria,Firmicutes,ko03010,Ribosome,Genetic Information Processing,Translation
0.137955125,0.062134431,0.02640054,0.040003103,Bacteria,Firmicutes,ko00230,Purine metabolism,Metabolism,Nucleotide metabolism
-0.52439602,0.133315909,8.37e-05,0.000194742,Bacteria,Proteobacteria,ko00521,Streptomycin biosynthesis,Metabolism,Biosynthesis of other secondary metabolites
-0.425874801,0.130991231,0.00114931,0.002208396,Bacteria,Proteobacteria,ko00523,Polyketide sugar unit biosynthesis,Metabolism,Metabolism of terpenoids and polyketides
-1.359679788,0.174889051,7.57e-15,2.41e-13,Bacteria,Proteobacteria,ko00910,Nitrogen metabolism,Metabolism,Energy metabolism
0.570650961,0.109322602,1.79e-07,7.96e-07,Bacteria,Bacteroidetes,ko00230,Purine metabolism,Metabolism,Nucleotide metabolism
-0.869532971,0.151745931,1e-08,6.28e-08,Bacteria,Proteobacteria,ko00780,Biotin metabolism,Metabolism,Metabolism of cofactors and vitamins
0.069982413,0.046898988,0.135648159,0.179100598,Bacteria,Firmicutes,ko00260,"Glycine, serine and threonine metabolism",Metabolism,Amino acid metabolism
-1.09205856,0.149815161,3.11e-13,6.04e-12,Bacteria,Proteobacteria,ko00860,Porphyrin and chlorophyll metabolism,Metabolism,Metabolism of cofactors and vitamins
-0.809974249,0.133495899,1.3e-09,1.01e-08,Bacteria,Proteobacteria,ko02010,ABC transporters,Environmental Information Processing,Membrane transport
-0.811570951,0.137709152,3.78e-09,2.56e-08,Bacteria,Proteobacteria,ko02024,Quorum sensing,Cellular Processes,Cellular community - prokaryotes
-0.764643316,0.150589778,3.82e-07,1.56e-06,Bacteria,Proteobacteria,ko03060,Protein export,Genetic Information Processing,"Folding, sorting and degradation"
-0.884412481,0.167128961,1.21e-07,5.67e-07,Bacteria,Proteobacteria,ko03070,Bacterial secretion system,Environmental Information Processing,Membrane transport
0.119659008,0.053809904,0.026166228,0.039685861,Bacteria,Firmicutes,ko00250,"Alanine, aspartate and glutamate metabolism",Metabolism,Amino acid metabolism
0.08233498,0.156965786,0.599902358,0.651479784,Bacteria,Fusobacteria,ko00230,Purine metabolism,Metabolism,Nucleotide metabolism
-0.026104692,0.123718775,0.832887077,0.861588647,Bacteria,Fusobacteria,ko00250,"Alanine, aspartate and glutamate metabolism",Metabolism,Amino acid metabolism
0.092296136,0.134677721,0.493147635,0.551033693,Bacteria,Fusobacteria,ko01100,Metabolic pathways Major,Metabolism,Global and overview maps
0.005707632,0.122023165,0.962692562,0.967557717,Bacteria,Fusobacteria,ko01110,Biosynthesis of secondary metabolites,Metabolism,Global and overview maps
0.086493346,0.117301416,0.46090359,0.523410144,Bacteria,Fusobacteria,ko01130,Biosynthesis of antibiotics,Metabolism,Global and overview maps
0.446286125,0.104209443,1.85e-05,4.89e-05,Bacteria,Bacteroidetes,ko03410,Base excision repair,Genetic Information Processing,Replication and repair
0.137254283,0.059530063,0.021131332,0.032717323,Bacteria,Firmicutes,ko02010,ABC transporters,Environmental Information Processing,Membrane transport
-0.826357027,0.136409973,1.38e-09,1.07e-08,Bacteria,Proteobacteria,ko00230,Purine metabolism,Metabolism,Nucleotide metabolism
-1.075724056,0.137544554,5.24e-15,1.74e-13,Bacteria,Proteobacteria,ko00983,Drug metabolism - other enzymes,Metabolism,Xenobiotics biodegradation and metabolism
0.220271546,0.083673984,0.008475967,0.01391668,Bacteria,Firmicutes,ko00860,Porphyrin and chlorophyll metabolism,Metabolism,Metabolism of cofactors and vitamins
0.56614533,0.114093236,6.97e-07,2.63e-06,Bacteria,Bacteroidetes,ko00220,Arginine biosynthesis,Metabolism,Amino acid metabolism
0.400613133,0.12043326,0.000879653,0.001723556,Bacteria,Bacteroidetes,ko00300,Lysine biosynthesis,Metabolism,Amino acid metabolism
0.518764929,0.105790331,9.4e-07,3.5e-06,Bacteria,Bacteroidetes,ko00330,Arginine and proline metabolism,Metabolism,Amino acid metabolism
0.474349654,0.094275469,4.87e-07,1.92e-06,Bacteria,Bacteroidetes,ko01120,Microbial metabolism in diverse environments,Metabolism,Global and overview maps
0.423833442,0.097010389,1.25e-05,3.41e-05,Bacteria,Bacteroidetes,ko01130,Biosynthesis of antibiotics,Metabolism,Global and overview maps
0.318081761,0.105540267,0.002579615,0.004701223,Bacteria,Bacteroidetes,ko01210,2-Oxocarboxylic acid metabolism,Metabolism,Global and overview maps
-0.71853248,0.195173609,0.000231862,0.000493832,Bacteria,Proteobacteria,ko00633,Nitrotoluene degradation,Metabolism,Xenobiotics biodegradation and metabolism
-0.528750234,0.120773622,1.2e-05,3.29e-05,Bacteria,Proteobacteria,ko04112,Cell cycle - Caulobacter,Cellular Processes,Cell growth and death
0.054836919,0.072607045,0.450095292,0.512966769,Bacteria,Firmicutes,ko00471,D-Glutamine and D-glutamate metabolism,Metabolism,Metabolism of other amino acids
0.465921304,0.135149504,0.000565903,0.001135374,Bacteria,Bacteroidetes,ko00471,D-Glutamine and D-glutamate metabolism,Metabolism,Metabolism of other amino acids
-0.432055479,0.078695634,4.01e-08,2.11e-07,Bacteria,Actinobacteria,ko00230,Purine metabolism,Metabolism,Nucleotide metabolism
-0.459793609,0.111101598,3.5e-05,8.8e-05,Bacteria,Actinobacteria,ko00471,D-Glutamine and D-glutamate metabolism,Metabolism,Metabolism of other amino acids
-0.364383755,0.072004608,4.18e-07,1.68e-06,Bacteria,Actinobacteria,ko01100,Metabolic pathways Major,Metabolism,Global and overview maps
-0.400235432,0.061528774,7.78e-11,8.14e-10,Bacteria,Actinobacteria,ko00010,Glycolysis / Gluconeogenesis,Metabolism,Carbohydrate metabolism
-0.482526576,0.090818131,1.08e-07,5.16e-07,Bacteria,Actinobacteria,ko00030,Pentose phosphate pathway,Metabolism,Carbohydrate metabolism
0.053897197,0.075836402,0.477267982,0.537771501,Bacteria,Actinobacteria,ko00052,Galactose metabolism,Metabolism,Carbohydrate metabolism
-0.044080214,0.08095168,0.586080251,0.639542989,Bacteria,Actinobacteria,ko00500,Starch and sucrose metabolism,Metabolism,Carbohydrate metabolism
-0.22115284,0.073601306,0.002658074,0.004822115,Bacteria,Actinobacteria,ko00520,Amino sugar and nucleotide sugar metabolism,Metabolism,Carbohydrate metabolism
-0.378857764,0.116761502,0.001175683,0.002256348,Bacteria,Actinobacteria,ko00521,Streptomycin biosynthesis,Metabolism,Biosynthesis of other secondary metabolites
-0.421574792,0.069601569,1.39e-09,1.07e-08,Bacteria,Actinobacteria,ko01110,Biosynthesis of secondary metabolites,Metabolism,Global and overview maps
-0.528501001,0.070647193,7.38e-14,1.78e-12,Bacteria,Actinobacteria,ko01120,Microbial metabolism in diverse environments,Metabolism,Global and overview maps
-0.498112815,0.072395134,5.97e-12,8.04e-11,Bacteria,Actinobacteria,ko01130,Biosynthesis of antibiotics,Metabolism,Global and overview maps
-0.696300922,0.110261489,2.7e-10,2.61e-09,Bacteria,Proteobacteria,ko00030,Pentose phosphate pathway,Metabolism,Carbohydrate metabolism
-0.447015453,0.116907476,0.000131481,0.000294213,Bacteria,Proteobacteria,ko00052,Galactose metabolism,Metabolism,Carbohydrate metabolism
-0.66663706,0.124179376,7.95e-08,3.85e-07,Bacteria,Proteobacteria,ko00500,Starch and sucrose metabolism,Metabolism,Carbohydrate metabolism
-0.523416535,0.114597006,4.94e-06,1.5e-05,Bacteria,Proteobacteria,ko00520,Amino sugar and nucleotide sugar metabolism,Metabolism,Carbohydrate metabolism
0.221168762,0.071668187,0.002028618,0.003752943,Bacteria,Firmicutes,ko03430,Mismatch repair,Genetic Information Processing,Replication and repair
-0.604968342,0.084292184,7.12e-13,1.22e-11,Bacteria,Actinobacteria,ko00760,Nicotinate and nicotinamide metabolism,Metabolism,Metabolism of cofactors and vitamins
0.286493168,0.064708971,9.54e-06,2.66e-05,Bacteria,Firmicutes,ko00760,Nicotinate and nicotinamide metabolism,Metabolism,Metabolism of cofactors and vitamins
-0.767029216,0.142221823,6.92e-08,3.4e-07,Bacteria,Proteobacteria,ko03410,Base excision repair,Genetic Information Processing,Replication and repair
-0.39275245,0.110535879,0.000380623,0.000781381,Bacteria,Actinobacteria,ko03410,Base excision repair,Genetic Information Processing,Replication and repair
-1.019797091,0.147397627,4.56e-12,6.31e-11,Bacteria,Proteobacteria,ko00790,Folate biosynthesis,Metabolism,Metabolism of cofactors and vitamins
0.218066204,0.068266988,0.001401635,0.002664279,Bacteria,Firmicutes,ko00052,Galactose metabolism,Metabolism,Carbohydrate metabolism
0.104667216,0.070898133,0.139862229,0.183901493,Bacteria,Firmicutes,ko00520,Amino sugar and nucleotide sugar metabolism,Metabolism,Carbohydrate metabolism
-0.338051042,0.175403223,0.053944803,0.07656216,Bacteria,Fusobacteria,ko00860,Porphyrin and chlorophyll metabolism,Metabolism,Metabolism of cofactors and vitamins
0.010859727,0.118926829,0.927242808,0.940843947,Bacteria,Fusobacteria,ko01120,Microbial metabolism in diverse environments,Metabolism,Global and overview maps
0.07660111,0.062358828,0.2192997,0.275162321,Bacteria,Firmicutes,ko00330,Arginine and proline metabolism,Metabolism,Amino acid metabolism
0.201282342,0.07163329,0.004955698,0.008523801,Bacteria,Firmicutes,ko00332,Carbapenem biosynthesis,Metabolism,Biosynthesis of other secondary metabolites
-1.101398783,0.152721251,5.52e-13,9.65e-12,Bacteria,Proteobacteria,ko00330,Arginine and proline metabolism,Metabolism,Amino acid metabolism
-0.368852158,0.133341329,0.005670934,0.009629088,Bacteria,Proteobacteria,ko00332,Carbapenem biosynthesis,Metabolism,Biosynthesis of other secondary metabolites
-0.450878995,0.069068117,6.66e-11,7.13e-10,Bacteria,Actinobacteria,ko00330,Arginine and proline metabolism,Metabolism,Amino acid metabolism
-0.47099212,0.105332663,7.77e-06,2.21e-05,Bacteria,Actinobacteria,ko00332,Carbapenem biosynthesis,Metabolism,Biosynthesis of other secondary metabolites
-0.479249472,0.073445676,6.79e-11,7.2e-10,Bacteria,Actinobacteria,ko01230,Biosynthesis of amino acids,Metabolism,Global and overview maps
-0.886401654,0.153832873,8.31e-09,5.31e-08,Bacteria,Proteobacteria,ko01501,beta-Lactam resistance,Human Diseases,Drug resistance: antimicrobial
0.578563487,0.110341445,1.58e-07,7.15e-07,Bacteria,Bacteroidetes,ko00240,Pyrimidine metabolism,Metabolism,Nucleotide metabolism
0.608154953,0.126755116,1.6e-06,5.53e-06,Bacteria,Bacteroidetes,ko03030,DNA replication,Genetic Information Processing,Replication and repair
0.573898576,0.114638721,5.55e-07,2.14e-06,Bacteria,Bacteroidetes,ko03420,Nucleotide excision repair,Genetic Information Processing,Replication and repair
0.731525304,0.132092709,3.06e-08,1.65e-07,Bacteria,Bacteroidetes,ko03440,Homologous recombination,Genetic Information Processing,Replication and repair
0.285059333,0.058430945,1.07e-06,3.9e-06,Bacteria,Firmicutes,ko00040,Pentose and glucuronate interconversions,Metabolism,Carbohydrate metabolism
-0.630507787,0.094526485,2.56e-11,3.03e-10,Bacteria,Actinobacteria,ko00190,Oxidative phosphorylation,Metabolism,Energy metabolism
-0.464464751,0.089169892,1.9e-07,8.38e-07,Bacteria,Actinobacteria,ko03018,RNA degradation,Genetic Information Processing,"Folding, sorting and degradation"
-0.445722095,0.085463303,1.83e-07,8.11e-07,Bacteria,Actinobacteria,ko00250,"Alanine, aspartate and glutamate metabolism",Metabolism,Amino acid metabolism
-0.672148559,0.085721551,4.47e-15,1.52e-13,Bacteria,Actinobacteria,ko00630,Glyoxylate and dicarboxylate metabolism,Metabolism,Carbohydrate metabolism
-0.750985567,0.102563492,2.44e-13,5.11e-12,Bacteria,Actinobacteria,ko00910,Nitrogen metabolism,Metabolism,Energy metabolism
-0.948466834,0.138303967,6.99e-12,9.27e-11,Bacteria,Proteobacteria,ko00250,"Alanine, aspartate and glutamate metabolism",Metabolism,Amino acid metabolism
-0.942081438,0.128924473,2.73e-13,5.49e-12,Bacteria,Proteobacteria,ko00630,Glyoxylate and dicarboxylate metabolism,Metabolism,Carbohydrate metabolism
-0.191252995,0.13990209,0.171609987,0.219832117,Bacteria,Firmicutes,ko02060,Phosphotransferase system (PTS),Environmental Information Processing,Membrane transport
0.137434872,0.073243771,0.060599888,0.085322497,Bacteria,Firmicutes,ko00500,Starch and sucrose metabolism,Metabolism,Carbohydrate metabolism
0.117552601,0.081828244,0.150838125,0.196225231,Bacteria,Firmicutes,ko02026,Biofilm formation - Escherichia coli,Cellular Processes,Cellular community - prokaryotes
0.112289087,0.085257564,0.187819461,0.238484248,Bacteria,Firmicutes,ko05111,Biofilm formation - Vibrio cholerae,Cellular Processes,Cellular community - prokaryotes
-0.762618932,0.126250715,1.54e-09,1.16e-08,Bacteria,Proteobacteria,ko00261,Monobactam biosynthesis,Metabolism,Biosynthesis of other secondary metabolites
-0.856371697,0.134012178,1.66e-10,1.67e-09,Bacteria,Proteobacteria,ko00920,Sulfur metabolism,Metabolism,Energy metabolism
-2.130023601,0.280983712,3.44e-14,9.12e-13,Bacteria,Proteobacteria,ko00140,Steroid hormone biosynthesis,Metabolism,Lipid metabolism
-0.909422993,0.159536129,1.2e-08,7.34e-08,Bacteria,Proteobacteria,ko00600,Sphingolipid metabolism,Metabolism,Lipid metabolism
0.144680453,0.064702634,0.025346342,0.038479036,Bacteria,Firmicutes,ko00240,Pyrimidine metabolism,Metabolism,Nucleotide metabolism
-0.825029495,0.135740143,1.22e-09,9.63e-09,Bacteria,Proteobacteria,ko00240,Pyrimidine metabolism,Metabolism,Nucleotide metabolism
0.50496726,0.114651461,1.06e-05,2.94e-05,Bacteria,Bacteroidetes,ko00970,Aminoacyl-tRNA biosynthesis,Genetic Information Processing,Translation
-0.811899191,0.13018934,4.48e-10,4.12e-09,Bacteria,Proteobacteria,ko00710,Carbon fixation in photosynthetic organisms,Metabolism,Energy metabolism
0.109173535,0.057501297,0.057613491,0.081350336,Bacteria,Firmicutes,ko00220,Arginine biosynthesis,Metabolism,Amino acid metabolism
0.078079799,0.056357471,0.165918484,0.214083234,Bacteria,Firmicutes,ko01210,2-Oxocarboxylic acid metabolism,Metabolism,Global and overview maps
0.014311113,0.094323687,0.879405075,0.902666758,Bacteria,Synergistetes,ko00230,Purine metabolism,Metabolism,Nucleotide metabolism
0.037563964,0.091292058,0.680727766,0.726383552,Bacteria,Synergistetes,ko00240,Pyrimidine metabolism,Metabolism,Nucleotide metabolism
0.121131389,0.067715115,0.073640864,0.102236139,Bacteria,Synergistetes,ko01100,Metabolic pathways Major,Metabolism,Global and overview maps
-0.829339683,0.131743369,3.07e-10,2.94e-09,Bacteria,Proteobacteria,ko03018,RNA degradation,Genetic Information Processing,"Folding, sorting and degradation"
-0.008750619,0.093649679,0.925554071,0.940329839,Bacteria,Firmicutes,ko03013,RNA transport,Genetic Information Processing,Translation
-0.313231848,0.123833183,0.011423618,0.018470505,Bacteria,Actinobacteria,ko03440,Homologous recombination,Genetic Information Processing,Replication and repair
0.382519794,0.099961697,0.000129892,0.000291067,Bacteria,Bacteroidetes,ko00260,"Glycine, serine and threonine metabolism",Metabolism,Amino acid metabolism
0.698059839,0.112965376,6.43e-10,5.56e-09,Bacteria,Bacteroidetes,ko00564,Glycerophospholipid metabolism,Metabolism,Lipid metabolism
0.181805888,0.078165711,0.020023708,0.031269309,Bacteria,Firmicutes,ko00564,Glycerophospholipid metabolism,Metabolism,Lipid metabolism
0.139087782,0.056740049,0.014233499,0.02278219,Bacteria,Firmicutes,ko00460,Cyanoamino acid metabolism,Metabolism,Metabolism of other amino acids
-0.97792398,0.158191143,6.33e-10,5.51e-09,Bacteria,Proteobacteria,ko02026,Biofilm formation - Escherichia coli,Cellular Processes,Cellular community - prokaryotes
-0.87646959,0.181960434,1.46e-06,5.15e-06,Bacteria,Proteobacteria,ko02030,Bacterial chemotaxis,Cellular Processes,Cell motility
-0.119556765,0.136786202,0.382095862,0.442119648,Bacteria,Fusobacteria,ko02010,ABC transporters,Environmental Information Processing,Membrane transport
-0.628569974,0.157714571,6.73e-05,0.000158256,Bacteria,Proteobacteria,ko03420,Nucleotide excision repair,Genetic Information Processing,Replication and repair
0.188616907,0.074889805,0.011782491,0.019012113,Bacteria,Firmicutes,ko04217,Necroptosis,Cellular Processes,Cell growth and death
-0.019894301,0.08492212,0.814779069,0.845054433,Bacteria,Firmicutes,ko04910,Insulin signaling pathway,Organismal Systems,Endocrine system
-0.016008016,0.066498479,0.80976628,0.84130434,Bacteria,Firmicutes,ko04922,Glucagon signaling pathway,Organismal Systems,Endocrine system
0.01274291,0.074172918,0.863594737,0.888157224,Bacteria,Firmicutes,ko04931,Insulin resistance,Human Diseases,Endocrine and metabolic disease
0.218422532,0.066564884,0.001033123,0.002006958,Bacteria,Firmicutes,ko03030,DNA replication,Genetic Information Processing,Replication and repair
0.180951082,0.060304654,0.002694345,0.00488235,Bacteria,Firmicutes,ko03410,Base excision repair,Genetic Information Processing,Replication and repair
0.225623042,0.067743929,0.000866815,0.001700496,Bacteria,Firmicutes,ko03440,Homologous recombination,Genetic Information Processing,Replication and repair
-0.823921813,0.154417288,9.52e-08,4.58e-07,Bacteria,Proteobacteria,ko03030,DNA replication,Genetic Information Processing,Replication and repair
-0.027252994,0.141175895,0.846925426,0.872706187,Bacteria,Fusobacteria,ko00970,Aminoacyl-tRNA biosynthesis,Genetic Information Processing,Translation
0.034217134,0.04126494,0.40698787,0.468536686,Bacteria,Firmicutes,ko00630,Glyoxylate and dicarboxylate metabolism,Metabolism,Carbohydrate metabolism
0.188030564,0.07551964,0.012780659,0.020539423,Bacteria,Firmicutes,ko00910,Nitrogen metabolism,Metabolism,Energy metabolism
0.082303364,0.052070689,0.113967623,0.15340312,Bacteria,Firmicutes,ko00680,Methane metabolism,Metabolism,Energy metabolism
-0.790918101,0.133560126,3.18e-09,2.25e-08,Bacteria,Proteobacteria,ko00770,Pantothenate and CoA biosynthesis,Metabolism,Metabolism of cofactors and vitamins
0.487269455,0.096451547,4.37e-07,1.74e-06,Bacteria,Bacteroidetes,ko00010,Glycolysis / Gluconeogenesis,Metabolism,Carbohydrate metabolism
0.457377518,0.10147008,6.56e-06,1.89e-05,Bacteria,Bacteroidetes,ko00020,Citrate cycle (TCA cycle),Metabolism,Carbohydrate metabolism
0.308434789,0.097941621,0.001637351,0.00307559,Bacteria,Bacteroidetes,ko00280,"Valine, leucine and isoleucine degradation",Metabolism,Amino acid metabolism
0.555244276,0.101571499,4.59e-08,2.38e-07,Bacteria,Bacteroidetes,ko00620,Pyruvate metabolism,Metabolism,Carbohydrate metabolism
0.530405049,0.10610612,5.77e-07,2.22e-06,Bacteria,Bacteroidetes,ko00650,Butanoate metabolism,Metabolism,Carbohydrate metabolism
0.519095908,0.100857016,2.65e-07,1.13e-06,Bacteria,Bacteroidetes,ko00720,Carbon fixation pathways in prokaryotes,Metabolism,Energy metabolism
0.435299194,0.094938838,4.54e-06,1.4e-05,Bacteria,Bacteroidetes,ko01200,Carbon metabolism,Metabolism,Global and overview maps
-1.108171915,0.153611809,5.43e-13,9.6e-12,Bacteria,Proteobacteria,ko00430,Taurine and hypotaurine metabolism,Metabolism,Metabolism of other amino acids
-0.748384975,0.132403163,1.58e-08,9.29e-08,Bacteria,Proteobacteria,ko04213,Longevity regulating pathway - multiple species,Organismal Systems,Aging
0.630356048,0.125816275,5.44e-07,2.11e-06,Bacteria,Bacteroidetes,ko02010,ABC transporters,Environmental Information Processing,Membrane transport
-0.74143861,0.15535803,1.82e-06,6.15e-06,Bacteria,Proteobacteria,ko03430,Mismatch repair,Genetic Information Processing,Replication and repair
0.703850295,0.117530295,2.12e-09,1.57e-08,Bacteria,Bacteroidetes,ko00052,Galactose metabolism,Metabolism,Carbohydrate metabolism
0.498037213,0.104623659,1.93e-06,6.48e-06,Bacteria,Bacteroidetes,ko00520,Amino sugar and nucleotide sugar metabolism,Metabolism,Carbohydrate metabolism
0.425405778,0.094530304,6.79e-06,1.95e-05,Bacteria,Bacteroidetes,ko00250,"Alanine, aspartate and glutamate metabolism",Metabolism,Amino acid metabolism
0.889355439,0.132920249,2.22e-11,2.71e-10,Bacteria,Bacteroidetes,ko05418,Fluid shear stress and atherosclerosis,Human Diseases,Cardiovascular disease
-0.672081381,0.119090909,1.67e-08,9.75e-08,Bacteria,Proteobacteria,ko00460,Cyanoamino acid metabolism,Metabolism,Metabolism of other amino acids
-0.622583917,0.205244429,0.002418325,0.0044174,Bacteria,Proteobacteria,ko00531,Glycosaminoglycan degradation,Metabolism,Glycan biosynthesis and metabolism
-0.916392387,0.151056402,1.31e-09,1.01e-08,Bacteria,Proteobacteria,ko00940,Phenylpropanoid biosynthesis,Metabolism,Biosynthesis of other secondary metabolites
0.076308955,0.079847337,0.339231066,0.401276302,Bacteria,Firmicutes,ko00473,D-Alanine metabolism,Metabolism,Metabolism of other amino acids
0.224660757,0.076969802,0.003513626,0.006239039,Bacteria,Firmicutes,ko01502,Vancomycin resistance,Human Diseases,Drug resistance: antimicrobial
0.136142613,0.061651386,0.027225788,0.041175122,Bacteria,Firmicutes,ko00670,One carbon pool by folate,Metabolism,Metabolism of cofactors and vitamins
-0.750627662,0.078692559,1.45e-21,3.83e-19,Bacteria,Actinobacteria,ko00020,Citrate cycle (TCA cycle),Metabolism,Carbohydrate metabolism
-0.553267684,0.064840689,1.43e-17,1.03e-15,Bacteria,Actinobacteria,ko00620,Pyruvate metabolism,Metabolism,Carbohydrate metabolism
-0.414928396,0.065122645,1.87e-10,1.87e-09,Bacteria,Actinobacteria,ko00650,Butanoate metabolism,Metabolism,Carbohydrate metabolism
-0.570939632,0.070048111,3.62e-16,1.8e-14,Bacteria,Actinobacteria,ko00720,Carbon fixation pathways in prokaryotes,Metabolism,Energy metabolism
-0.612071879,0.070759993,5.15e-18,4.55e-16,Bacteria,Actinobacteria,ko01200,Carbon metabolism,Metabolism,Global and overview maps
0.518189696,0.101447559,3.26e-07,1.37e-06,Bacteria,Bacteroidetes,ko00710,Carbon fixation in photosynthetic organisms,Metabolism,Energy metabolism
-0.025864504,0.075090767,0.730513007,0.773284228,Bacteria,Actinobacteria,ko00730,Thiamine metabolism,Metabolism,Metabolism of cofactors and vitamins
-0.298716885,0.095929044,0.001846097,0.003431238,Bacteria,Actinobacteria,ko00900,Terpenoid backbone biosynthesis,Metabolism,Metabolism of terpenoids and polyketides
0.082512795,0.067290823,0.220119015,0.275972697,Bacteria,Firmicutes,ko00900,Terpenoid backbone biosynthesis,Metabolism,Metabolism of terpenoids and polyketides
-0.991026051,0.1810069,4.37e-08,2.28e-07,Bacteria,Proteobacteria,ko02025,Biofilm formation - Pseudomonas aeruginosa,Cellular Processes,Cellular community - prokaryotes
-0.779854757,0.14111417,3.27e-08,1.75e-07,Bacteria,Proteobacteria,ko01051,Biosynthesis of ansamycins,Metabolism,Metabolism of terpenoids and polyketides
-0.789298279,0.135762369,6.11e-09,4.01e-08,Bacteria,Proteobacteria,ko00900,Terpenoid backbone biosynthesis,Metabolism,Metabolism of terpenoids and polyketides
-0.980616953,0.145106746,1.4e-11,1.74e-10,Bacteria,Proteobacteria,ko00360,Phenylalanine metabolism,Metabolism,Amino acid metabolism
-0.731859926,0.149637128,1e-06,3.71e-06,Bacteria,Proteobacteria,ko05111,Biofilm formation - Vibrio cholerae,Cellular Processes,Cellular community - prokaryotes
0.062414106,0.057635343,0.278846709,0.340218645,Bacteria,Firmicutes,ko00061,Fatty acid biosynthesis,Metabolism,Lipid metabolism
-0.113695065,0.047946445,0.017725977,0.027978204,Bacteria,Firmicutes,ko00071,Fatty acid degradation,Metabolism,Lipid metabolism
-0.050113201,0.052003207,0.335218429,0.397712543,Bacteria,Firmicutes,ko01212,Fatty acid metabolism,Metabolism,Global and overview maps
0.141539234,0.058420552,0.015402912,0.024530564,Bacteria,Firmicutes,ko02024,Quorum sensing,Cellular Processes,Cellular community - prokaryotes
0.181476939,0.066343782,0.006230407,0.010456305,Bacteria,Firmicutes,ko03320,PPAR signaling pathway,Organismal Systems,Endocrine system
0.12928556,0.054307571,0.017283643,0.027307127,Bacteria,Firmicutes,ko04146,Peroxisome,Cellular Processes,Transport and catabolism
0.453662389,0.08848147,2.94e-07,1.24e-06,Bacteria,Firmicutes,ko04216,Ferroptosis,Cellular Processes,Cell growth and death
0.426054805,0.107362001,7.24e-05,0.000169547,Bacteria,Firmicutes,ko04714,Thermogenesis,Organismal Systems,Environmental adaptation
0.291269519,0.10240617,0.004451505,0.007689843,Bacteria,Firmicutes,ko04920,Adipocytokine signaling pathway,Organismal Systems,Endocrine system
0.507615459,0.116319166,1.28e-05,3.48e-05,Bacteria,Bacteroidetes,ko00061,Fatty acid biosynthesis,Metabolism,Lipid metabolism
0.573589264,0.113972067,4.84e-07,1.91e-06,Bacteria,Bacteroidetes,ko00071,Fatty acid degradation,Metabolism,Lipid metabolism
0.52453379,0.115601795,5.69e-06,1.69e-05,Bacteria,Bacteroidetes,ko01212,Fatty acid metabolism,Metabolism,Global and overview maps
0.615266886,0.120779441,3.5e-07,1.45e-06,Bacteria,Bacteroidetes,ko02024,Quorum sensing,Cellular Processes,Cellular community - prokaryotes
0.630975686,0.133970876,2.48e-06,8.1e-06,Bacteria,Bacteroidetes,ko03320,PPAR signaling pathway,Organismal Systems,Endocrine system
0.472880437,0.116485491,4.92e-05,0.000118695,Bacteria,Bacteroidetes,ko04146,Peroxisome,Cellular Processes,Transport and catabolism
0.641884849,0.137489306,3.03e-06,9.75e-06,Bacteria,Bacteroidetes,ko04216,Ferroptosis,Cellular Processes,Cell growth and death
0.671680103,0.137898985,1.11e-06,4.03e-06,Bacteria,Bacteroidetes,ko04714,Thermogenesis,Organismal Systems,Environmental adaptation
0.611337007,0.137763771,9.1e-06,2.55e-05,Bacteria,Bacteroidetes,ko04920,Adipocytokine signaling pathway,Organismal Systems,Endocrine system
-0.786798146,0.133116617,3.41e-09,2.38e-08,Bacteria,Proteobacteria,ko03010,Ribosome,Genetic Information Processing,Translation
-0.686553787,0.174701637,8.5e-05,0.000197252,Bacteria,Proteobacteria,ko04138,Autophagy - yeast,Cellular Processes,Transport and catabolism
0.136748407,0.187028311,0.46467886,0.526569847,Bacteria,Proteobacteria,ko04721,Synaptic vesicle cycle,Organismal Systems,Nervous system
-0.951523315,0.159201167,2.27e-09,1.67e-08,Bacteria,Proteobacteria,ko04727,GABAergic synapse,Organismal Systems,Nervous system
0.136748407,0.187028311,0.46467886,0.526569847,Bacteria,Proteobacteria,ko04962,Vasopressin-regulated water reabsorption,Organismal Systems,Excretory system
-0.789072283,0.141090925,2.24e-08,1.28e-07,Bacteria,Proteobacteria,ko01210,2-Oxocarboxylic acid metabolism,Metabolism,Global and overview maps
-0.85309635,0.134869958,2.53e-10,2.48e-09,Bacteria,Proteobacteria,ko00760,Nicotinate and nicotinamide metabolism,Metabolism,Metabolism of cofactors and vitamins
-0.77551054,0.147351506,1.42e-07,6.52e-07,Bacteria,Proteobacteria,ko00300,Lysine biosynthesis,Metabolism,Amino acid metabolism
0.095557163,0.164403439,0.561081547,0.616197657,Bacteria,Fusobacteria,ko04112,Cell cycle - Caulobacter,Cellular Processes,Cell growth and death
-1.28046438,0.16835956,2.84e-14,7.65e-13,Bacteria,Proteobacteria,ko00410,beta-Alanine metabolism,Metabolism,Metabolism of other amino acids
-0.886913872,0.121573506,2.98e-13,5.93e-12,Bacteria,Proteobacteria,ko00562,Inositol phosphate metabolism,Metabolism,Carbohydrate metabolism
-0.183754062,0.080488521,0.02243127,0.034448022,Bacteria,Actinobacteria,ko00051,Fructose and mannose metabolism,Metabolism,Carbohydrate metabolism
-0.480203564,0.07733939,5.33e-10,4.79e-09,Bacteria,Actinobacteria,ko00680,Methane metabolism,Metabolism,Energy metabolism
-0.657929519,0.092255408,9.92e-13,1.63e-11,Bacteria,Actinobacteria,ko04152,AMPK signaling pathway,Environmental Information Processing,Signal transduction
-0.846349615,0.104359198,5.06e-16,2.24e-14,Bacteria,Actinobacteria,ko05230,Central carbon metabolism in cancer,Human Diseases,Cancer: overview
0.074364826,0.062874532,0.236908412,0.295161537,Bacteria,Firmicutes,ko03018,RNA degradation,Genetic Information Processing,"Folding, sorting and degradation"
0.113691393,0.071907122,0.113858217,0.15340312,Bacteria,Firmicutes,ko04152,AMPK signaling pathway,Environmental Information Processing,Signal transduction
0.018844848,0.072902536,0.796025886,0.832660871,Bacteria,Firmicutes,ko05230,Central carbon metabolism in cancer,Human Diseases,Cancer: overview
0.437302439,0.106431136,3.98e-05,9.86e-05,Bacteria,Bacteroidetes,ko00030,Pentose phosphate pathway,Metabolism,Carbohydrate metabolism
0.495031851,0.109803874,6.53e-06,1.89e-05,Bacteria,Bacteroidetes,ko00051,Fructose and mannose metabolism,Metabolism,Carbohydrate metabolism
0.53922654,0.100795039,8.81e-08,4.26e-07,Bacteria,Bacteroidetes,ko00680,Methane metabolism,Metabolism,Energy metabolism
0.513655062,0.108786198,2.34e-06,7.74e-06,Bacteria,Bacteroidetes,ko03018,RNA degradation,Genetic Information Processing,"Folding, sorting and degradation"
0.297673133,0.129342171,0.021366822,0.032972468,Bacteria,Bacteroidetes,ko04152,AMPK signaling pathway,Environmental Information Processing,Signal transduction
0.380983008,0.119297151,0.001405285,0.002668029,Bacteria,Bacteroidetes,ko05230,Central carbon metabolism in cancer,Human Diseases,Cancer: overview
-0.791286335,0.152883735,2.27e-07,9.79e-07,Bacteria,Proteobacteria,ko00400,"Phenylalanine, tyrosine and tryptophan biosynthesis",Metabolism,Amino acid metabolism
0.147613103,0.075566232,0.050769042,0.072703461,Bacteria,Firmicutes,ko00740,Riboflavin metabolism,Metabolism,Metabolism of cofactors and vitamins
-0.46526889,0.105683876,1.07e-05,2.96e-05,Bacteria,Actinobacteria,ko00740,Riboflavin metabolism,Metabolism,Metabolism of cofactors and vitamins
0.147427546,0.06253544,0.01839826,0.028924538,Bacteria,Firmicutes,ko00400,"Phenylalanine, tyrosine and tryptophan biosynthesis",Metabolism,Amino acid metabolism
0.108583123,0.064122249,0.090383784,0.123752668,Bacteria,Firmicutes,ko00401,Novobiocin biosynthesis,Metabolism,Biosynthesis of other secondary metabolites
-0.900996393,0.127346698,1.49e-12,2.33e-11,Bacteria,Proteobacteria,ko04212,Longevity regulating pathway - worm,Organismal Systems,Aging
0.003161151,0.129473627,0.98052126,0.982992643,Bacteria,Spirochaetes,ko00860,Porphyrin and chlorophyll metabolism,Metabolism,Metabolism of cofactors and vitamins
0.200037543,0.107855542,0.063641902,0.089053883,Bacteria,Spirochaetes,ko00970,Aminoacyl-tRNA biosynthesis,Genetic Information Processing,Translation
0.572321409,0.092365592,5.78e-10,5.14e-09,Bacteria,Spirochaetes,ko01100,Metabolic pathways Major,Metabolism,Global and overview maps
0.513848689,0.086942033,3.42e-09,2.38e-08,Bacteria,Spirochaetes,ko01110,Biosynthesis of secondary metabolites,Metabolism,Global and overview maps
0.512438356,0.082084614,4.3e-10,3.98e-09,Bacteria,Spirochaetes,ko01120,Microbial metabolism in diverse environments,Metabolism,Global and overview maps
-0.858691822,0.167416078,2.91e-07,1.24e-06,Bacteria,Proteobacteria,ko00540,Lipopolysaccharide biosynthesis,Metabolism,Glycan biosynthesis and metabolism
0.674870702,0.122172884,3.32e-08,1.77e-07,Bacteria,Bacteroidetes,ko03430,Mismatch repair,Genetic Information Processing,Replication and repair
-1.207988038,0.218087509,3.04e-08,1.65e-07,Bacteria,Proteobacteria,ko00623,Toluene degradation,Metabolism,Xenobiotics biodegradation and metabolism
-0.713356947,0.120841888,3.56e-09,2.46e-08,Bacteria,Proteobacteria,ko00625,Chloroalkane and chloroalkene degradation,Metabolism,Xenobiotics biodegradation and metabolism
-0.841368922,0.127637471,4.34e-11,4.87e-10,Bacteria,Proteobacteria,ko01220,Degradation of aromatic compounds,Metabolism,Global and overview maps
0.031985653,0.061044081,0.600295012,0.651479784,Bacteria,Firmicutes,ko00350,Tyrosine metabolism,Metabolism,Amino acid metabolism
-0.035649577,0.067687461,0.598416389,0.65077271,Bacteria,Firmicutes,ko00625,Chloroalkane and chloroalkene degradation,Metabolism,Xenobiotics biodegradation and metabolism
-0.019805105,0.075655311,0.793490473,0.83055483,Bacteria,Firmicutes,ko00626,Naphthalene degradation,Metabolism,Xenobiotics biodegradation and metabolism
0.0393874,0.063404364,0.534461726,0.590096187,Bacteria,Firmicutes,ko01220,Degradation of aromatic compounds,Metabolism,Global and overview maps
-1.059103957,0.146400983,4.68e-13,8.87e-12,Bacteria,Proteobacteria,ko00071,Fatty acid degradation,Metabolism,Lipid metabolism
-0.90014808,0.123444799,3.06e-13,6e-12,Bacteria,Proteobacteria,ko00350,Tyrosine metabolism,Metabolism,Amino acid metabolism
-0.628784907,0.112272399,2.14e-08,1.23e-07,Bacteria,Proteobacteria,ko00626,Naphthalene degradation,Metabolism,Xenobiotics biodegradation and metabolism
-1.139562524,0.188840863,1.59e-09,1.2e-08,Bacteria,Proteobacteria,ko04214,Apoptosis - fly,Cellular Processes,Cell growth and death
-0.969016812,0.146318569,3.53e-11,4.04e-10,Bacteria,Actinobacteria,ko00061,Fatty acid biosynthesis,Metabolism,Lipid metabolism
-0.820986941,0.095351218,7.3e-18,6.11e-16,Bacteria,Actinobacteria,ko00071,Fatty acid degradation,Metabolism,Lipid metabolism
-1.058769438,0.138465645,2.07e-14,5.67e-13,Bacteria,Actinobacteria,ko01212,Fatty acid metabolism,Metabolism,Global and overview maps
-0.45352423,0.093260738,1.16e-06,4.17e-06,Bacteria,Actinobacteria,ko02024,Quorum sensing,Cellular Processes,Cellular community - prokaryotes
-0.674698498,0.132375883,3.45e-07,1.43e-06,Bacteria,Actinobacteria,ko03320,PPAR signaling pathway,Organismal Systems,Endocrine system
-1.13651408,0.126487232,2.58e-19,3.16e-17,Bacteria,Actinobacteria,ko04146,Peroxisome,Cellular Processes,Transport and catabolism
-0.753689416,0.159115941,2.17e-06,7.23e-06,Bacteria,Actinobacteria,ko04216,Ferroptosis,Cellular Processes,Cell growth and death
-0.791131384,0.159469449,7.01e-07,2.64e-06,Bacteria,Actinobacteria,ko04714,Thermogenesis,Organismal Systems,Environmental adaptation
-0.749402909,0.142785068,1.53e-07,6.97e-07,Bacteria,Actinobacteria,ko04920,Adipocytokine signaling pathway,Organismal Systems,Endocrine system
-0.707821358,0.144509819,9.68e-07,3.6e-06,Bacteria,Proteobacteria,ko00061,Fatty acid biosynthesis,Metabolism,Lipid metabolism
-0.957956079,0.147355073,7.98e-11,8.3e-10,Bacteria,Proteobacteria,ko01212,Fatty acid metabolism,Metabolism,Global and overview maps
-0.861193621,0.137944878,4.29e-10,3.98e-09,Bacteria,Proteobacteria,ko03320,PPAR signaling pathway,Organismal Systems,Endocrine system
-0.98519457,0.1456479,1.34e-11,1.68e-10,Bacteria,Proteobacteria,ko04146,Peroxisome,Cellular Processes,Transport and catabolism
-0.889671509,0.169883168,1.63e-07,7.36e-07,Bacteria,Proteobacteria,ko04216,Ferroptosis,Cellular Processes,Cell growth and death
-1.09099444,0.174453753,4.01e-10,3.79e-09,Bacteria,Proteobacteria,ko04714,Thermogenesis,Organismal Systems,Environmental adaptation
-0.864984734,0.177155918,1.05e-06,3.83e-06,Bacteria,Proteobacteria,ko04920,Adipocytokine signaling pathway,Organismal Systems,Endocrine system
-0.7549466,0.121370794,4.97e-10,4.54e-09,Bacteria,Proteobacteria,ko00670,One carbon pool by folate,Metabolism,Metabolism of cofactors and vitamins
-0.969616264,0.192201848,4.54e-07,1.81e-06,Bacteria,Proteobacteria,ko02040,Flagellar assembly,Cellular Processes,Cell motility
0.10118458,0.058508684,0.083738565,0.115050136,Bacteria,Firmicutes,ko01051,Biosynthesis of ansamycins,Metabolism,Metabolism of terpenoids and polyketides
-0.332401129,0.07141412,3.25e-06,1.04e-05,Bacteria,Actinobacteria,ko00710,Carbon fixation in photosynthetic organisms,Metabolism,Energy metabolism
-0.380913513,0.075527086,4.57e-07,1.81e-06,Bacteria,Actinobacteria,ko01051,Biosynthesis of ansamycins,Metabolism,Metabolism of terpenoids and polyketides
0.465293049,0.109395313,2.11e-05,5.54e-05,Bacteria,Bacteroidetes,ko00730,Thiamine metabolism,Metabolism,Metabolism of cofactors and vitamins
-0.092440827,0.159090287,0.561200758,0.616197657,Bacteria,Fibrobacteres,ko00190,Oxidative phosphorylation,Metabolism,Energy metabolism
0.360406533,0.091227544,7.79e-05,0.0001821,Bacteria,Fibrobacteres,ko01100,Metabolic pathways Major,Metabolism,Global and overview maps
0.211024226,0.066698065,0.001556846,0.002934765,Bacteria,Firmicutes,ko00190,Oxidative phosphorylation,Metabolism,Energy metabolism
0.100039835,0.066220012,0.130860038,0.173498601,Bacteria,Firmicutes,ko05134,Legionellosis,Human Diseases,Infectious disease: bacterial
0.891040823,0.102702525,4.1e-18,3.84e-16,Bacteria,Spirochaetes,ko00020,Citrate cycle (TCA cycle),Metabolism,Carbohydrate metabolism
0.604596021,0.118790382,3.59e-07,1.48e-06,Bacteria,Spirochaetes,ko00190,Oxidative phosphorylation,Metabolism,Energy metabolism
0.700230294,0.074429438,5.06e-21,1.01e-18,Bacteria,Spirochaetes,ko00250,"Alanine, aspartate and glutamate metabolism",Metabolism,Amino acid metabolism
0.67503447,0.101510588,2.93e-11,3.41e-10,Bacteria,Spirochaetes,ko00650,Butanoate metabolism,Metabolism,Carbohydrate metabolism
0.586519481,0.08341755,2.05e-12,3.05e-11,Bacteria,Spirochaetes,ko00720,Carbon fixation pathways in prokaryotes,Metabolism,Energy metabolism
0.570887683,0.126192385,6.07e-06,1.79e-05,Bacteria,Spirochaetes,ko00760,Nicotinate and nicotinamide metabolism,Metabolism,Metabolism of cofactors and vitamins
0.587766811,0.087939693,2.33e-11,2.83e-10,Bacteria,Spirochaetes,ko01130,Biosynthesis of antibiotics,Metabolism,Global and overview maps
0.461640381,0.072466723,1.89e-10,1.88e-09,Bacteria,Spirochaetes,ko01200,Carbon metabolism,Metabolism,Global and overview maps
0.523274874,0.144912355,0.000305048,0.000634421,Bacteria,Spirochaetes,ko05134,Legionellosis,Human Diseases,Infectious disease: bacterial
0.103096209,0.065218601,0.113928525,0.15340312,Bacteria,Firmicutes,ko00780,Biotin metabolism,Metabolism,Metabolism of cofactors and vitamins
-1.057061608,0.17806821,2.92e-09,2.1e-08,Bacteria,Proteobacteria,ko01503,Cationic antimicrobial peptide (CAMP) resistance,Human Diseases,Drug resistance: antimicrobial
0.819261248,0.138240022,3.1e-09,2.21e-08,Bacteria,Bacteroidetes,ko01503,Cationic antimicrobial peptide (CAMP) resistance,Human Diseases,Drug resistance: antimicrobial
0.632751787,0.122038902,2.16e-07,9.4e-07,Bacteria,Bacteroidetes,ko02020,Two-component system,Environmental Information Processing,Signal transduction
-1.132005706,0.15858715,9.47e-13,1.59e-11,Bacteria,Proteobacteria,ko00480,Glutathione metabolism,Metabolism,Metabolism of other amino acids
-0.957610752,0.176030364,5.33e-08,2.7e-07,Bacteria,Proteobacteria,ko03440,Homologous recombination,Genetic Information Processing,Replication and repair
-0.659299208,0.117106094,1.8e-08,1.05e-07,Bacteria,Actinobacteria,ko00790,Folate biosynthesis,Metabolism,Metabolism of cofactors and vitamins
-0.458368619,0.076784541,2.38e-09,1.74e-08,Bacteria,Actinobacteria,ko00260,"Glycine, serine and threonine metabolism",Metabolism,Amino acid metabolism
-0.849141902,0.114354716,1.12e-13,2.59e-12,Bacteria,Proteobacteria,ko00260,"Glycine, serine and threonine metabolism",Metabolism,Amino acid metabolism
-0.893989078,0.110207126,4.98e-16,2.24e-14,Bacteria,Proteobacteria,ko00680,Methane metabolism,Metabolism,Energy metabolism
-0.818984339,0.187024268,1.19e-05,3.28e-05,Bacteria,Proteobacteria,ko04940,Type I diabetes mellitus,Human Diseases,Endocrine and metabolic disease
-0.845817619,0.150845442,2.06e-08,1.19e-07,Bacteria,Proteobacteria,ko05134,Legionellosis,Human Diseases,Infectious disease: bacterial
-0.828899581,0.158423519,1.68e-07,7.52e-07,Bacteria,Proteobacteria,ko05152,Tuberculosis,Human Diseases,Infectious disease: bacterial
0.135727766,0.068545948,0.047692401,0.068420748,Bacteria,Firmicutes,ko03020,RNA polymerase,Genetic Information Processing,Transcription
-0.41841043,0.092624234,6.26e-06,1.83e-05,Bacteria,Actinobacteria,ko00240,Pyrimidine metabolism,Metabolism,Nucleotide metabolism
-0.378624409,0.105782716,0.000344561,0.000711486,Bacteria,Actinobacteria,ko03020,RNA polymerase,Genetic Information Processing,Transcription
0.588975959,0.126791571,3.4e-06,1.07e-05,Bacteria,Bacteroidetes,ko00550,Peptidoglycan biosynthesis,Metabolism,Glycan biosynthesis and metabolism
-0.697761887,0.155355483,7.08e-06,2.02e-05,Bacteria,Proteobacteria,ko00550,Peptidoglycan biosynthesis,Metabolism,Glycan biosynthesis and metabolism
0.0922675,0.160354675,0.565023247,0.619942087,Bacteria,Fusobacteria,ko00240,Pyrimidine metabolism,Metabolism,Nucleotide metabolism
0.149669805,0.142407748,0.29326097,0.355082347,Bacteria,Fusobacteria,ko00400,"Phenylalanine, tyrosine and tryptophan biosynthesis",Metabolism,Amino acid metabolism
-0.022609621,0.189127947,0.904842249,0.924601167,Bacteria,Fusobacteria,ko00410,beta-Alanine metabolism,Metabolism,Metabolism of other amino acids
-0.055930991,0.172332553,0.745519651,0.788346588,Bacteria,Fusobacteria,ko00740,Riboflavin metabolism,Metabolism,Metabolism of cofactors and vitamins
0.147655434,0.17099511,0.387858901,0.448461855,Bacteria,Fusobacteria,ko00770,Pantothenate and CoA biosynthesis,Metabolism,Metabolism of cofactors and vitamins
0.117712922,0.152192158,0.439256508,0.502052518,Bacteria,Fusobacteria,ko00900,Terpenoid backbone biosynthesis,Metabolism,Metabolism of terpenoids and polyketides
0.057979803,0.121250802,0.632521542,0.680880766,Bacteria,Fusobacteria,ko01230,Biosynthesis of amino acids,Metabolism,Global and overview maps
0.095447386,0.147309499,0.517025208,0.573231433,Bacteria,Fusobacteria,ko03010,Ribosome,Genetic Information Processing,Translation
-0.164979686,0.076731215,0.031547409,0.04712857,Bacteria,Firmicutes,ko00410,beta-Alanine metabolism,Metabolism,Metabolism of other amino acids
0.081521771,0.061610842,0.185778021,0.236080537,Bacteria,Firmicutes,ko00770,Pantothenate and CoA biosynthesis,Metabolism,Metabolism of cofactors and vitamins
-0.254965768,0.060677023,2.65e-05,6.83e-05,Bacteria,Actinobacteria,ko00270,Cysteine and methionine metabolism,Metabolism,Amino acid metabolism
0.487253354,0.113546767,1.78e-05,4.72e-05,Bacteria,Bacteroidetes,ko04931,Insulin resistance,Human Diseases,Endocrine and metabolic disease
-0.723317176,0.122462009,3.5e-09,2.42e-08,Bacteria,Proteobacteria,ko04931,Insulin resistance,Human Diseases,Endocrine and metabolic disease
-0.433207954,0.075460856,9.42e-09,5.95e-08,Bacteria,Firmicutes,ko04068,FoxO signaling pathway,Environmental Information Processing,Signal transduction
0.187196343,0.09410591,0.046678115,0.067208038,Bacteria,Firmicutes,ko04151,PI3K-Akt signaling pathway,Environmental Information Processing,Signal transduction
-0.408337375,0.085149132,1.62e-06,5.57e-06,Bacteria,Firmicutes,ko04964,Proximal tubule bicarbonate reclamation,Organismal Systems,Excretory system
0.18467894,0.05879918,0.001684628,0.003156942,Bacteria,Firmicutes,ko00790,Folate biosynthesis,Metabolism,Metabolism of cofactors and vitamins
0.173646122,0.113706658,0.126725903,0.168438523,Bacteria,Bacteroidetes,ko00440,Phosphonate and phosphinate metabolism,Metabolism,Metabolism of other amino acids
0.211643417,0.092539378,0.022192127,0.034113694,Bacteria,Bacteroidetes,ko00630,Glyoxylate and dicarboxylate metabolism,Metabolism,Carbohydrate metabolism
0.111330387,0.063247218,0.07836684,0.108230593,Bacteria,Firmicutes,ko00440,Phosphonate and phosphinate metabolism,Metabolism,Metabolism of other amino acids
-0.081934203,0.119818632,0.494089753,0.551646875,Bacteria,Actinobacteria,ko00440,Phosphonate and phosphinate metabolism,Metabolism,Metabolism of other amino acids
-0.127673681,0.083224453,0.125007866,0.166572458,Bacteria,Firmicutes,ko00480,Glutathione metabolism,Metabolism,Metabolism of other amino acids
0.551045997,0.108823226,4.11e-07,1.66e-06,Bacteria,Bacteroidetes,ko00480,Glutathione metabolism,Metabolism,Metabolism of other amino acids
-0.050034484,0.144551005,0.729239589,0.77245019,Bacteria,Fusobacteria,ko00450,Selenocompound metabolism,Metabolism,Metabolism of other amino acids
-0.64281279,0.108494264,3.13e-09,2.22e-08,Bacteria,Proteobacteria,ko00730,Thiamine metabolism,Metabolism,Metabolism of cofactors and vitamins
-0.901406879,0.135131435,2.55e-11,3.03e-10,Bacteria,Proteobacteria,ko04122,Sulfur relay system,Genetic Information Processing,"Folding, sorting and degradation"
0.248699,0.077487397,0.001329469,0.002536194,Bacteria,Firmicutes,ko00550,Peptidoglycan biosynthesis,Metabolism,Glycan biosynthesis and metabolism
0.869296764,0.164110622,1.18e-07,5.52e-07,Bacteria,Tenericutes,ko00550,Peptidoglycan biosynthesis,Metabolism,Glycan biosynthesis and metabolism
0.25042844,0.136037623,0.065639683,0.091768661,Bacteria,Tenericutes,ko01100,Metabolic pathways Major,Metabolism,Global and overview maps
-0.35367122,0.245306754,0.149372673,0.194956459,Bacteria,Fusobacteria,ko02060,Phosphotransferase system (PTS),Environmental Information Processing,Membrane transport
-0.017191228,0.049490526,0.728317867,0.771987825,Bacteria,Firmicutes,ko00640,Propanoate metabolism,Metabolism,Carbohydrate metabolism
-1.037092015,0.148332309,2.72e-12,3.93e-11,Bacteria,Proteobacteria,ko00643,Styrene degradation,Metabolism,Xenobiotics biodegradation and metabolism
-1.182155113,0.154371534,1.89e-14,5.37e-13,Bacteria,Proteobacteria,ko00627,Aminobenzoate degradation,Metabolism,Xenobiotics biodegradation and metabolism
0.666538886,0.12876811,2.26e-07,9.79e-07,Bacteria,Bacteroidetes,ko00860,Porphyrin and chlorophyll metabolism,Metabolism,Metabolism of cofactors and vitamins
-0.371457594,0.084604904,1.13e-05,3.11e-05,Bacteria,Actinobacteria,ko00220,Arginine biosynthesis,Metabolism,Amino acid metabolism
0.057553982,0.151123109,0.703320711,0.747983456,Bacteria,Fusobacteria,ko03018,RNA degradation,Genetic Information Processing,"Folding, sorting and degradation"
0.052519255,0.057935165,0.364661879,0.425974339,Bacteria,Firmicutes,ko04213,Longevity regulating pathway - multiple species,Organismal Systems,Aging
-0.544119663,0.101311703,7.84e-08,3.82e-07,Bacteria,Actinobacteria,ko02020,Two-component system,Environmental Information Processing,Signal transduction
0.091755796,0.097709593,0.347696653,0.410070701,Bacteria,Synergistetes,ko02024,Quorum sensing,Cellular Processes,Cellular community - prokaryotes
0.101233871,0.113645759,0.373044836,0.433538594,Bacteria,Synergistetes,ko03060,Protein export,Genetic Information Processing,"Folding, sorting and degradation"
0.00295509,0.114707602,0.97944722,0.982535011,Bacteria,Synergistetes,ko03070,Bacterial secretion system,Environmental Information Processing,Membrane transport
-0.959873845,0.228343393,2.63e-05,6.79e-05,Bacteria,Proteobacteria,ko00405,Phenazine biosynthesis,Metabolism,Biosynthesis of other secondary metabolites
0.40996181,0.091991723,8.33e-06,2.35e-05,Bacteria,Firmicutes,ko00633,Nitrotoluene degradation,Metabolism,Xenobiotics biodegradation and metabolism
0.125530907,0.132834342,0.344649443,0.407080374,Bacteria,Fusobacteria,ko00010,Glycolysis / Gluconeogenesis,Metabolism,Carbohydrate metabolism
0.296810755,0.128051175,0.020454359,0.031811227,Bacteria,Fusobacteria,ko00020,Citrate cycle (TCA cycle),Metabolism,Carbohydrate metabolism
0.052688737,0.116862483,0.652089723,0.698166049,Bacteria,Fusobacteria,ko00620,Pyruvate metabolism,Metabolism,Carbohydrate metabolism
0.804526305,0.139716944,8.5e-09,5.39e-08,Bacteria,Fusobacteria,ko00633,Nitrotoluene degradation,Metabolism,Xenobiotics biodegradation and metabolism
-0.013249271,0.108833359,0.903105674,0.923419748,Bacteria,Fusobacteria,ko00640,Propanoate metabolism,Metabolism,Carbohydrate metabolism
0.296995023,0.109308316,0.006586873,0.011019679,Bacteria,Fusobacteria,ko00650,Butanoate metabolism,Metabolism,Carbohydrate metabolism
0.227470698,0.140877387,0.106381857,0.144291164,Bacteria,Fusobacteria,ko00680,Methane metabolism,Metabolism,Energy metabolism
0.108812201,0.1166714,0.35100682,0.413056102,Bacteria,Fusobacteria,ko00720,Carbon fixation pathways in prokaryotes,Metabolism,Energy metabolism
0.11868933,0.112193356,0.29010112,0.35206017,Bacteria,Fusobacteria,ko01200,Carbon metabolism,Metabolism,Global and overview maps
0.331422614,0.095216584,0.000500061,0.00101221,Archaea,Euryarchaeota,ko00010,Glycolysis / Gluconeogenesis,Metabolism,Carbohydrate metabolism
0.37952127,0.093438183,4.87e-05,0.000117775,Archaea,Euryarchaeota,ko00020,Citrate cycle (TCA cycle),Metabolism,Carbohydrate metabolism
0.097679183,0.075032629,0.192976986,0.244447759,Archaea,Euryarchaeota,ko00620,Pyruvate metabolism,Metabolism,Carbohydrate metabolism
0.480871449,0.118031923,4.62e-05,0.000112384,Archaea,Euryarchaeota,ko00633,Nitrotoluene degradation,Metabolism,Xenobiotics biodegradation and metabolism
-0.04190444,0.081196291,0.605792875,0.656550725,Archaea,Euryarchaeota,ko00640,Propanoate metabolism,Metabolism,Carbohydrate metabolism
0.366349842,0.09160134,6.35e-05,0.0001508,Archaea,Euryarchaeota,ko00650,Butanoate metabolism,Metabolism,Carbohydrate metabolism
0.536867071,0.14198394,0.000156086,0.000339716,Archaea,Euryarchaeota,ko00680,Methane metabolism,Metabolism,Energy metabolism
0.116800218,0.081247474,0.150551599,0.196133787,Archaea,Euryarchaeota,ko00720,Carbon fixation pathways in prokaryotes,Metabolism,Energy metabolism
0.286695851,0.107717137,0.007777899,0.012917157,Archaea,Euryarchaeota,ko01100,Metabolic pathways Major,Metabolism,Global and overview maps
0.381047611,0.118230183,0.001268865,0.0024264,Archaea,Euryarchaeota,ko01120,Microbial metabolism in diverse environments,Metabolism,Global and overview maps
0.166516568,0.092411959,0.07156206,0.099610882,Archaea,Euryarchaeota,ko01130,Biosynthesis of antibiotics,Metabolism,Global and overview maps
0.358941476,0.11222376,0.001381711,0.002629548,Archaea,Euryarchaeota,ko01200,Carbon metabolism,Metabolism,Global and overview maps
-0.741091745,0.195834886,0.000154161,0.000335988,Bacteria,Firmicutes,ko04022,cGMP-PKG signaling pathway,Environmental Information Processing,Signal transduction
-0.741091745,0.195834886,0.000154161,0.000335988,Bacteria,Firmicutes,ko04024,cAMP signaling pathway,Environmental Information Processing,Signal transduction
-0.741091745,0.195834886,0.000154161,0.000335988,Bacteria,Firmicutes,ko04260,Cardiac muscle contraction,Organismal Systems,Circulatory system
-0.741091745,0.195834886,0.000154161,0.000335988,Bacteria,Firmicutes,ko04261,Adrenergic signaling in cardiomyocytes,Organismal Systems,Circulatory system
-0.741091745,0.195834886,0.000154161,0.000335988,Bacteria,Firmicutes,ko04911,Insulin secretion,Organismal Systems,Endocrine system
-0.551207765,0.123993559,8.77e-06,2.47e-05,Bacteria,Firmicutes,ko04918,Thyroid hormone synthesis,Organismal Systems,Endocrine system
-0.285264404,0.137192907,0.037590325,0.055324891,Bacteria,Firmicutes,ko04919,Thyroid hormone signaling pathway,Organismal Systems,Endocrine system
-0.741091745,0.195834886,0.000154161,0.000335988,Bacteria,Firmicutes,ko04925,Aldosterone synthesis and secretion,Organismal Systems,Endocrine system
-0.741091745,0.195834886,0.000154161,0.000335988,Bacteria,Firmicutes,ko04960,Aldosterone-regulated sodium reabsorption,Organismal Systems,Excretory system
-0.741091745,0.195834886,0.000154161,0.000335988,Bacteria,Firmicutes,ko04961,Endocrine and other factor-regulated calcium reabsorption,Organismal Systems,Excretory system
-0.741091745,0.195834886,0.000154161,0.000335988,Bacteria,Firmicutes,ko04970,Salivary secretion,Organismal Systems,Digestive system
-0.741091745,0.195834886,0.000154161,0.000335988,Bacteria,Firmicutes,ko04971,Gastric acid secretion,Organismal Systems,Digestive system
-0.741091745,0.195834886,0.000154161,0.000335988,Bacteria,Firmicutes,ko04972,Pancreatic secretion,Organismal Systems,Digestive system
0.315610727,0.103642331,0.002325323,0.004267116,Bacteria,Firmicutes,ko04973,Carbohydrate digestion and absorption,Organismal Systems,Digestive system
-0.650044506,0.177791462,0.000255963,0.000537961,Bacteria,Firmicutes,ko04974,Protein digestion and absorption,Organismal Systems,Digestive system
-0.614954452,0.156499684,8.51e-05,0.000197252,Bacteria,Firmicutes,ko04976,Bile secretion,Organismal Systems,Digestive system
-0.639882712,0.17445099,0.000244474,0.000518612,Bacteria,Firmicutes,ko04978,Mineral absorption,Organismal Systems,Digestive system
0.130347402,0.068543723,0.057214576,0.080986113,Bacteria,Firmicutes,ko00561,Glycerolipid metabolism,Metabolism,Lipid metabolism
-0.98466201,0.173702466,1.44e-08,8.61e-08,Bacteria,Proteobacteria,ko00785,Lipoic acid metabolism,Metabolism,Metabolism of cofactors and vitamins
-0.184492721,0.090192476,0.040801209,0.059664268,Bacteria,Actinobacteria,ko05111,Biofilm formation - Vibrio cholerae,Cellular Processes,Cellular community - prokaryotes
0.172482036,0.071708738,0.016158573,0.025656975,Bacteria,Firmicutes,ko04112,Cell cycle - Caulobacter,Cellular Processes,Cell growth and death
-0.387540025,0.109745434,0.00041358,0.000846854,Bacteria,Actinobacteria,ko04112,Cell cycle - Caulobacter,Cellular Processes,Cell growth and death
0.574301968,0.1190392,1.4e-06,4.99e-06,Bacteria,Bacteroidetes,ko05111,Biofilm formation - Vibrio cholerae,Cellular Processes,Cellular community - prokaryotes
-0.094402126,0.081218107,0.245102025,0.304416333,Bacteria,Actinobacteria,ko02026,Biofilm formation - Escherichia coli,Cellular Processes,Cellular community - prokaryotes
-0.490321598,0.088507262,3.03e-08,1.65e-07,Bacteria,Actinobacteria,ko05134,Legionellosis,Human Diseases,Infectious disease: bacterial
-0.270689081,0.20874922,0.194727888,0.246273505,Bacteria,Actinobacteria,ko00120,Primary bile acid biosynthesis,Metabolism,Lipid metabolism
-0.938001633,0.137262038,8.28e-12,1.09e-10,Bacteria,Proteobacteria,ko00220,Arginine biosynthesis,Metabolism,Amino acid metabolism
-1.092592779,0.150594263,4.01e-13,7.69e-12,Bacteria,Proteobacteria,ko05418,Fluid shear stress and atherosclerosis,Human Diseases,Cardiovascular disease
0.042248585,0.080394773,0.599225871,0.651207897,Bacteria,Firmicutes,ko05418,Fluid shear stress and atherosclerosis,Human Diseases,Cardiovascular disease
0.167964655,0.06363813,0.008305995,0.01366581,Bacteria,Firmicutes,ko00261,Monobactam biosynthesis,Metabolism,Biosynthesis of other secondary metabolites
0.146425911,0.063077378,0.020266902,0.031612393,Bacteria,Firmicutes,ko00920,Sulfur metabolism,Metabolism,Energy metabolism
0.091994181,0.093757424,0.3264973,0.389969025,Bacteria,Firmicutes,ko04930,Type II diabetes mellitus,Human Diseases,Endocrine and metabolic disease
0.089740293,0.094714435,0.343392846,0.405897488,Bacteria,Firmicutes,ko05165,Human papillomavirus infection,Human Diseases,Infectious disease: viral
0.086490407,0.094791433,0.361543184,0.423887403,Bacteria,Firmicutes,ko05203,Viral carcinogenesis,Human Diseases,Cancer: overview
-0.620445996,0.098147276,2.59e-10,2.51e-09,Bacteria,Proteobacteria,ko04922,Glucagon signaling pathway,Organismal Systems,Endocrine system
-0.685928086,0.153382808,7.75e-06,2.21e-05,Bacteria,Proteobacteria,ko04930,Type II diabetes mellitus,Human Diseases,Endocrine and metabolic disease
-0.685490331,0.153399397,7.87e-06,2.23e-05,Bacteria,Proteobacteria,ko05165,Human papillomavirus infection,Human Diseases,Infectious disease: viral
-0.686940012,0.15335953,7.49e-06,2.14e-05,Bacteria,Proteobacteria,ko05203,Viral carcinogenesis,Human Diseases,Cancer: overview
-0.668414757,0.108736346,7.89e-10,6.64e-09,Bacteria,Proteobacteria,ko05230,Central carbon metabolism in cancer,Human Diseases,Cancer: overview
0.626151694,0.107898089,6.51e-09,4.24e-08,Bacteria,Bacteroidetes,ko00910,Nitrogen metabolism,Metabolism,Energy metabolism
-1.309788066,0.17862984,2.26e-13,4.8e-12,Bacteria,Proteobacteria,ko00310,Lysine degradation,Metabolism,Amino acid metabolism
-1.320600512,0.171375572,1.3e-14,3.83e-13,Bacteria,Proteobacteria,ko00380,Tryptophan metabolism,Metabolism,Amino acid metabolism
-0.200626607,0.073075351,0.006042322,0.010205239,Bacteria,Actinobacteria,ko02010,ABC transporters,Environmental Information Processing,Membrane transport
0.02222365,0.062764762,0.723280087,0.767159079,Bacteria,Firmicutes,ko01523,Antifolate resistance,Human Diseases,Drug resistance: antineoplastic
-0.334573119,0.093162551,0.000329054,0.000683452,Bacteria,Actinobacteria,ko00670,One carbon pool by folate,Metabolism,Metabolism of cofactors and vitamins
-0.371619804,0.078852168,2.44e-06,8e-06,Bacteria,Actinobacteria,ko01523,Antifolate resistance,Human Diseases,Drug resistance: antineoplastic
0.510454642,0.142621168,0.000344787,0.000711486,Bacteria,Candidatus Saccharibacteria,ko00240,Pyrimidine metabolism,Metabolism,Nucleotide metabolism
0.523545782,0.135011075,0.000105406,0.000239231,Bacteria,Candidatus Saccharibacteria,ko01100,Metabolic pathways Major,Metabolism,Global and overview maps
-0.590071999,0.091304225,1.03e-10,1.05e-09,Bacteria,Actinobacteria,ko00290,"Valine, leucine and isoleucine biosynthesis",Metabolism,Amino acid metabolism
-0.346248569,0.089436525,0.000108192,0.000244856,Bacteria,Actinobacteria,ko00770,Pantothenate and CoA biosynthesis,Metabolism,Metabolism of cofactors and vitamins
-0.601611633,0.075825732,2.12e-15,8.03e-14,Bacteria,Actinobacteria,ko01210,2-Oxocarboxylic acid metabolism,Metabolism,Global and overview maps
0.018130002,0.057356317,0.751930969,0.793843512,Bacteria,Firmicutes,ko00290,"Valine, leucine and isoleucine biosynthesis",Metabolism,Amino acid metabolism
-0.249079631,0.090396903,0.005862041,0.009921816,Bacteria,Firmicutes,ko00053,Ascorbate and aldarate metabolism,Metabolism,Carbohydrate metabolism
-0.293062784,0.052960331,3.14e-08,1.69e-07,Bacteria,Firmicutes,ko00280,"Valine, leucine and isoleucine degradation",Metabolism,Amino acid metabolism
-0.246107471,0.057310498,1.75e-05,4.66e-05,Bacteria,Firmicutes,ko00310,Lysine degradation,Metabolism,Amino acid metabolism
0.015402647,0.064100346,0.810105751,0.84130434,Bacteria,Firmicutes,ko00340,Histidine metabolism,Metabolism,Amino acid metabolism
-0.433058319,0.0623811,3.86e-12,5.39e-11,Bacteria,Firmicutes,ko00380,Tryptophan metabolism,Metabolism,Amino acid metabolism
-0.342423913,0.098556106,0.000511986,0.001033718,Bacteria,Firmicutes,ko00903,Limonene and pinene degradation,Metabolism,Metabolism of terpenoids and polyketides
-0.432424518,0.118198446,0.000253733,0.000535398,Bacteria,Firmicutes,ko00981,Insect hormone biosynthesis,Metabolism,Metabolism of terpenoids and polyketides
-0.732962191,0.095063541,1.26e-14,3.77e-13,Bacteria,Actinobacteria,ko00053,Ascorbate and aldarate metabolism,Metabolism,Carbohydrate metabolism
-0.939031297,0.095464021,7.84e-23,3.12e-20,Bacteria,Actinobacteria,ko00280,"Valine, leucine and isoleucine degradation",Metabolism,Amino acid metabolism
-1.234980355,0.120137545,8.7e-25,6.92e-22,Bacteria,Actinobacteria,ko00310,Lysine degradation,Metabolism,Amino acid metabolism
-0.797246151,0.112018869,1.1e-12,1.79e-11,Bacteria,Actinobacteria,ko00340,Histidine metabolism,Metabolism,Amino acid metabolism
-1.307491407,0.124582183,9.11e-26,1.45e-22,Bacteria,Actinobacteria,ko00380,Tryptophan metabolism,Metabolism,Amino acid metabolism
-0.858402853,0.097819629,1.7e-18,1.81e-16,Bacteria,Actinobacteria,ko00410,beta-Alanine metabolism,Metabolism,Metabolism of other amino acids
-0.287427827,0.104261334,0.005836973,0.009900452,Bacteria,Actinobacteria,ko00561,Glycerolipid metabolism,Metabolism,Lipid metabolism
-0.462273555,0.053260036,3.97e-18,3.84e-16,Bacteria,Actinobacteria,ko00625,Chloroalkane and chloroalkene degradation,Metabolism,Xenobiotics biodegradation and metabolism
-1.043045255,0.111254118,6.9e-21,1.2e-18,Bacteria,Actinobacteria,ko00903,Limonene and pinene degradation,Metabolism,Metabolism of terpenoids and polyketides
-0.836318116,0.102176961,2.72e-16,1.4e-14,Bacteria,Actinobacteria,ko00981,Insect hormone biosynthesis,Metabolism,Metabolism of terpenoids and polyketides
-0.397054989,0.134512933,0.003159297,0.005647687,Bacteria,Actinobacteria,ko03430,Mismatch repair,Genetic Information Processing,Replication and repair
-0.10543191,0.18417099,0.567005283,0.621284714,Bacteria,Proteobacteria,ko04142,Lysosome,Cellular Processes,Transport and catabolism
-0.27614574,0.177965053,0.120737563,0.162104188,Bacteria,Actinobacteria,ko00524,"Neomycin, kanamycin and gentamicin biosynthesis",Metabolism,Biosynthesis of other secondary metabolites
0.17117042,0.090860395,0.059580705,0.084010535,Bacteria,Synergistetes,ko00010,Glycolysis / Gluconeogenesis,Metabolism,Carbohydrate metabolism
0.538209666,0.108241204,6.62e-07,2.51e-06,Bacteria,Synergistetes,ko00020,Citrate cycle (TCA cycle),Metabolism,Carbohydrate metabolism
0.323363691,0.083137226,0.000100444,0.000229277,Bacteria,Synergistetes,ko00620,Pyruvate metabolism,Metabolism,Carbohydrate metabolism
0.31225618,0.095280808,0.001048346,0.002034047,Bacteria,Synergistetes,ko00650,Butanoate metabolism,Metabolism,Carbohydrate metabolism
0.251087598,0.076197184,0.000983395,0.001912692,Bacteria,Synergistetes,ko00720,Carbon fixation pathways in prokaryotes,Metabolism,Energy metabolism
0.147883362,0.063147159,0.019186643,0.030104486,Bacteria,Synergistetes,ko01120,Microbial metabolism in diverse environments,Metabolism,Global and overview maps
0.111144895,0.067551059,0.099898388,0.136310751,Bacteria,Synergistetes,ko01130,Biosynthesis of antibiotics,Metabolism,Global and overview maps
0.170349078,0.06564692,0.009461054,0.01545435,Bacteria,Synergistetes,ko01200,Carbon metabolism,Metabolism,Global and overview maps
0.128848437,0.067867199,0.057625285,0.081350336,Bacteria,Firmicutes,ko03060,Protein export,Genetic Information Processing,"Folding, sorting and degradation"
0.191426837,0.07205636,0.007892683,0.013080477,Bacteria,Firmicutes,ko03070,Bacterial secretion system,Environmental Information Processing,Membrane transport
0.616521555,0.128503582,1.6e-06,5.53e-06,Bacteria,Bacteroidetes,ko03060,Protein export,Genetic Information Processing,"Folding, sorting and degradation"
0.725120366,0.127507229,1.29e-08,7.86e-08,Bacteria,Bacteroidetes,ko03070,Bacterial secretion system,Environmental Information Processing,Membrane transport
-0.781434929,0.162086725,1.43e-06,5.06e-06,Bacteria,Proteobacteria,ko00750,Vitamin B6 metabolism,Metabolism,Metabolism of cofactors and vitamins
-0.904414183,0.155034827,5.42e-09,3.6e-08,Bacteria,Proteobacteria,ko00195,Photosynthesis,Metabolism,Energy metabolism
0.033645621,0.152753281,0.825667736,0.855232661,Bacteria,Fusobacteria,ko00190,Oxidative phosphorylation,Metabolism,Energy metabolism
-0.087609237,0.165153494,0.595784998,0.648798037,Bacteria,Fusobacteria,ko00195,Photosynthesis,Metabolism,Energy metabolism
0.11024575,0.080270616,0.169619954,0.217808996,Bacteria,Firmicutes,ko00195,Photosynthesis,Metabolism,Energy metabolism
-0.672647738,0.127187786,1.23e-07,5.75e-07,Bacteria,Proteobacteria,ko00561,Glycerolipid metabolism,Metabolism,Lipid metabolism
-0.98934907,0.152387818,8.45e-11,8.68e-10,Bacteria,Proteobacteria,ko00564,Glycerophospholipid metabolism,Metabolism,Lipid metabolism
-0.869340372,0.204552406,2.14e-05,5.61e-05,Bacteria,Proteobacteria,ko02060,Phosphotransferase system (PTS),Environmental Information Processing,Membrane transport
0.201005124,0.064019973,0.001691064,0.003165273,Bacteria,Firmicutes,ko00523,Polyketide sugar unit biosynthesis,Metabolism,Metabolism of terpenoids and polyketides
-0.885897786,0.191926605,3.92e-06,1.23e-05,Bacteria,Proteobacteria,ko00333,Prodigiosin biosynthesis,Metabolism,Biosynthesis of other secondary metabolites
0.242566083,0.068870499,0.000428206,0.000874552,Bacteria,Firmicutes,ko01501,beta-Lactam resistance,Human Diseases,Drug resistance: antimicrobial
-0.144706559,0.124152646,0.243794993,0.303029558,Bacteria,Firmicutes,ko00365,Furfural degradation,Metabolism,Xenobiotics biodegradation and metabolism
0.221807856,0.062753366,0.000408398,0.00083732,Bacteria,Firmicutes,ko00750,Vitamin B6 metabolism,Metabolism,Metabolism of cofactors and vitamins
-0.778700539,0.150439064,2.26e-07,9.79e-07,Bacteria,Proteobacteria,ko01523,Antifolate resistance,Human Diseases,Drug resistance: antineoplastic
0.521104797,0.112127025,3.36e-06,1.07e-05,Bacteria,Bacteroidetes,ko00920,Sulfur metabolism,Metabolism,Energy metabolism
0.638570492,0.137268348,3.29e-06,1.05e-05,Bacteria,Bacteroidetes,ko00130,Ubiquinone and other terpenoid-quinone biosynthesis,Metabolism,Metabolism of cofactors and vitamins
-1.451795102,0.211664036,6.94e-12,9.27e-11,Bacteria,Proteobacteria,ko00130,Ubiquinone and other terpenoid-quinone biosynthesis,Metabolism,Metabolism of cofactors and vitamins
0.289308001,0.13154946,0.027861311,0.042016441,Archaea,Euryarchaeota,ko00630,Glyoxylate and dicarboxylate metabolism,Metabolism,Carbohydrate metabolism
0.184204809,0.113160047,0.103561894,0.140826473,Archaea,Euryarchaeota,ko01110,Biosynthesis of secondary metabolites,Metabolism,Global and overview maps
0.210283592,0.062387228,0.000749994,0.001493418,Bacteria,Firmicutes,ko00300,Lysine biosynthesis,Metabolism,Amino acid metabolism
0.112847801,0.104344095,0.279476199,0.340725389,Archaea,Euryarchaeota,ko00220,Arginine biosynthesis,Metabolism,Amino acid metabolism
0.325903221,0.109309097,0.002868559,0.005168604,Archaea,Euryarchaeota,ko00250,"Alanine, aspartate and glutamate metabolism",Metabolism,Amino acid metabolism
0.174381063,0.114678661,0.128358734,0.170324225,Archaea,Euryarchaeota,ko00270,Cysteine and methionine metabolism,Metabolism,Amino acid metabolism
0.489573657,0.122489333,6.42e-05,0.000152191,Archaea,Euryarchaeota,ko00330,Arginine and proline metabolism,Metabolism,Amino acid metabolism
0.199058812,0.130146585,0.126141279,0.167801651,Archaea,Euryarchaeota,ko00350,Tyrosine metabolism,Metabolism,Amino acid metabolism
0.323263956,0.107273792,0.002582976,0.004701962,Archaea,Euryarchaeota,ko00360,Phenylalanine metabolism,Metabolism,Amino acid metabolism
0.25171321,0.114123864,0.027411026,0.041376606,Archaea,Euryarchaeota,ko00400,"Phenylalanine, tyrosine and tryptophan biosynthesis",Metabolism,Amino acid metabolism
0.012906538,0.132647786,0.922488702,0.937814393,Archaea,Euryarchaeota,ko00401,Novobiocin biosynthesis,Metabolism,Biosynthesis of other secondary metabolites
0.039910829,0.130039353,0.758909238,0.799618939,Archaea,Euryarchaeota,ko00950,Isoquinoline alkaloid biosynthesis,Metabolism,Biosynthesis of other secondary metabolites
0.012906538,0.132647786,0.922488702,0.937814393,Archaea,Euryarchaeota,ko00960,"Tropane, piperidine and pyridine alkaloid biosynthesis",Metabolism,Biosynthesis of other secondary metabolites
-0.037294,0.091651079,0.684072009,0.729462846,Archaea,Euryarchaeota,ko01210,2-Oxocarboxylic acid metabolism,Metabolism,Global and overview maps
0.231644853,0.105667501,0.028364687,0.042735055,Archaea,Euryarchaeota,ko01230,Biosynthesis of amino acids,Metabolism,Global and overview maps
0.134256421,0.050467178,0.007807756,0.012953222,Bacteria,Firmicutes,ko00360,Phenylalanine metabolism,Metabolism,Amino acid metabolism
0.133513043,0.069254002,0.053870706,0.07656216,Bacteria,Firmicutes,ko00950,Isoquinoline alkaloid biosynthesis,Metabolism,Biosynthesis of other secondary metabolites
0.108655108,0.066646892,0.103035954,0.1403512,Bacteria,Firmicutes,ko00960,"Tropane, piperidine and pyridine alkaloid biosynthesis",Metabolism,Biosynthesis of other secondary metabolites
-0.640125536,0.154476306,3.42e-05,8.63e-05,Bacteria,Proteobacteria,ko00401,Novobiocin biosynthesis,Metabolism,Biosynthesis of other secondary metabolites
-1.273057745,0.197703124,1.2e-10,1.22e-09,Bacteria,Proteobacteria,ko00950,Isoquinoline alkaloid biosynthesis,Metabolism,Biosynthesis of other secondary metabolites
-0.858213439,0.163372206,1.5e-07,6.82e-07,Bacteria,Proteobacteria,ko00960,"Tropane, piperidine and pyridine alkaloid biosynthesis",Metabolism,Biosynthesis of other secondary metabolites
-0.053352985,0.110580782,0.629465199,0.678508897,Archaea,Euryarchaeota,ko00280,"Valine, leucine and isoleucine degradation",Metabolism,Amino acid metabolism
0.137511573,0.201646311,0.495274108,0.552194188,Archaea,Euryarchaeota,ko00900,Terpenoid backbone biosynthesis,Metabolism,Metabolism of terpenoids and polyketides
-0.460229547,0.095475088,1.43e-06,5.07e-06,Bacteria,Firmicutes,ko00072,Synthesis and degradation of ketone bodies,Metabolism,Lipid metabolism
0.12698231,0.111783947,0.255972489,0.316189619,Bacteria,Bacteroidetes,ko01524,Platinum drug resistance,Human Diseases,Drug resistance: antineoplastic
0.08350706,0.128675847,0.51635628,0.572889011,Bacteria,Bacteroidetes,ko04016,MAPK signaling pathway - plant,Environmental Information Processing,Signal transduction
-1.16315609,0.186295144,4.28e-10,3.98e-09,Bacteria,Proteobacteria,ko01524,Platinum drug resistance,Human Diseases,Drug resistance: antineoplastic
-0.81791748,0.141035797,6.66e-09,4.32e-08,Bacteria,Proteobacteria,ko04016,MAPK signaling pathway - plant,Environmental Information Processing,Signal transduction
-0.043410518,0.146750488,0.767373851,0.80746812,Bacteria,Fusobacteria,ko00562,Inositol phosphate metabolism,Metabolism,Carbohydrate metabolism
0.041975577,0.059707626,0.482044104,0.542384844,Bacteria,Firmicutes,ko00562,Inositol phosphate metabolism,Metabolism,Carbohydrate metabolism
-0.537503739,0.14357469,0.000181314,0.000392477,Bacteria,Proteobacteria,ko05340,Primary immunodeficiency,Human Diseases,Immune disease
-0.77498059,0.103172341,5.84e-14,1.43e-12,Bacteria,Actinobacteria,ko00860,Porphyrin and chlorophyll metabolism,Metabolism,Metabolism of cofactors and vitamins
0.450407809,0.158900085,0.004589247,0.007919189,Bacteria,Bacteroidetes,ko04974,Protein digestion and absorption,Organismal Systems,Digestive system
0.474934655,0.143787253,0.000956437,0.001869399,Bacteria,Bacteroidetes,ko00513,Various types of N-glycan biosynthesis,Metabolism,Glycan biosynthesis and metabolism
0.458702233,0.127930289,0.000336351,0.000697697,Bacteria,Bacteroidetes,ko00531,Glycosaminoglycan degradation,Metabolism,Glycan biosynthesis and metabolism
0.590337202,0.131428437,7.07e-06,2.02e-05,Bacteria,Bacteroidetes,ko00603,Glycosphingolipid biosynthesis - globo and isoglobo series,Metabolism,Glycan biosynthesis and metabolism
0.482595953,0.143608724,0.000778038,0.001535805,Bacteria,Bacteroidetes,ko00604,Glycosphingolipid biosynthesis - ganglio series,Metabolism,Glycan biosynthesis and metabolism
0.55381019,0.143889157,0.000118666,0.000267418,Bacteria,Bacteroidetes,ko04142,Lysosome,Cellular Processes,Transport and catabolism
0.481349278,0.116751325,3.74e-05,9.32e-05,Bacteria,Bacteroidetes,ko03010,Ribosome,Genetic Information Processing,Translation
-1.172154497,0.211004144,2.77e-08,1.53e-07,Bacteria,Proteobacteria,ko05110,Vibrio cholerae infection,Human Diseases,Infectious disease: bacterial
0.315593687,0.163170189,0.053096145,0.075627543,Bacteria,Synergistetes,ko00900,Terpenoid backbone biosynthesis,Metabolism,Metabolism of terpenoids and polyketides
0.171766973,0.083304592,0.039215846,0.057504526,Bacteria,Synergistetes,ko01110,Biosynthesis of secondary metabolites,Metabolism,Global and overview maps
-0.094668756,0.097886235,0.333478834,0.3959439,Bacteria,Synergistetes,ko03010,Ribosome,Genetic Information Processing,Translation
0.325179762,0.099722572,0.001110811,0.002147206,Bacteria,Firmicutes,ko00930,Caprolactam degradation,Metabolism,Xenobiotics biodegradation and metabolism
-0.702823311,0.136443805,2.59e-07,1.11e-06,Bacteria,Proteobacteria,ko00660,C5-Branched dibasic acid metabolism,Metabolism,Carbohydrate metabolism
0.414887786,0.102275385,4.98e-05,0.000119861,Bacteria,Bacteroidetes,ko00340,Histidine metabolism,Metabolism,Amino acid metabolism
-0.838928307,0.146360201,9.93e-09,6.24e-08,Bacteria,Proteobacteria,ko00340,Histidine metabolism,Metabolism,Amino acid metabolism
-0.743071361,0.162199034,4.62e-06,1.42e-05,Bacteria,Proteobacteria,ko01502,Vancomycin resistance,Human Diseases,Drug resistance: antimicrobial
-1.324726871,0.159880711,1.17e-16,6.92e-15,Bacteria,Actinobacteria,ko00480,Glutathione metabolism,Metabolism,Metabolism of other amino acids
-0.429882883,0.076396518,1.83e-08,1.06e-07,Bacteria,Actinobacteria,ko03010,Ribosome,Genetic Information Processing,Translation
0.134894983,0.064504313,0.036505189,0.05402768,Bacteria,Firmicutes,ko00521,Streptomycin biosynthesis,Metabolism,Biosynthesis of other secondary metabolites
0.117008068,0.063735548,0.066381789,0.092643356,Bacteria,Firmicutes,ko00525,Acarbose and validamycin biosynthesis,Metabolism,Biosynthesis of other secondary metabolites
-0.597469425,0.142652089,2.81e-05,7.24e-05,Bacteria,Proteobacteria,ko00525,Acarbose and validamycin biosynthesis,Metabolism,Biosynthesis of other secondary metabolites
-0.895290529,0.162146589,3.36e-08,1.79e-07,Bacteria,Proteobacteria,ko03020,RNA polymerase,Genetic Information Processing,Transcription
0.494046916,0.114796314,1.68e-05,4.48e-05,Bacteria,Bacteroidetes,ko00790,Folate biosynthesis,Metabolism,Metabolism of cofactors and vitamins
-1.420424419,0.208545079,9.68e-12,1.23e-10,Bacteria,Proteobacteria,ko00281,Geraniol degradation,Metabolism,Metabolism of terpenoids and polyketides
-1.217958451,0.178388173,8.64e-12,1.11e-10,Bacteria,Proteobacteria,ko00362,Benzoate degradation,Metabolism,Xenobiotics biodegradation and metabolism
-1.403299704,0.22308001,3.16e-10,3.01e-09,Bacteria,Proteobacteria,ko00903,Limonene and pinene degradation,Metabolism,Metabolism of terpenoids and polyketides
-1.46818499,0.232218726,2.57e-10,2.51e-09,Bacteria,Proteobacteria,ko00930,Caprolactam degradation,Metabolism,Xenobiotics biodegradation and metabolism
-1.480778037,0.240852581,7.84e-10,6.64e-09,Bacteria,Proteobacteria,ko01040,Biosynthesis of unsaturated fatty acids,Metabolism,Lipid metabolism
0.850172055,0.161221398,1.34e-07,6.21e-07,Bacteria,Spirochaetes,ko00340,Histidine metabolism,Metabolism,Amino acid metabolism
0.66039098,0.093292501,1.45e-12,2.29e-11,Bacteria,Spirochaetes,ko01230,Biosynthesis of amino acids,Metabolism,Global and overview maps
-0.590859804,0.097560434,1.39e-09,1.07e-08,Bacteria,Actinobacteria,ko01524,Platinum drug resistance,Human Diseases,Drug resistance: antineoplastic
-0.672924958,0.092065767,2.69e-13,5.48e-12,Bacteria,Actinobacteria,ko04016,MAPK signaling pathway - plant,Environmental Information Processing,Signal transduction
0.272066803,0.124496022,0.028863534,0.0432817,Bacteria,Firmicutes,ko02040,Flagellar assembly,Cellular Processes,Cell motility
-0.68344506,0.149667792,4.96e-06,1.5e-05,Bacteria,Proteobacteria,ko00471,D-Glutamine and D-glutamate metabolism,Metabolism,Metabolism of other amino acids
0.748954319,0.150958551,7e-07,2.64e-06,Bacteria,Spirochaetes,ko00052,Galactose metabolism,Metabolism,Carbohydrate metabolism
0.712326905,0.150443115,2.19e-06,7.28e-06,Bacteria,Spirochaetes,ko00520,Amino sugar and nucleotide sugar metabolism,Metabolism,Carbohydrate metabolism
0.446016341,0.110344153,5.3e-05,0.00012696,Bacteria,Bacteroidetes,ko00400,"Phenylalanine, tyrosine and tryptophan biosynthesis",Metabolism,Amino acid metabolism
0.385095463,0.094378868,4.5e-05,0.000109747,Bacteria,Bacteroidetes,ko00670,One carbon pool by folate,Metabolism,Metabolism of cofactors and vitamins
-0.493606076,0.131385101,0.000172003,0.000372829,Bacteria,Proteobacteria,ko04066,HIF-1 signaling pathway,Environmental Information Processing,Signal transduction
-0.83344372,0.178294462,2.95e-06,9.51e-06,Bacteria,Proteobacteria,ko05010,Alzheimer disease,Human Diseases,Neurodegenerative disease
0.652153571,0.116825048,2.37e-08,1.34e-07,Bacteria,Bacteroidetes,ko00500,Starch and sucrose metabolism,Metabolism,Carbohydrate metabolism
0.675452705,0.152340721,9.26e-06,2.59e-05,Bacteria,Bacteroidetes,ko04973,Carbohydrate digestion and absorption,Organismal Systems,Digestive system
-0.695247461,0.074260037,7.8e-21,1.2e-18,Bacteria,Actinobacteria,ko00640,Propanoate metabolism,Metabolism,Carbohydrate metabolism
0.391373597,0.096229605,4.76e-05,0.000115458,Bacteria,Bacteroidetes,ko00640,Propanoate metabolism,Metabolism,Carbohydrate metabolism
-1.788975364,0.412416512,1.44e-05,3.89e-05,Bacteria,Actinobacteria,ko04974,Protein digestion and absorption,Organismal Systems,Digestive system
-0.480596345,0.084031039,1.07e-08,6.6e-08,Bacteria,Actinobacteria,ko05010,Alzheimer disease,Human Diseases,Neurodegenerative disease
-1.046823311,0.136474042,1.71e-14,4.96e-13,Bacteria,Proteobacteria,ko00072,Synthesis and degradation of ketone bodies,Metabolism,Lipid metabolism
-0.293931414,0.094856611,0.00194377,0.003600161,Bacteria,Actinobacteria,ko00300,Lysine biosynthesis,Metabolism,Amino acid metabolism
0.336455481,0.114118939,0.003195394,0.005693025,Archaea,Euryarchaeota,ko00190,Oxidative phosphorylation,Metabolism,Energy metabolism
-0.685233356,0.15113433,5.79e-06,1.71e-05,Bacteria,Proteobacteria,ko00290,"Valine, leucine and isoleucine biosynthesis",Metabolism,Amino acid metabolism
0.158176084,0.061006406,0.009520413,0.015535361,Bacteria,Firmicutes,ko00660,C5-Branched dibasic acid metabolism,Metabolism,Carbohydrate metabolism
0.41724959,0.104530768,6.56e-05,0.000155352,Bacteria,Bacteroidetes,ko00760,Nicotinate and nicotinamide metabolism,Metabolism,Metabolism of cofactors and vitamins
-0.138011728,0.050914254,0.006714747,0.011210034,Bacteria,Firmicutes,ko00362,Benzoate degradation,Metabolism,Xenobiotics biodegradation and metabolism
0.38400035,0.053587651,7.73e-13,1.31e-11,Bacteria,Firmicutes,ko00540,Lipopolysaccharide biosynthesis,Metabolism,Glycan biosynthesis and metabolism
-0.016640068,0.157787504,0.916011827,0.932421508,Bacteria,Fusobacteria,ko00564,Glycerophospholipid metabolism,Metabolism,Lipid metabolism
-1.34135127,0.165360715,4.99e-16,2.24e-14,Bacteria,Proteobacteria,ko00980,Metabolism of xenobiotics by cytochrome P450,Metabolism,Xenobiotics biodegradation and metabolism
-1.35813492,0.16693972,4.1e-16,1.98e-14,Bacteria,Proteobacteria,ko00982,Drug metabolism - cytochrome P450,Metabolism,Xenobiotics biodegradation and metabolism
-1.36398824,0.171679351,1.94e-15,7.54e-14,Bacteria,Proteobacteria,ko05200,Pathways in cancer,Human Diseases,Cancer: overview
-1.746803923,0.2361754,1.4e-13,3.1e-12,Bacteria,Proteobacteria,ko05204,Chemical carcinogenesis,Human Diseases,Cancer: overview
-1.758883362,0.257642308,8.68e-12,1.11e-10,Bacteria,Proteobacteria,ko05225,Hepatocellular carcinoma,Human Diseases,Cancer: specific types
-0.74730627,0.146472576,3.36e-07,1.41e-06,Bacteria,Proteobacteria,ko04152,AMPK signaling pathway,Environmental Information Processing,Signal transduction
-0.566605262,0.133422961,2.17e-05,5.67e-05,Bacteria,Proteobacteria,ko04626,Plant-pathogen interaction,Organismal Systems,Environmental adaptation
-1.069220839,0.253238256,2.42e-05,6.28e-05,Bacteria,Proteobacteria,ko05133,Pertussis,Human Diseases,Infectious disease: bacterial
0.501421533,0.089205586,1.9e-08,1.1e-07,Bacteria,Firmicutes,ko00600,Sphingolipid metabolism,Metabolism,Lipid metabolism
-0.13250191,0.189797371,0.485100276,0.544667988,Bacteria,Proteobacteria,ko00511,Other glycan degradation,Metabolism,Glycan biosynthesis and metabolism
-0.201129337,0.059558324,0.000732771,0.001460951,Bacteria,Actinobacteria,ko00450,Selenocompound metabolism,Metabolism,Metabolism of other amino acids
0.211612429,0.193125351,0.273198791,0.334868472,Bacteria,Fusobacteria,ko03420,Nucleotide excision repair,Genetic Information Processing,Replication and repair
0.34253237,0.171017363,0.045186961,0.065238162,Bacteria,Fusobacteria,ko00670,One carbon pool by folate,Metabolism,Metabolism of cofactors and vitamins
-0.082606558,0.074298035,0.266212561,0.327061147,Bacteria,Firmicutes,ko04066,HIF-1 signaling pathway,Environmental Information Processing,Signal transduction
-0.507181974,0.05929571,1.19e-17,9.5e-16,Bacteria,Actinobacteria,ko04066,HIF-1 signaling pathway,Environmental Information Processing,Signal transduction
-0.308289104,0.065329191,2.37e-06,7.81e-06,Bacteria,Actinobacteria,ko04922,Glucagon signaling pathway,Organismal Systems,Endocrine system
0.346804951,0.092170327,0.00016812,0.000365409,Bacteria,Firmicutes,ko05010,Alzheimer disease,Human Diseases,Neurodegenerative disease
0.332474678,0.143403745,0.020424777,0.031796301,Bacteria,Fibrobacteres,ko00010,Glycolysis / Gluconeogenesis,Metabolism,Carbohydrate metabolism
-0.031189861,0.160861547,0.846259991,0.872585642,Bacteria,Fibrobacteres,ko00710,Carbon fixation in photosynthetic organisms,Metabolism,Energy metabolism
0.315527592,0.088073452,0.000340256,0.000704879,Bacteria,Fibrobacteres,ko01110,Biosynthesis of secondary metabolites,Metabolism,Global and overview maps
0.442422639,0.098105791,6.49e-06,1.88e-05,Bacteria,Fibrobacteres,ko01120,Microbial metabolism in diverse environments,Metabolism,Global and overview maps
0.386801112,0.092416838,2.85e-05,7.32e-05,Bacteria,Fibrobacteres,ko01130,Biosynthesis of antibiotics,Metabolism,Global and overview maps
0.164447319,0.122569311,0.179703674,0.229093386,Bacteria,Fibrobacteres,ko01200,Carbon metabolism,Metabolism,Global and overview maps
0.406720118,0.093907302,1.48e-05,3.99e-05,Bacteria,Fibrobacteres,ko01230,Biosynthesis of amino acids,Metabolism,Global and overview maps
0.2191977,0.101074182,0.030106879,0.045103621,Bacteria,Bacteroidetes,ko04066,HIF-1 signaling pathway,Environmental Information Processing,Signal transduction
0.668118333,0.157332597,2.17e-05,5.67e-05,Bacteria,Bacteroidetes,ko05010,Alzheimer disease,Human Diseases,Neurodegenerative disease
0.554505114,0.121070409,4.65e-06,1.42e-05,Bacteria,Bacteroidetes,ko00740,Riboflavin metabolism,Metabolism,Metabolism of cofactors and vitamins
-0.003732489,0.063848432,0.953383346,0.960628818,Bacteria,Firmicutes,ko00983,Drug metabolism - other enzymes,Metabolism,Xenobiotics biodegradation and metabolism
-0.047388182,0.086281913,0.582851063,0.636892885,Bacteria,Firmicutes,ko05219,Bladder cancer,Human Diseases,Cancer: specific types
0.639961934,0.107249877,2.42e-09,1.76e-08,Bacteria,Bacteroidetes,ko00040,Pentose and glucuronate interconversions,Metabolism,Carbohydrate metabolism
-0.325391153,0.121649587,0.007476864,0.012430189,Bacteria,Actinobacteria,ko00550,Peptidoglycan biosynthesis,Metabolism,Glycan biosynthesis and metabolism
-0.553999025,0.121995886,5.6e-06,1.66e-05,Bacteria,Actinobacteria,ko01501,beta-Lactam resistance,Human Diseases,Drug resistance: antimicrobial
0.03943918,0.137959655,0.774974062,0.813850649,Bacteria,Synergistetes,ko00550,Peptidoglycan biosynthesis,Metabolism,Glycan biosynthesis and metabolism
-0.012890703,0.165823447,0.938036851,0.949374447,Bacteria,Synergistetes,ko01501,beta-Lactam resistance,Human Diseases,Drug resistance: antimicrobial
-0.098791684,0.068202013,0.14747289,0.192793236,Bacteria,Firmicutes,ko04016,MAPK signaling pathway - plant,Environmental Information Processing,Signal transduction
0.178792836,0.092310782,0.052762757,0.075220024,Bacteria,Firmicutes,ko05120,Epithelial cell signaling in Helicobacter pylori infection,Human Diseases,Infectious disease: bacterial
0.706804158,0.127611584,3.05e-08,1.65e-07,Bacteria,Bacteroidetes,ko04112,Cell cycle - Caulobacter,Cellular Processes,Cell growth and death
-0.435492988,0.132101891,0.000978472,0.001905446,Bacteria,Actinobacteria,ko03030,DNA replication,Genetic Information Processing,Replication and repair
-0.361951373,0.071185307,3.68e-07,1.51e-06,Bacteria,Actinobacteria,ko04122,Sulfur relay system,Genetic Information Processing,"Folding, sorting and degradation"
0.630448683,0.141169677,7.97e-06,2.26e-05,Bacteria,Bacteroidetes,ko02026,Biofilm formation - Escherichia coli,Cellular Processes,Cellular community - prokaryotes
0.731637736,0.150026644,1.08e-06,3.93e-06,Bacteria,Bacteroidetes,ko04217,Necroptosis,Cellular Processes,Cell growth and death
0.619322621,0.158522033,9.35e-05,0.000214361,Bacteria,Bacteroidetes,ko04910,Insulin signaling pathway,Organismal Systems,Endocrine system
0.61148829,0.147349968,3.33e-05,8.41e-05,Bacteria,Bacteroidetes,ko04922,Glucagon signaling pathway,Organismal Systems,Endocrine system
-0.409573411,0.121970776,0.00078519,0.001548001,Bacteria,Actinobacteria,ko03060,Protein export,Genetic Information Processing,"Folding, sorting and degradation"
-0.331967362,0.121975969,0.006497065,0.010880874,Bacteria,Actinobacteria,ko03070,Bacterial secretion system,Environmental Information Processing,Membrane transport
0.657859576,0.143628124,4.64e-06,1.42e-05,Bacteria,Bacteroidetes,ko01501,beta-Lactam resistance,Human Diseases,Drug resistance: antimicrobial
-0.051660706,0.165918232,0.755525103,0.797109045,Archaea,Euryarchaeota,ko00240,Pyrimidine metabolism,Metabolism,Nucleotide metabolism
0.066997012,0.135249919,0.620348047,0.670954278,Bacteria,Fusobacteria,ko00983,Drug metabolism - other enzymes,Metabolism,Xenobiotics biodegradation and metabolism
0.28461649,0.201255021,0.157300797,0.203633497,Bacteria,Fusobacteria,ko05219,Bladder cancer,Human Diseases,Cancer: specific types
0.044689027,0.07013231,0.523987897,0.579336167,Bacteria,Firmicutes,ko00430,Taurine and hypotaurine metabolism,Metabolism,Metabolism of other amino acids
-0.21263523,0.091423135,0.020027295,0.031269309,Bacteria,Firmicutes,ko00130,Ubiquinone and other terpenoid-quinone biosynthesis,Metabolism,Metabolism of cofactors and vitamins
-0.115983393,0.082823791,0.161404571,0.208606558,Bacteria,Firmicutes,ko00627,Aminobenzoate degradation,Metabolism,Xenobiotics biodegradation and metabolism
0.255051615,0.073694824,0.00053834,0.001082806,Bacteria,Firmicutes,ko00940,Phenylpropanoid biosynthesis,Metabolism,Biosynthesis of other secondary metabolites
0.655647367,0.175398273,0.000185454,0.000400892,Bacteria,Bacteroidetes,ko00627,Aminobenzoate degradation,Metabolism,Xenobiotics biodegradation and metabolism
0.504395962,0.123856907,4.65e-05,0.00011302,Bacteria,Bacteroidetes,ko00940,Phenylpropanoid biosynthesis,Metabolism,Biosynthesis of other secondary metabolites
0.487140077,0.091927926,1.16e-07,5.48e-07,Bacteria,Bacteroidetes,ko01220,Degradation of aromatic compounds,Metabolism,Global and overview maps
0.197379094,0.158349099,0.212587975,0.267373493,Bacteria,Fusobacteria,ko00500,Starch and sucrose metabolism,Metabolism,Carbohydrate metabolism
0.139908454,0.157665248,0.374876173,0.435348898,Bacteria,Fusobacteria,ko02026,Biofilm formation - Escherichia coli,Cellular Processes,Cellular community - prokaryotes
0.298565301,0.169392119,0.077973207,0.107780515,Bacteria,Fusobacteria,ko04217,Necroptosis,Cellular Processes,Cell growth and death
0.042926002,0.108108949,0.691321422,0.736699519,Bacteria,Fusobacteria,ko04910,Insulin signaling pathway,Organismal Systems,Endocrine system
-0.186890886,0.139735537,0.181072074,0.230468536,Bacteria,Fusobacteria,ko04922,Glucagon signaling pathway,Organismal Systems,Endocrine system
-0.026389732,0.096956373,0.785482459,0.823255989,Bacteria,Fusobacteria,ko04931,Insulin resistance,Human Diseases,Endocrine and metabolic disease
-2.390154815,0.466616544,3.02e-07,1.27e-06,Bacteria,Proteobacteria,ko00404,Staurosporine biosynthesis,Metabolism,Biosynthesis of other secondary metabolites
0.390852485,0.086628316,6.43e-06,1.87e-05,Bacteria,Bacteroidetes,ko00350,Tyrosine metabolism,Metabolism,Amino acid metabolism
0.400163713,0.094778369,2.42e-05,6.28e-05,Bacteria,Bacteroidetes,ko00360,Phenylalanine metabolism,Metabolism,Amino acid metabolism
0.378319792,0.096022203,8.15e-05,0.000189869,Bacteria,Bacteroidetes,ko00401,Novobiocin biosynthesis,Metabolism,Biosynthesis of other secondary metabolites
0.146039412,0.097444653,0.133953846,0.177304965,Bacteria,Bacteroidetes,ko00950,Isoquinoline alkaloid biosynthesis,Metabolism,Biosynthesis of other secondary metabolites
0.346249248,0.090597083,0.00013245,0.000295965,Bacteria,Bacteroidetes,ko00960,"Tropane, piperidine and pyridine alkaloid biosynthesis",Metabolism,Biosynthesis of other secondary metabolites
0.240790701,0.118116277,0.041490931,0.060617145,Archaea,Euryarchaeota,ko00910,Nitrogen metabolism,Metabolism,Energy metabolism
0.331780857,0.14308308,0.020405955,0.031796301,Archaea,Euryarchaeota,ko04217,Necroptosis,Cellular Processes,Cell growth and death
-0.846697346,0.119157901,1.2e-12,1.9e-11,Bacteria,Proteobacteria,ko04217,Necroptosis,Cellular Processes,Cell growth and death
-0.724965013,0.160049751,5.91e-06,1.74e-05,Bacteria,Proteobacteria,ko04964,Proximal tubule bicarbonate reclamation,Organismal Systems,Excretory system
0.85710306,0.145224874,3.59e-09,2.46e-08,Bacteria,Bacteroidetes,ko01051,Biosynthesis of ansamycins,Metabolism,Metabolism of terpenoids and polyketides
0.13683153,0.123758544,0.268885403,0.329835525,Bacteria,Fusobacteria,ko00030,Pentose phosphate pathway,Metabolism,Carbohydrate metabolism
-0.014468422,0.136681911,0.915697639,0.932421508,Bacteria,Fusobacteria,ko00710,Carbon fixation in photosynthetic organisms,Metabolism,Energy metabolism
-0.113724395,0.129573776,0.380117052,0.440150094,Bacteria,Fusobacteria,ko01051,Biosynthesis of ansamycins,Metabolism,Metabolism of terpenoids and polyketides
-0.691982944,0.084128263,1.95e-16,1.03e-14,Bacteria,Actinobacteria,ko00983,Drug metabolism - other enzymes,Metabolism,Xenobiotics biodegradation and metabolism
0.538370967,0.116628505,3.91e-06,1.23e-05,Bacteria,Bacteroidetes,ko00430,Taurine and hypotaurine metabolism,Metabolism,Metabolism of other amino acids
0.000678282,0.144459923,0.996253708,0.996253708,Bacteria,Bacteroidetes,ko00140,Steroid hormone biosynthesis,Metabolism,Lipid metabolism
0.768178252,0.124383177,6.58e-10,5.66e-09,Bacteria,Bacteroidetes,ko00600,Sphingolipid metabolism,Metabolism,Lipid metabolism
-0.794397864,0.284554612,0.00524281,0.008959517,Bacteria,Proteobacteria,ko01059,Biosynthesis of enediyne antibiotics,Metabolism,Metabolism of terpenoids and polyketides
-0.030760248,0.148124713,0.835490922,0.86371582,Archaea,Euryarchaeota,ko00230,Purine metabolism,Metabolism,Nucleotide metabolism
0.833945314,0.196614454,2.22e-05,5.79e-05,Archaea,Euryarchaeota,ko00730,Thiamine metabolism,Metabolism,Metabolism of cofactors and vitamins
-0.535474666,0.098302142,5.12e-08,2.61e-07,Bacteria,Actinobacteria,ko00400,"Phenylalanine, tyrosine and tryptophan biosynthesis",Metabolism,Amino acid metabolism
0.375829008,0.091765846,4.21e-05,0.000103579,Bacteria,Spirochaetes,ko00010,Glycolysis / Gluconeogenesis,Metabolism,Carbohydrate metabolism
0.570347018,0.131161619,1.37e-05,3.72e-05,Bacteria,Spirochaetes,ko00260,"Glycine, serine and threonine metabolism",Metabolism,Amino acid metabolism
0.55692768,0.165445307,0.000762019,0.001513574,Bacteria,Spirochaetes,ko00261,Monobactam biosynthesis,Metabolism,Biosynthesis of other secondary metabolites
0.752017733,0.112912451,2.73e-11,3.2e-10,Bacteria,Spirochaetes,ko00270,Cysteine and methionine metabolism,Metabolism,Amino acid metabolism
0.773388436,0.16534224,2.9e-06,9.39e-06,Bacteria,Spirochaetes,ko00300,Lysine biosynthesis,Metabolism,Amino acid metabolism
0.206989574,0.090906771,0.022789604,0.034930887,Bacteria,Spirochaetes,ko00710,Carbon fixation in photosynthetic organisms,Metabolism,Energy metabolism
0.494487531,0.090661646,4.92e-08,2.52e-07,Bacteria,Spirochaetes,ko01210,2-Oxocarboxylic acid metabolism,Metabolism,Global and overview maps
0.432130439,0.149517814,0.003850455,0.006784135,Bacteria,Spirochaetes,ko04066,HIF-1 signaling pathway,Environmental Information Processing,Signal transduction
-0.130215905,0.186116299,0.484147129,0.543981697,Bacteria,Firmicutes,ko00906,Carotenoid biosynthesis,Metabolism,Metabolism of terpenoids and polyketides
0.349942136,0.214168657,0.102268115,0.139424654,Bacteria,Bacteroidetes,ko00633,Nitrotoluene degradation,Metabolism,Xenobiotics biodegradation and metabolism
-0.353313458,0.197159401,0.073129869,0.10161539,Bacteria,Fusobacteria,ko00920,Sulfur metabolism,Metabolism,Energy metabolism
0.435256216,0.107076861,4.81e-05,0.000116368,Bacteria,Firmicutes,ko04141,Protein processing in endoplasmic reticulum,Genetic Information Processing,"Folding, sorting and degradation"
0.315617466,0.114526587,0.005854082,0.009918897,Bacteria,Firmicutes,ko04612,Antigen processing and presentation,Organismal Systems,Immune system
0.246160441,0.092675259,0.007903579,0.013084906,Bacteria,Firmicutes,ko04621,NOD-like receptor signaling pathway,Organismal Systems,Immune system
0.165651032,0.072672068,0.022641403,0.034737196,Bacteria,Firmicutes,ko04626,Plant-pathogen interaction,Organismal Systems,Environmental adaptation
0.314041448,0.114534723,0.006108706,0.010262884,Bacteria,Firmicutes,ko04657,IL-17 signaling pathway,Organismal Systems,Immune system
0.314041448,0.114534723,0.006108706,0.010262884,Bacteria,Firmicutes,ko04659,Th17 cell differentiation,Organismal Systems,Immune system
0.314041448,0.114534723,0.006108706,0.010262884,Bacteria,Firmicutes,ko04914,Progesterone-mediated oocyte maturation,Organismal Systems,Endocrine system
0.314041448,0.114534723,0.006108706,0.010262884,Bacteria,Firmicutes,ko04915,Estrogen signaling pathway,Organismal Systems,Endocrine system
0.160973035,0.081258323,0.047590864,0.068336701,Bacteria,Firmicutes,ko05200,Pathways in cancer,Human Diseases,Cancer: overview
0.314041448,0.114534723,0.006108706,0.010262884,Bacteria,Firmicutes,ko05215,Prostate cancer,Human Diseases,Cancer: specific types
-0.371632437,0.144948016,0.010350291,0.016854978,Bacteria,Proteobacteria,ko00510,N-Glycan biosynthesis,Metabolism,Glycan biosynthesis and metabolism
-0.795839466,0.146964235,6.12e-08,3.03e-07,Bacteria,Actinobacteria,ko00130,Ubiquinone and other terpenoid-quinone biosynthesis,Metabolism,Metabolism of cofactors and vitamins
0.712686828,0.17256892,3.63e-05,9.08e-05,Bacteria,Lentisphaerae,ko00270,Cysteine and methionine metabolism,Metabolism,Amino acid metabolism
0.888716231,0.159935593,2.75e-08,1.52e-07,Bacteria,Lentisphaerae,ko01100,Metabolic pathways Major,Metabolism,Global and overview maps
0.559525566,0.146063019,0.000127772,0.000286722,Bacteria,Lentisphaerae,ko01110,Biosynthesis of secondary metabolites,Metabolism,Global and overview maps
0.854184081,0.180296641,2.16e-06,7.21e-06,Bacteria,Lentisphaerae,ko01120,Microbial metabolism in diverse environments,Metabolism,Global and overview maps
0.426770543,0.138772783,0.002102777,0.003885619,Bacteria,Lentisphaerae,ko01130,Biosynthesis of antibiotics,Metabolism,Global and overview maps
0.868497752,0.165068561,1.43e-07,6.55e-07,Bacteria,Lentisphaerae,ko01230,Biosynthesis of amino acids,Metabolism,Global and overview maps
0.612362297,0.133481652,4.48e-06,1.38e-05,Bacteria,Bacteroidetes,ko00261,Monobactam biosynthesis,Metabolism,Biosynthesis of other secondary metabolites
0.575698719,0.114599744,5.07e-07,1.99e-06,Bacteria,Fibrobacteres,ko00220,Arginine biosynthesis,Metabolism,Amino acid metabolism
0.294194202,0.141296441,0.037332767,0.055047666,Bacteria,Fibrobacteres,ko01210,2-Oxocarboxylic acid metabolism,Metabolism,Global and overview maps
0.603985874,0.081656508,1.4e-13,3.1e-12,Bacteria,Spirochaetes,ko00220,Arginine biosynthesis,Metabolism,Amino acid metabolism
-1.469377087,0.359509443,4.37e-05,0.000107211,Bacteria,Proteobacteria,ko00984,Steroid degradation,Metabolism,Xenobiotics biodegradation and metabolism
0.276557358,0.090856566,0.002335408,0.004280685,Bacteria,Firmicutes,ko00966,Glucosinolate biosynthesis,Metabolism,Biosynthesis of other secondary metabolites
-1.233337495,0.148513627,1e-16,6.13e-15,Bacteria,Actinobacteria,ko00930,Caprolactam degradation,Metabolism,Xenobiotics biodegradation and metabolism
-0.500105912,0.0703779,1.19e-12,1.9e-11,Bacteria,Actinobacteria,ko01220,Degradation of aromatic compounds,Metabolism,Global and overview maps
0.47836529,0.142173587,0.00076639,0.001517643,Bacteria,Bacteroidetes,ko00660,C5-Branched dibasic acid metabolism,Metabolism,Carbohydrate metabolism
0.113224327,0.084533574,0.180440266,0.229848249,Bacteria,Firmicutes,ko00524,"Neomycin, kanamycin and gentamicin biosynthesis",Metabolism,Biosynthesis of other secondary metabolites
-0.485333467,0.080207376,1.44e-09,1.09e-08,Bacteria,Actinobacteria,ko04213,Longevity regulating pathway - multiple species,Organismal Systems,Aging
0.52226468,0.111307678,2.7e-06,8.8e-06,Bacteria,Bacteroidetes,ko00460,Cyanoamino acid metabolism,Metabolism,Metabolism of other amino acids
-0.016859112,0.066997092,0.801319759,0.837647659,Bacteria,Firmicutes,ko04212,Longevity regulating pathway - worm,Organismal Systems,Aging
-0.069463248,0.074201062,0.349196488,0.411534528,Bacteria,Firmicutes,ko04940,Type I diabetes mellitus,Human Diseases,Endocrine and metabolic disease
0.138387112,0.055952041,0.013386549,0.021469758,Bacteria,Firmicutes,ko05152,Tuberculosis,Human Diseases,Infectious disease: bacterial
0.15137775,0.116584669,0.194137502,0.245722168,Bacteria,Firmicutes,ko00785,Lipoic acid metabolism,Metabolism,Metabolism of cofactors and vitamins
-1.034937654,0.183033667,1.56e-08,9.29e-08,Bacteria,Proteobacteria,ko04141,Protein processing in endoplasmic reticulum,Genetic Information Processing,"Folding, sorting and degradation"
-0.942194351,0.188487927,5.77e-07,2.22e-06,Bacteria,Proteobacteria,ko04151,PI3K-Akt signaling pathway,Environmental Information Processing,Signal transduction
-0.895581159,0.196312987,5.07e-06,1.52e-05,Bacteria,Proteobacteria,ko04612,Antigen processing and presentation,Organismal Systems,Immune system
-0.741892244,0.140675044,1.34e-07,6.21e-07,Bacteria,Proteobacteria,ko04621,NOD-like receptor signaling pathway,Organismal Systems,Immune system
-0.895581159,0.196312987,5.07e-06,1.52e-05,Bacteria,Proteobacteria,ko04657,IL-17 signaling pathway,Organismal Systems,Immune system
-0.895581159,0.196312987,5.07e-06,1.52e-05,Bacteria,Proteobacteria,ko04659,Th17 cell differentiation,Organismal Systems,Immune system
-0.895980235,0.192040817,3.08e-06,9.85e-06,Bacteria,Proteobacteria,ko04914,Progesterone-mediated oocyte maturation,Organismal Systems,Endocrine system
-0.89376757,0.195914619,5.07e-06,1.52e-05,Bacteria,Proteobacteria,ko04915,Estrogen signaling pathway,Organismal Systems,Endocrine system
-0.89376757,0.195914619,5.07e-06,1.52e-05,Bacteria,Proteobacteria,ko05215,Prostate cancer,Human Diseases,Cancer: specific types
-0.717374489,0.169812203,2.39e-05,6.24e-05,Bacteria,Proteobacteria,ko05120,Epithelial cell signaling in Helicobacter pylori infection,Human Diseases,Infectious disease: bacterial
0.264973969,0.158571774,0.094721012,0.129468325,Bacteria,Fibrobacteres,ko00500,Starch and sucrose metabolism,Metabolism,Carbohydrate metabolism
0.240933599,0.157191648,0.125340442,0.166875852,Bacteria,Fusobacteria,ko00052,Galactose metabolism,Metabolism,Carbohydrate metabolism
-1.135336744,0.20026331,1.43e-08,8.61e-08,Bacteria,Proteobacteria,ko04614,Renin-angiotensin system,Organismal Systems,Endocrine system
-1.839421898,0.400493911,4.37e-06,1.35e-05,Bacteria,Proteobacteria,ko04924,Renin secretion,Organismal Systems,Endocrine system
-1.431059735,0.282507301,4.07e-07,1.64e-06,Bacteria,Proteobacteria,ko05142,Chagas disease (American trypanosomiasis),Human Diseases,Infectious disease: parasitic
-1.839421898,0.400493911,4.37e-06,1.35e-05,Bacteria,Proteobacteria,ko05410,Hypertrophic cardiomyopathy (HCM),Human Diseases,Cardiovascular disease
0.581048116,0.116347132,5.91e-07,2.26e-06,Bacteria,Bacteroidetes,ko00770,Pantothenate and CoA biosynthesis,Metabolism,Metabolism of cofactors and vitamins
0.483289653,0.115244966,2.75e-05,7.08e-05,Bacteria,Spirochaetes,ko00051,Fructose and mannose metabolism,Metabolism,Carbohydrate metabolism
0.074588145,0.116184072,0.520884526,0.57630548,Bacteria,Spirochaetes,ko00562,Inositol phosphate metabolism,Metabolism,Carbohydrate metabolism
0.066550154,0.169790198,0.695091302,0.739725927,Bacteria,Fusobacteria,ko00051,Fructose and mannose metabolism,Metabolism,Carbohydrate metabolism
0.136677582,0.13505402,0.311527737,0.372942535,Bacteria,Fusobacteria,ko00520,Amino sugar and nucleotide sugar metabolism,Metabolism,Carbohydrate metabolism
0.161214131,0.211064481,0.444977739,0.507861968,Bacteria,Fusobacteria,ko00540,Lipopolysaccharide biosynthesis,Metabolism,Glycan biosynthesis and metabolism
-0.106708129,0.207689712,0.607401407,0.65784569,Bacteria,Fusobacteria,ko01503,Cationic antimicrobial peptide (CAMP) resistance,Human Diseases,Drug resistance: antimicrobial
0.703744807,0.140424975,5.4e-07,2.1e-06,Bacteria,Bacteroidetes,ko00540,Lipopolysaccharide biosynthesis,Metabolism,Glycan biosynthesis and metabolism
0.547243222,0.112076747,1.05e-06,3.83e-06,Bacteria,Bacteroidetes,ko05152,Tuberculosis,Human Diseases,Infectious disease: bacterial
-0.856229973,0.156775504,4.72e-08,2.43e-07,Bacteria,Proteobacteria,ko00791,Atrazine degradation,Metabolism,Xenobiotics biodegradation and metabolism
-0.713824302,0.121580134,4.33e-09,2.89e-08,Bacteria,Actinobacteria,ko00660,C5-Branched dibasic acid metabolism,Metabolism,Carbohydrate metabolism
-0.770733568,0.188662054,4.4e-05,0.000107932,Bacteria,Proteobacteria,ko00473,D-Alanine metabolism,Metabolism,Metabolism of other amino acids
-0.924187259,0.153495907,1.73e-09,1.3e-08,Bacteria,Proteobacteria,ko00740,Riboflavin metabolism,Metabolism,Metabolism of cofactors and vitamins
-1.530308728,0.320280214,1.77e-06,6.01e-06,Bacteria,Proteobacteria,ko00624,Polycyclic aromatic hydrocarbon degradation,Metabolism,Xenobiotics biodegradation and metabolism
-1.978474322,0.316558282,4.11e-10,3.87e-09,Bacteria,Proteobacteria,ko00965,Betalain biosynthesis,Metabolism,Biosynthesis of other secondary metabolites
-0.373799019,0.068557719,4.97e-08,2.54e-07,Bacteria,Actinobacteria,ko00261,Monobactam biosynthesis,Metabolism,Biosynthesis of other secondary metabolites
0.72358841,0.182506161,7.35e-05,0.000171916,Bacteria,Bacteroidetes,ko05146,Amoebiasis,Human Diseases,Infectious disease: parasitic
-1.043614219,0.171805543,1.24e-09,9.75e-09,Bacteria,Proteobacteria,ko04724,Glutamatergic synapse,Organismal Systems,Nervous system
-0.102218779,0.104324107,0.327175296,0.389969025,Bacteria,Proteobacteria,ko05206,MicroRNAs in cancer,Human Diseases,Cancer: overview
0.747398308,0.163221442,4.67e-06,1.43e-05,Bacteria,Bacteroidetes,ko04724,Glutamatergic synapse,Organismal Systems,Nervous system
0.736613713,0.159683404,3.97e-06,1.24e-05,Bacteria,Bacteroidetes,ko04727,GABAergic synapse,Organismal Systems,Nervous system
-0.214412123,0.179920725,0.233377603,0.29121864,Bacteria,Bacteroidetes,ko04964,Proximal tubule bicarbonate reclamation,Organismal Systems,Excretory system
0.611929389,0.116402484,1.46e-07,6.69e-07,Bacteria,Bacteroidetes,ko05206,MicroRNAs in cancer,Human Diseases,Cancer: overview
0.507186379,0.106412773,1.88e-06,6.31e-06,Bacteria,Bacteroidetes,ko00521,Streptomycin biosynthesis,Metabolism,Biosynthesis of other secondary metabolites
0.651511933,0.116842771,2.46e-08,1.38e-07,Bacteria,Bacteroidetes,ko00562,Inositol phosphate metabolism,Metabolism,Carbohydrate metabolism
-0.537157283,0.131060141,4.16e-05,0.000102548,Bacteria,Actinobacteria,ko04931,Insulin resistance,Human Diseases,Endocrine and metabolic disease
0.207583574,0.19312668,0.282438732,0.343810269,Bacteria,Fusobacteria,ko03440,Homologous recombination,Genetic Information Processing,Replication and repair
0.110631056,0.069546784,0.111667436,0.150817394,Bacteria,Firmicutes,ko01055,Biosynthesis of vancomycin group antibiotics,Metabolism,Metabolism of terpenoids and polyketides
-0.077860221,0.067201649,0.246616903,0.305582159,Bacteria,Firmicutes,ko01524,Platinum drug resistance,Human Diseases,Drug resistance: antineoplastic
-1.040729268,0.196025876,1.1e-07,5.25e-07,Bacteria,Actinobacteria,ko05340,Primary immunodeficiency,Human Diseases,Immune disease
-1.129560195,0.143303584,3.21e-15,1.16e-13,Bacteria,Proteobacteria,ko00830,Retinol metabolism,Metabolism,Metabolism of cofactors and vitamins
0.232148994,0.091240023,0.010947293,0.017754479,Bacteria,Bacteroidetes,ko00625,Chloroalkane and chloroalkene degradation,Metabolism,Xenobiotics biodegradation and metabolism
0.206237806,0.115535017,0.074250366,0.102902729,Bacteria,Bacteroidetes,ko00626,Naphthalene degradation,Metabolism,Xenobiotics biodegradation and metabolism
0.462065062,0.111945493,3.67e-05,9.14e-05,Bacteria,Bacteroidetes,ko00830,Retinol metabolism,Metabolism,Metabolism of cofactors and vitamins
0.151337346,0.166575103,0.363601861,0.425360706,Bacteria,Bacteroidetes,ko00980,Metabolism of xenobiotics by cytochrome P450,Metabolism,Xenobiotics biodegradation and metabolism
0.178134999,0.162886588,0.274124452,0.334970817,Bacteria,Bacteroidetes,ko00982,Drug metabolism - cytochrome P450,Metabolism,Xenobiotics biodegradation and metabolism
0.709914894,0.102862948,5.14e-12,6.99e-11,Bacteria,Bacteroidetes,ko00561,Glycerolipid metabolism,Metabolism,Lipid metabolism
0.7409348,0.125563885,3.62e-09,2.46e-08,Bacteria,Bacteroidetes,ko00930,Caprolactam degradation,Metabolism,Xenobiotics biodegradation and metabolism
-1.194012442,0.204449299,5.22e-09,3.47e-08,Bacteria,Proteobacteria,ko00622,Xylene degradation,Metabolism,Xenobiotics biodegradation and metabolism
0.048262611,0.07043197,0.493194205,0.551033693,Bacteria,Firmicutes,ko00622,Xylene degradation,Metabolism,Xenobiotics biodegradation and metabolism
-0.127200811,0.084781966,0.133529295,0.176890182,Bacteria,Firmicutes,ko00623,Toluene degradation,Metabolism,Xenobiotics biodegradation and metabolism
0.44611874,0.112096542,6.9e-05,0.000161872,Bacteria,Bacteroidetes,ko00410,beta-Alanine metabolism,Metabolism,Metabolism of other amino acids
-1.370898885,0.228218147,1.89e-09,1.41e-08,Bacteria,Proteobacteria,ko03008,Ribosome biogenesis in eukaryotes,Genetic Information Processing,Translation
-0.991234145,0.194125324,3.29e-07,1.38e-06,Bacteria,Proteobacteria,ko05205,Proteoglycans in cancer,Human Diseases,Cancer: overview
0.074609908,0.103699448,0.471843858,0.532791751,Bacteria,Firmicutes,ko05206,MicroRNAs in cancer,Human Diseases,Cancer: overview
-0.686446291,0.118084982,6.13e-09,4.01e-08,Bacteria,Proteobacteria,ko04910,Insulin signaling pathway,Organismal Systems,Endocrine system
-0.97128154,0.179195725,5.95e-08,2.97e-07,Bacteria,Proteobacteria,ko01055,Biosynthesis of vancomycin group antibiotics,Metabolism,Metabolism of terpenoids and polyketides
0.094277763,0.216181468,0.662760737,0.707730352,Archaea,Euryarchaeota,ko03013,RNA transport,Genetic Information Processing,Translation
-0.712891607,0.222113806,0.001329299,0.002536194,Archaea,Euryarchaeota,ko05134,Legionellosis,Human Diseases,Infectious disease: bacterial
0.441587606,0.103950207,2.16e-05,5.65e-05,Bacteria,Firmicutes,ko02030,Bacterial chemotaxis,Cellular Processes,Cell motility
0.333782125,0.086087812,0.000105653,0.00023945,Bacteria,Firmicutes,ko04724,Glutamatergic synapse,Organismal Systems,Nervous system
0.306421275,0.087430566,0.000457056,0.000929892,Bacteria,Firmicutes,ko04727,GABAergic synapse,Organismal Systems,Nervous system
-0.575506413,0.097010581,2.99e-09,2.14e-08,Bacteria,Actinobacteria,ko00430,Taurine and hypotaurine metabolism,Metabolism,Metabolism of other amino acids
0.146571058,0.113925038,0.198248731,0.250328358,Bacteria,Actinobacteria,ko00460,Cyanoamino acid metabolism,Metabolism,Metabolism of other amino acids
0.192494163,0.132005142,0.14477652,0.189579788,Bacteria,Actinobacteria,ko00940,Phenylpropanoid biosynthesis,Metabolism,Biosynthesis of other secondary metabolites
-0.188855048,0.122051432,0.12178131,0.163217522,Bacteria,Fusobacteria,ko04066,HIF-1 signaling pathway,Environmental Information Processing,Signal transduction
-0.105185015,0.150308874,0.48405693,0.543981697,Bacteria,Fusobacteria,ko00061,Fatty acid biosynthesis,Metabolism,Lipid metabolism
-0.062912438,0.167361275,0.706985311,0.75137851,Bacteria,Fusobacteria,ko00071,Fatty acid degradation,Metabolism,Lipid metabolism
0.112239495,0.161752954,0.487748336,0.54609965,Bacteria,Fusobacteria,ko00561,Glycerolipid metabolism,Metabolism,Lipid metabolism
-0.109577243,0.143810766,0.446087229,0.508763284,Bacteria,Fusobacteria,ko01212,Fatty acid metabolism,Metabolism,Global and overview maps
-0.001350603,0.152796217,0.992947397,0.994197174,Bacteria,Fusobacteria,ko02024,Quorum sensing,Cellular Processes,Cellular community - prokaryotes
-0.010545742,0.199887472,0.957924413,0.963983391,Bacteria,Fusobacteria,ko03320,PPAR signaling pathway,Organismal Systems,Endocrine system
-0.016479445,0.220856463,0.940520173,0.950678269,Bacteria,Fusobacteria,ko04146,Peroxisome,Cellular Processes,Transport and catabolism
-0.015905507,0.221707194,0.942807987,0.951177874,Bacteria,Fusobacteria,ko04216,Ferroptosis,Cellular Processes,Cell growth and death
-0.015905507,0.221707194,0.942807987,0.951177874,Bacteria,Fusobacteria,ko04714,Thermogenesis,Organismal Systems,Environmental adaptation
-0.015905507,0.221707194,0.942807987,0.951177874,Bacteria,Fusobacteria,ko04920,Adipocytokine signaling pathway,Organismal Systems,Endocrine system
0.02749995,0.241331473,0.909276678,0.927345638,Archaea,Euryarchaeota,ko04152,AMPK signaling pathway,Environmental Information Processing,Signal transduction
0.184507879,0.254303759,0.468120018,0.529714758,Archaea,Euryarchaeota,ko04921,Oxytocin signaling pathway,Organismal Systems,Endocrine system
-0.665732397,0.14266005,3.06e-06,9.82e-06,Bacteria,Proteobacteria,ko04070,Phosphatidylinositol signaling system,Environmental Information Processing,Signal transduction
-1.174695149,0.370209818,0.001508453,0.002850295,Bacteria,Proteobacteria,ko04072,Phospholipase D signaling pathway,Environmental Information Processing,Signal transduction
-0.708117667,0.224101763,0.001578753,0.002972539,Bacteria,Proteobacteria,ko05231,Choline metabolism in cancer,Human Diseases,Cancer: overview
-0.732879007,0.076002423,5.27e-22,1.68e-19,Bacteria,Actinobacteria,ko00920,Sulfur metabolism,Metabolism,Energy metabolism
-0.68970316,0.14264242,1.33e-06,4.73e-06,Bacteria,Proteobacteria,ko00053,Ascorbate and aldarate metabolism,Metabolism,Carbohydrate metabolism
0.272583911,0.167997935,0.104687087,0.142234975,Bacteria,Firmicutes,ko00311,Penicillin and cephalosporin biosynthesis,Metabolism,Biosynthesis of other secondary metabolites
0.303100261,0.120363738,0.01179555,0.0190139,Bacteria,Firmicutes,ko00472,D-Arginine and D-ornithine metabolism,Metabolism,Metabolism of other amino acids
0.44720618,0.104139966,1.75e-05,4.66e-05,Bacteria,Actinobacteria,ko00600,Sphingolipid metabolism,Metabolism,Lipid metabolism
0.402570151,0.190875197,0.034938088,0.051853077,Bacteria,Fusobacteria,ko04621,NOD-like receptor signaling pathway,Organismal Systems,Immune system
0.192826543,0.158075471,0.222526107,0.278551563,Bacteria,Fusobacteria,ko05418,Fluid shear stress and atherosclerosis,Human Diseases,Cardiovascular disease
-2.629613582,0.263044148,1.57e-23,8.34e-21,Bacteria,Actinobacteria,ko04621,NOD-like receptor signaling pathway,Organismal Systems,Immune system
-0.347798397,0.099083052,0.00044782,0.000912268,Bacteria,Actinobacteria,ko05418,Fluid shear stress and atherosclerosis,Human Diseases,Cardiovascular disease
0.378884417,0.10080766,0.000170943,0.000371037,Bacteria,Bacteroidetes,ko04122,Sulfur relay system,Genetic Information Processing,"Folding, sorting and degradation"
0.720161838,0.131702722,4.55e-08,2.37e-07,Bacteria,Bacteroidetes,ko00983,Drug metabolism - other enzymes,Metabolism,Xenobiotics biodegradation and metabolism
0.202112658,0.102956556,0.049636087,0.071145058,Bacteria,Firmicutes,ko04142,Lysosome,Cellular Processes,Transport and catabolism
0.503949767,0.207221201,0.015018147,0.023965769,Bacteria,Fibrobacteres,ko00520,Amino sugar and nucleotide sugar metabolism,Metabolism,Carbohydrate metabolism
0.399170116,0.209003112,0.056149127,0.079619662,Bacteria,Fibrobacteres,ko00550,Peptidoglycan biosynthesis,Metabolism,Glycan biosynthesis and metabolism
-1.516568632,0.364483497,3.17e-05,8.07e-05,Bacteria,Proteobacteria,ko00311,Penicillin and cephalosporin biosynthesis,Metabolism,Biosynthesis of other secondary metabolites
0.131346518,0.170110065,0.440039408,0.502586287,Bacteria,Fusobacteria,ko00300,Lysine biosynthesis,Metabolism,Amino acid metabolism
0.137922595,0.197973939,0.486009052,0.545186682,Bacteria,Fusobacteria,ko00550,Peptidoglycan biosynthesis,Metabolism,Glycan biosynthesis and metabolism
0.131504112,0.164365461,0.423669403,0.485282952,Bacteria,Tenericutes,ko00230,Purine metabolism,Metabolism,Nucleotide metabolism
0.163193795,0.160172418,0.308267879,0.369874959,Bacteria,Tenericutes,ko00240,Pyrimidine metabolism,Metabolism,Nucleotide metabolism
-0.230134097,0.271255994,0.396214192,0.457413824,Bacteria,Tenericutes,ko03020,RNA polymerase,Genetic Information Processing,Transcription
0.414480728,0.102449778,5.22e-05,0.000125187,Bacteria,Bacteroidetes,ko01523,Antifolate resistance,Human Diseases,Drug resistance: antineoplastic
-0.016712873,0.180722876,0.926318343,0.940505733,Bacteria,Fusobacteria,ko00340,Histidine metabolism,Metabolism,Amino acid metabolism
0.387834333,0.106244352,0.000261833,0.000548126,Bacteria,Firmicutes,ko00603,Glycosphingolipid biosynthesis - globo and isoglobo series,Metabolism,Glycan biosynthesis and metabolism
-0.100469783,0.102492688,0.326956349,0.389969025,Bacteria,Actinobacteria,ko00564,Glycerophospholipid metabolism,Metabolism,Lipid metabolism
0.16504003,0.088058677,0.060902149,0.085596572,Bacteria,Firmicutes,ko05340,Primary immunodeficiency,Human Diseases,Immune disease
0.350192387,0.073288586,1.77e-06,6.01e-06,Bacteria,Firmicutes,ko02025,Biofilm formation - Pseudomonas aeruginosa,Cellular Processes,Cellular community - prokaryotes
0.132607506,0.143950413,0.356944622,0.419113575,Bacteria,Fusobacteria,ko00521,Streptomycin biosynthesis,Metabolism,Biosynthesis of other secondary metabolites
-0.899084471,0.196423896,4.71e-06,1.44e-05,Bacteria,Proteobacteria,ko00440,Phosphonate and phosphinate metabolism,Metabolism,Metabolism of other amino acids
0.617672917,0.127025206,1.16e-06,4.17e-06,Bacteria,Bacteroidetes,ko00290,"Valine, leucine and isoleucine biosynthesis",Metabolism,Amino acid metabolism
-0.333287958,0.096138977,0.000526829,0.001060994,Bacteria,Actinobacteria,ko00750,Vitamin B6 metabolism,Metabolism,Metabolism of cofactors and vitamins
0.01750378,0.107613738,0.870791051,0.894979691,Bacteria,Firmicutes,ko00405,Phenazine biosynthesis,Metabolism,Biosynthesis of other secondary metabolites
0.21692179,0.188110996,0.24884534,0.308103453,Bacteria,Tenericutes,ko04112,Cell cycle - Caulobacter,Cellular Processes,Cell growth and death
-0.547224003,0.075925059,5.7e-13,9.86e-12,Bacteria,Actinobacteria,ko04212,Longevity regulating pathway - worm,Organismal Systems,Aging
0.947524699,0.142943505,3.39e-11,3.91e-10,Bacteria,Bacteroidetes,ko02060,Phosphotransferase system (PTS),Environmental Information Processing,Membrane transport
0.199489261,0.137763282,0.147600753,0.192801969,Bacteria,Fusobacteria,ko00260,"Glycine, serine and threonine metabolism",Metabolism,Amino acid metabolism
-0.571968028,0.12621724,5.85e-06,1.73e-05,Bacteria,Fusobacteria,ko00290,"Valine, leucine and isoleucine biosynthesis",Metabolism,Amino acid metabolism
-0.078721206,0.097793926,0.420836819,0.482385719,Bacteria,Actinobacteria,ko00040,Pentose and glucuronate interconversions,Metabolism,Carbohydrate metabolism
-0.849506214,0.14931497,1.28e-08,7.77e-08,Bacteria,Actinobacteria,ko00966,Glucosinolate biosynthesis,Metabolism,Biosynthesis of other secondary metabolites
0.327685043,0.100296682,0.001086333,0.002102622,Bacteria,Bacteroidetes,ko04212,Longevity regulating pathway - worm,Organismal Systems,Aging
-0.139047513,0.153900699,0.366266685,0.427217686,Bacteria,Fusobacteria,ko04212,Longevity regulating pathway - worm,Organismal Systems,Aging
0.502258158,0.09340675,7.57e-08,3.69e-07,Bacteria,Bacteroidetes,ko00523,Polyketide sugar unit biosynthesis,Metabolism,Metabolism of terpenoids and polyketides
0.320476043,0.142137087,0.024152363,0.036877553,Bacteria,Fibrobacteres,ko00240,Pyrimidine metabolism,Metabolism,Nucleotide metabolism
0.807641861,0.107094914,4.65e-14,1.19e-12,Bacteria,Fibrobacteres,ko00250,"Alanine, aspartate and glutamate metabolism",Metabolism,Amino acid metabolism
-0.140377449,0.132330131,0.288775148,0.35071852,Bacteria,Fusobacteria,ko00310,Lysine degradation,Metabolism,Amino acid metabolism
0.139263552,0.122795567,0.256748849,0.316656914,Bacteria,Tenericutes,ko00500,Starch and sucrose metabolism,Metabolism,Carbohydrate metabolism
0.098534974,0.115135096,0.392097083,0.453033013,Bacteria,Tenericutes,ko00520,Amino sugar and nucleotide sugar metabolism,Metabolism,Carbohydrate metabolism
0.236743411,0.125684781,0.05961527,0.084010535,Bacteria,Tenericutes,ko01110,Biosynthesis of secondary metabolites,Metabolism,Global and overview maps
0.242891353,0.129546248,0.060801073,0.085530068,Bacteria,Tenericutes,ko01130,Biosynthesis of antibiotics,Metabolism,Global and overview maps
0.047369045,0.162222246,0.77028592,0.809996629,Bacteria,Tenericutes,ko02026,Biofilm formation - Escherichia coli,Cellular Processes,Cellular community - prokaryotes
0.623654943,0.10959446,1.27e-08,7.75e-08,Bacteria,Spirochaetes,ko00500,Starch and sucrose metabolism,Metabolism,Carbohydrate metabolism
0.156027661,0.109857179,0.155526959,0.201501133,Bacteria,Spirochaetes,ko02026,Biofilm formation - Escherichia coli,Cellular Processes,Cellular community - prokaryotes
0.26353757,0.088121592,0.002784182,0.005033674,Bacteria,Spirochaetes,ko04217,Necroptosis,Cellular Processes,Cell growth and death
0.108413073,0.095586338,0.256714836,0.316656914,Bacteria,Spirochaetes,ko04910,Insulin signaling pathway,Organismal Systems,Endocrine system
0.080038551,0.088637367,0.36653183,0.427217686,Bacteria,Spirochaetes,ko04922,Glucagon signaling pathway,Organismal Systems,Endocrine system
0.067962068,0.090137933,0.450862101,0.513472872,Bacteria,Spirochaetes,ko04931,Insulin resistance,Human Diseases,Endocrine and metabolic disease
0.18207041,0.156938035,0.245990987,0.305230857,Bacteria,Fusobacteria,ko00430,Taurine and hypotaurine metabolism,Metabolism,Metabolism of other amino acids
-0.157210594,0.114563244,0.169982414,0.218098404,Bacteria,Firmicutes,ko04214,Apoptosis - fly,Cellular Processes,Cell growth and death
0.959046287,0.206687331,3.48e-06,1.1e-05,Bacteria,Spirochaetes,ko00550,Peptidoglycan biosynthesis,Metabolism,Glycan biosynthesis and metabolism
0.912525796,0.181691558,5.1e-07,1.99e-06,Bacteria,Spirochaetes,ko03420,Nucleotide excision repair,Genetic Information Processing,Replication and repair
-1.712481693,0.237382804,5.43e-13,9.6e-12,Bacteria,Actinobacteria,ko03050,Proteasome,Genetic Information Processing,"Folding, sorting and degradation"
0.468464316,0.101516681,3.94e-06,1.23e-05,Bacteria,Actinobacteria,ko04141,Protein processing in endoplasmic reticulum,Genetic Information Processing,"Folding, sorting and degradation"
0.844274795,0.108262678,6.27e-15,2.04e-13,Bacteria,Spirochaetes,ko00910,Nitrogen metabolism,Metabolism,Energy metabolism
-0.569285438,0.116470491,1.02e-06,3.76e-06,Bacteria,Actinobacteria,ko03013,RNA transport,Genetic Information Processing,Translation
-0.274374653,0.094560522,0.003712893,0.006570871,Bacteria,Actinobacteria,ko00361,Chlorocyclohexane and chlorobenzene degradation,Metabolism,Xenobiotics biodegradation and metabolism
0.452597587,0.131154568,0.000558779,0.001122497,Bacteria,Bacteroidetes,ko00361,Chlorocyclohexane and chlorobenzene degradation,Metabolism,Xenobiotics biodegradation and metabolism
0.420441378,0.110174592,0.000135557,0.000302061,Bacteria,Bacteroidetes,ko00900,Terpenoid backbone biosynthesis,Metabolism,Metabolism of terpenoids and polyketides
0.33630198,0.085904941,9.05e-05,0.000208311,Bacteria,Bacteroidetes,ko00053,Ascorbate and aldarate metabolism,Metabolism,Carbohydrate metabolism
-0.439457779,0.134803652,0.001114184,0.002148687,Bacteria,Actinobacteria,ko04070,Phosphatidylinositol signaling system,Environmental Information Processing,Signal transduction
0.539371269,0.115673871,3.12e-06,9.96e-06,Bacteria,Bacteroidetes,ko04070,Phosphatidylinositol signaling system,Environmental Information Processing,Signal transduction
0.446324288,0.175384557,0.010933023,0.017749428,Bacteria,Bacteroidetes,ko04072,Phospholipase D signaling pathway,Environmental Information Processing,Signal transduction
0.707212317,0.104211903,1.15e-11,1.45e-10,Bacteria,Bacteroidetes,ko05231,Choline metabolism in cancer,Human Diseases,Cancer: overview
-0.053049857,0.082423317,0.51981746,0.575529371,Bacteria,Firmicutes,ko04070,Phosphatidylinositol signaling system,Environmental Information Processing,Signal transduction
0.430754449,0.130620227,0.000974586,0.001902536,Bacteria,Firmicutes,ko04072,Phospholipase D signaling pathway,Environmental Information Processing,Signal transduction
0.281608965,0.083701029,0.000766929,0.001517643,Bacteria,Firmicutes,ko05231,Choline metabolism in cancer,Human Diseases,Cancer: overview
0.187060031,0.088714702,0.034982815,0.05187107,Bacteria,Spirochaetes,ko00290,"Valine, leucine and isoleucine biosynthesis",Metabolism,Amino acid metabolism
0.252521361,0.096849827,0.009124614,0.014929362,Bacteria,Spirochaetes,ko00770,Pantothenate and CoA biosynthesis,Metabolism,Metabolism of cofactors and vitamins
0.171041348,0.142845382,0.231155353,0.288898796,Bacteria,Fusobacteria,ko00627,Aminobenzoate degradation,Metabolism,Xenobiotics biodegradation and metabolism
0.070642074,0.19512109,0.717320473,0.76185372,Bacteria,Fusobacteria,ko02020,Two-component system,Environmental Information Processing,Signal transduction
0.263241015,0.148990542,0.07725664,0.106882882,Bacteria,Fusobacteria,ko00760,Nicotinate and nicotinamide metabolism,Metabolism,Metabolism of cofactors and vitamins
0.07487731,0.156558368,0.632457413,0.680880766,Bacteria,Fusobacteria,ko00730,Thiamine metabolism,Metabolism,Metabolism of cofactors and vitamins
0.561697183,0.115789996,1.23e-06,4.4e-06,Bacteria,Bacteroidetes,ko00525,Acarbose and validamycin biosynthesis,Metabolism,Biosynthesis of other secondary metabolites
0.015469363,0.133823467,0.907973294,0.926610334,Bacteria,Fusobacteria,ko00523,Polyketide sugar unit biosynthesis,Metabolism,Metabolism of terpenoids and polyketides
0.080366153,0.150904976,0.594337285,0.647664809,Bacteria,Fusobacteria,ko00525,Acarbose and validamycin biosynthesis,Metabolism,Biosynthesis of other secondary metabolites
0.534511333,0.137709821,0.000103843,0.000236358,Bacteria,Bacteroidetes,ko02030,Bacterial chemotaxis,Cellular Processes,Cell motility
-1.390586432,0.299568316,3.45e-06,1.09e-05,Bacteria,Proteobacteria,ko04260,Cardiac muscle contraction,Organismal Systems,Circulatory system
-1.38335213,0.291025181,2e-06,6.69e-06,Bacteria,Proteobacteria,ko04932,Non-alcoholic fatty liver disease (NAFLD),Human Diseases,Endocrine and metabolic disease
-1.387316818,0.263602147,1.42e-07,6.52e-07,Bacteria,Proteobacteria,ko05012,Parkinson disease,Human Diseases,Neurodegenerative disease
-1.262852038,0.210938375,2.14e-09,1.58e-08,Bacteria,Proteobacteria,ko05016,Huntington disease,Human Diseases,Neurodegenerative disease
-1.087465273,0.115233676,3.83e-21,8.72e-19,Bacteria,Actinobacteria,ko00362,Benzoate degradation,Metabolism,Xenobiotics biodegradation and metabolism
-0.428552348,0.065650362,6.67e-11,7.13e-10,Bacteria,Actinobacteria,ko00350,Tyrosine metabolism,Metabolism,Amino acid metabolism
-0.276489572,0.066552305,3.26e-05,8.27e-05,Bacteria,Actinobacteria,ko00626,Naphthalene degradation,Metabolism,Xenobiotics biodegradation and metabolism
-0.569307022,0.077873682,2.66e-13,5.48e-12,Bacteria,Actinobacteria,ko00360,Phenylalanine metabolism,Metabolism,Amino acid metabolism
-0.16953749,0.173729758,0.329129372,0.39136385,Bacteria,Fibrobacteres,ko02010,ABC transporters,Environmental Information Processing,Membrane transport
-0.361559492,0.090597423,6.58e-05,0.00015565,Bacteria,Fusobacteria,ko00280,"Valine, leucine and isoleucine degradation",Metabolism,Amino acid metabolism
0.469908025,0.110396504,2.08e-05,5.47e-05,Bacteria,Bacteroidetes,ko00780,Biotin metabolism,Metabolism,Metabolism of cofactors and vitamins
-0.08850048,0.190317255,0.641920333,0.689598413,Bacteria,Fusobacteria,ko00780,Biotin metabolism,Metabolism,Metabolism of cofactors and vitamins
-0.843156035,0.206607555,4.49e-05,0.000109613,Bacteria,Actinobacteria,ko00780,Biotin metabolism,Metabolism,Metabolism of cofactors and vitamins
0.394820284,0.133913775,0.00319509,0.005693025,Bacteria,Fibrobacteres,ko00620,Pyruvate metabolism,Metabolism,Carbohydrate metabolism
0.12914504,0.142086768,0.363394085,0.425360706,Bacteria,Fibrobacteres,ko00720,Carbon fixation pathways in prokaryotes,Metabolism,Energy metabolism
0.677535962,0.129562955,1.7e-07,7.6e-07,Bacteria,Fibrobacteres,ko02020,Two-component system,Environmental Information Processing,Signal transduction
0.005724384,0.121821435,0.962521234,0.967557717,Bacteria,Synergistetes,ko00640,Propanoate metabolism,Metabolism,Carbohydrate metabolism
-0.245698876,0.111234532,0.027186026,0.041154108,Bacteria,Actinobacteria,ko01503,Cationic antimicrobial peptide (CAMP) resistance,Human Diseases,Drug resistance: antimicrobial
-0.133744735,0.084527017,0.113587483,0.15328048,Bacteria,Actinobacteria,ko04217,Necroptosis,Cellular Processes,Cell growth and death
-0.612718121,0.194971173,0.001674495,0.003141652,Bacteria,Proteobacteria,ko00472,D-Arginine and D-ornithine metabolism,Metabolism,Metabolism of other amino acids
-0.753682917,0.192371048,8.93e-05,0.000205996,Bacteria,Proteobacteria,ko05132,Salmonella infection,Human Diseases,Infectious disease: bacterial
0.584702937,0.140320125,3.09e-05,7.9e-05,Bacteria,Fibrobacteres,ko00630,Glyoxylate and dicarboxylate metabolism,Metabolism,Carbohydrate metabolism
0.83351803,0.160158245,1.95e-07,8.49e-07,Bacteria,Fibrobacteres,ko00910,Nitrogen metabolism,Metabolism,Energy metabolism
0.412078885,0.12638426,0.001112066,0.002147206,Bacteria,Fibrobacteres,ko04217,Necroptosis,Cellular Processes,Cell growth and death
0.83351803,0.160158245,1.95e-07,8.49e-07,Bacteria,Fibrobacteres,ko04724,Glutamatergic synapse,Organismal Systems,Nervous system
0.83351803,0.160158245,1.95e-07,8.49e-07,Bacteria,Fibrobacteres,ko04727,GABAergic synapse,Organismal Systems,Nervous system
-0.95299963,0.195622292,1.11e-06,4.02e-06,Bacteria,Proteobacteria,ko00621,Dioxin degradation,Metabolism,Xenobiotics biodegradation and metabolism
0.209896959,0.140117398,0.134131216,0.177392157,Bacteria,Spirochaetes,ko00280,"Valine, leucine and isoleucine degradation",Metabolism,Amino acid metabolism
0.727179955,0.096576129,5.09e-14,1.29e-12,Bacteria,Spirochaetes,ko00630,Glyoxylate and dicarboxylate metabolism,Metabolism,Carbohydrate metabolism
0.677972536,0.103269739,5.2e-11,5.67e-10,Bacteria,Spirochaetes,ko00640,Propanoate metabolism,Metabolism,Carbohydrate metabolism
0.451304088,0.108928776,3.43e-05,8.64e-05,Bacteria,Bacteroidetes,ko05134,Legionellosis,Human Diseases,Infectious disease: bacterial
-0.103159872,0.072488878,0.154703368,0.200597439,Bacteria,Synergistetes,ko00970,Aminoacyl-tRNA biosynthesis,Genetic Information Processing,Translation
0.874454482,0.131286972,2.73e-11,3.2e-10,Bacteria,Bacteroidetes,ko04621,NOD-like receptor signaling pathway,Organismal Systems,Immune system
0.641076795,0.116797586,4.05e-08,2.12e-07,Bacteria,Firmicutes,ko05133,Pertussis,Human Diseases,Infectious disease: bacterial
-0.347107547,0.101097614,0.000596084,0.00119442,Bacteria,Actinobacteria,ko02025,Biofilm formation - Pseudomonas aeruginosa,Cellular Processes,Cellular community - prokaryotes
0.619728236,0.141936143,1.26e-05,3.45e-05,Bacteria,Bacteroidetes,ko02025,Biofilm formation - Pseudomonas aeruginosa,Cellular Processes,Cellular community - prokaryotes
-0.48382563,0.192879224,0.012126615,0.019527778,Bacteria,Fusobacteria,ko00362,Benzoate degradation,Metabolism,Xenobiotics biodegradation and metabolism
0.272171735,0.137172464,0.047238316,0.067891744,Bacteria,Fusobacteria,ko00630,Glyoxylate and dicarboxylate metabolism,Metabolism,Carbohydrate metabolism
-0.360414172,0.137729227,0.008875015,0.014541863,Bacteria,Actinobacteria,ko02060,Phosphotransferase system (PTS),Environmental Information Processing,Membrane transport
0.681045921,0.142232779,1.68e-06,5.77e-06,Bacteria,Candidatus Saccharibacteria,ko01110,Biosynthesis of secondary metabolites,Metabolism,Global and overview maps
0.726773985,0.151114693,1.51e-06,5.32e-06,Bacteria,Candidatus Saccharibacteria,ko01130,Biosynthesis of antibiotics,Metabolism,Global and overview maps
0.599046225,0.137853885,1.39e-05,3.76e-05,Bacteria,Candidatus Saccharibacteria,ko01230,Biosynthesis of amino acids,Metabolism,Global and overview maps
-0.889798139,0.172515787,2.5e-07,1.07e-06,Bacteria,Proteobacteria,ko03013,RNA transport,Genetic Information Processing,Translation
0.126843666,0.106084418,0.23181907,0.289500896,Bacteria,Bacteroidetes,ko00310,Lysine degradation,Metabolism,Amino acid metabolism
0.214220291,0.099092589,0.030632093,0.045804191,Bacteria,Firmicutes,ko00531,Glycosaminoglycan degradation,Metabolism,Glycan biosynthesis and metabolism
-0.345933361,0.099290619,0.000493889,0.001000991,Bacteria,Actinobacteria,ko00523,Polyketide sugar unit biosynthesis,Metabolism,Metabolism of terpenoids and polyketides
-0.433690129,0.10617192,4.41e-05,0.000107984,Bacteria,Actinobacteria,ko00525,Acarbose and validamycin biosynthesis,Metabolism,Biosynthesis of other secondary metabolites
-0.025901862,0.08086047,0.748719794,0.790978216,Bacteria,Firmicutes,ko00333,Prodigiosin biosynthesis,Metabolism,Biosynthesis of other secondary metabolites
0.121654554,0.112820109,0.280897403,0.342195841,Bacteria,Firmicutes,ko01040,Biosynthesis of unsaturated fatty acids,Metabolism,Lipid metabolism
0.099036185,0.079996817,0.215715482,0.271092679,Bacteria,Firmicutes,ko03008,Ribosome biogenesis in eukaryotes,Genetic Information Processing,Translation
0.164158919,0.080065628,0.040334724,0.059036381,Bacteria,Firmicutes,ko05205,Proteoglycans in cancer,Human Diseases,Cancer: overview
-0.111538623,0.082462775,0.176185491,0.224968793,Bacteria,Firmicutes,ko00830,Retinol metabolism,Metabolism,Metabolism of cofactors and vitamins
-0.144301698,0.088642729,0.103545614,0.140826473,Bacteria,Firmicutes,ko00980,Metabolism of xenobiotics by cytochrome P450,Metabolism,Xenobiotics biodegradation and metabolism
-0.123819371,0.090876932,0.173041702,0.22148781,Bacteria,Firmicutes,ko00982,Drug metabolism - cytochrome P450,Metabolism,Xenobiotics biodegradation and metabolism
-0.172347517,0.134088715,0.198678896,0.250473949,Bacteria,Proteobacteria,ko04310,Wnt signaling pathway,Environmental Information Processing,Signal transduction
-0.172347517,0.134088715,0.198678896,0.250473949,Bacteria,Proteobacteria,ko04330,Notch signaling pathway,Environmental Information Processing,Signal transduction
-0.148215204,0.132882274,0.264684479,0.325663903,Bacteria,Proteobacteria,ko05220,Chronic myeloid leukemia,Human Diseases,Cancer: specific types
0.432435546,0.192278902,0.024512399,0.037355581,Archaea,Euryarchaeota,ko00760,Nicotinate and nicotinamide metabolism,Metabolism,Metabolism of cofactors and vitamins
-1.244894244,0.172323939,5.04e-13,9.22e-12,Bacteria,Actinobacteria,ko00791,Atrazine degradation,Metabolism,Xenobiotics biodegradation and metabolism
0.45346707,0.102306409,9.32e-06,2.6e-05,Bacteria,Bacteroidetes,ko01055,Biosynthesis of vancomycin group antibiotics,Metabolism,Metabolism of terpenoids and polyketides
-1.217259073,0.227897726,9.23e-08,4.45e-07,Bacteria,Proteobacteria,ko00592,alpha-Linolenic acid metabolism,Metabolism,Lipid metabolism
-1.241471929,0.225060274,3.46e-08,1.84e-07,Bacteria,Proteobacteria,ko00642,Ethylbenzene degradation,Metabolism,Xenobiotics biodegradation and metabolism
0.133857333,0.196264521,0.495223068,0.552194188,Bacteria,Fusobacteria,ko03410,Base excision repair,Genetic Information Processing,Replication and repair
-0.074840123,0.168239427,0.656433251,0.702343848,Bacteria,Fusobacteria,ko05134,Legionellosis,Human Diseases,Infectious disease: bacterial
-0.454186252,0.113829498,6.61e-05,0.00015593,Bacteria,Actinobacteria,ko00562,Inositol phosphate metabolism,Metabolism,Carbohydrate metabolism
0.594949726,0.124610941,1.8e-06,6.1e-06,Bacteria,Fibrobacteres,ko00230,Purine metabolism,Metabolism,Nucleotide metabolism
-0.34239719,0.089622407,0.000133213,0.000297253,Bacteria,Actinobacteria,ko00401,Novobiocin biosynthesis,Metabolism,Biosynthesis of other secondary metabolites
-0.278106875,0.072393923,0.000122246,0.000275097,Bacteria,Actinobacteria,ko00960,"Tropane, piperidine and pyridine alkaloid biosynthesis",Metabolism,Biosynthesis of other secondary metabolites
0.211219891,0.144118653,0.14275806,0.187554148,Bacteria,Fibrobacteres,ko00270,Cysteine and methionine metabolism,Metabolism,Amino acid metabolism
0.352096925,0.152959432,0.021340956,0.032964526,Bacteria,Fibrobacteres,ko03010,Ribosome,Genetic Information Processing,Translation
0.443141551,0.138215277,0.001345149,0.002563033,Bacteria,Candidatus Saccharibacteria,ko03440,Homologous recombination,Genetic Information Processing,Replication and repair
-1.33748458,0.158197053,2.8e-17,1.86e-15,Bacteria,Actinobacteria,ko00281,Geraniol degradation,Metabolism,Metabolism of terpenoids and polyketides
-1.444456929,0.195013753,1.29e-13,2.94e-12,Bacteria,Actinobacteria,ko01040,Biosynthesis of unsaturated fatty acids,Metabolism,Lipid metabolism
0.284706106,0.10508428,0.006742289,0.011244216,Bacteria,Bacteroidetes,ko04213,Longevity regulating pathway - multiple species,Organismal Systems,Aging
0.628401724,0.095005977,3.73e-11,4.21e-10,Bacteria,Actinobacteria,ko00511,Other glycan degradation,Metabolism,Glycan biosynthesis and metabolism
0.371258373,0.239993296,0.121874554,0.163217522,Bacteria,Actinobacteria,ko00513,Various types of N-glycan biosynthesis,Metabolism,Glycan biosynthesis and metabolism
0.118537441,0.182209664,0.515333668,0.572153431,Bacteria,Actinobacteria,ko00531,Glycosaminoglycan degradation,Metabolism,Glycan biosynthesis and metabolism
-0.121401212,0.162318882,0.454509626,0.517256663,Bacteria,Actinobacteria,ko00603,Glycosphingolipid biosynthesis - globo and isoglobo series,Metabolism,Glycan biosynthesis and metabolism
0.371258373,0.239993296,0.121874554,0.163217522,Bacteria,Actinobacteria,ko00604,Glycosphingolipid biosynthesis - ganglio series,Metabolism,Glycan biosynthesis and metabolism
0.165159049,0.146118333,0.25834552,0.318379335,Bacteria,Actinobacteria,ko04142,Lysosome,Cellular Processes,Transport and catabolism
0.951114552,0.198810298,1.72e-06,5.87e-06,Bacteria,Verrucomicrobia,ko00052,Galactose metabolism,Metabolism,Carbohydrate metabolism
-1.461919551,0.271443721,7.22e-08,3.53e-07,Bacteria,Actinobacteria,ko00785,Lipoic acid metabolism,Metabolism,Metabolism of cofactors and vitamins
0.131702367,0.1494039,0.378037008,0.438699402,Bacteria,Bacteroidetes,ko00785,Lipoic acid metabolism,Metabolism,Metabolism of cofactors and vitamins
-1.200230369,0.22640862,1.15e-07,5.43e-07,Bacteria,Proteobacteria,ko00981,Insect hormone biosynthesis,Metabolism,Metabolism of terpenoids and polyketides
-0.808278897,0.272652176,0.003031697,0.005444053,Bacteria,Proteobacteria,ko05100,Bacterial invasion of epithelial cells,Human Diseases,Infectious disease: bacterial
0.060060358,0.185216846,0.745733259,0.788346588,Bacteria,Fusobacteria,ko01501,beta-Lactam resistance,Human Diseases,Drug resistance: antimicrobial
-0.998610937,0.132859568,5.64e-14,1.4e-12,Bacteria,Actinobacteria,ko00830,Retinol metabolism,Metabolism,Metabolism of cofactors and vitamins
-0.971228571,0.114653209,2.43e-17,1.68e-15,Bacteria,Actinobacteria,ko00980,Metabolism of xenobiotics by cytochrome P450,Metabolism,Xenobiotics biodegradation and metabolism
-0.925801871,0.119190323,8.01e-15,2.5e-13,Bacteria,Actinobacteria,ko00982,Drug metabolism - cytochrome P450,Metabolism,Xenobiotics biodegradation and metabolism
0.69871404,0.201051434,0.000510282,0.001031587,Bacteria,Spirochaetes,ko00540,Lipopolysaccharide biosynthesis,Metabolism,Glycan biosynthesis and metabolism
-0.13004501,0.143135434,0.363590252,0.425360706,Bacteria,Fusobacteria,ko00220,Arginine biosynthesis,Metabolism,Amino acid metabolism
-0.103322713,0.174451165,0.553667799,0.609609321,Bacteria,Fusobacteria,ko01210,2-Oxocarboxylic acid metabolism,Metabolism,Global and overview maps
-0.793201704,0.18346807,1.54e-05,4.12e-05,Bacteria,Proteobacteria,ko04113,Meiosis - yeast,Cellular Processes,Cell growth and death
0.433162945,0.154990008,0.005193508,0.008884807,Bacteria,Actinobacteria,ko05120,Epithelial cell signaling in Helicobacter pylori infection,Human Diseases,Infectious disease: bacterial
-1.224362889,0.138777991,1.12e-18,1.27e-16,Bacteria,Actinobacteria,ko00627,Aminobenzoate degradation,Metabolism,Xenobiotics biodegradation and metabolism
0.582440111,0.178069171,0.001072193,0.002077782,Bacteria,Lentisphaerae,ko00230,Purine metabolism,Metabolism,Nucleotide metabolism
-0.16434733,0.143550376,0.252260673,0.312089215,Bacteria,Synergistetes,ko00260,"Glycine, serine and threonine metabolism",Metabolism,Amino acid metabolism
0.084885305,0.101349626,0.402283892,0.463792516,Bacteria,Synergistetes,ko00270,Cysteine and methionine metabolism,Metabolism,Amino acid metabolism
0.169163027,0.079440652,0.033218991,0.049440052,Bacteria,Synergistetes,ko01230,Biosynthesis of amino acids,Metabolism,Global and overview maps
0.488291958,0.16029785,0.00231789,0.004258386,Bacteria,Candidatus Saccharibacteria,ko00230,Purine metabolism,Metabolism,Nucleotide metabolism
0.641279628,0.128967312,6.61e-07,2.51e-06,Bacteria,Candidatus Melainabacteria,ko01100,Metabolic pathways Major,Metabolism,Global and overview maps
-1.428404896,0.281375311,3.84e-07,1.56e-06,Bacteria,Proteobacteria,ko05219,Bladder cancer,Human Diseases,Cancer: specific types
-0.978829132,0.234995446,3.11e-05,7.93e-05,Bacteria,Proteobacteria,ko00966,Glucosinolate biosynthesis,Metabolism,Biosynthesis of other secondary metabolites
-1.202350205,0.128544834,8.48e-21,1.2e-18,Bacteria,Actinobacteria,ko00072,Synthesis and degradation of ketone bodies,Metabolism,Lipid metabolism
-0.394715584,0.133607376,0.003133844,0.005608488,Bacteria,Firmicutes,ko00281,Geraniol degradation,Metabolism,Metabolism of terpenoids and polyketides
0.257396408,0.117577193,0.028584521,0.042935548,Bacteria,Firmicutes,ko00592,alpha-Linolenic acid metabolism,Metabolism,Lipid metabolism
-0.377162629,0.135225663,0.005284903,0.009021761,Bacteria,Firmicutes,ko00642,Ethylbenzene degradation,Metabolism,Xenobiotics biodegradation and metabolism
0.111373756,0.137433549,0.417720316,0.479158632,Bacteria,Firmicutes,ko04917,Prolactin signaling pathway,Organismal Systems,Endocrine system
0.254737206,0.151466081,0.092605642,0.126685793,Bacteria,Spirochaetes,ko00071,Fatty acid degradation,Metabolism,Lipid metabolism
0.356644192,0.134988044,0.008240764,0.013572521,Bacteria,Spirochaetes,ko00350,Tyrosine metabolism,Metabolism,Amino acid metabolism
0.451057431,0.084954883,1.1e-07,5.25e-07,Bacteria,Spirochaetes,ko00620,Pyruvate metabolism,Metabolism,Carbohydrate metabolism
0.701094914,0.178829493,8.84e-05,0.000204077,Bacteria,Spirochaetes,ko01220,Degradation of aromatic compounds,Metabolism,Global and overview maps
-0.683847681,0.142077755,1.49e-06,5.23e-06,Bacteria,Actinobacteria,ko00195,Photosynthesis,Metabolism,Energy metabolism
-1.268568863,0.20509519,6.2e-10,5.42e-09,Bacteria,Actinobacteria,ko05016,Huntington disease,Human Diseases,Neurodegenerative disease
-0.077913867,0.07288319,0.285058931,0.346734526,Bacteria,Firmicutes,ko00590,Arachidonic acid metabolism,Metabolism,Lipid metabolism
-0.984712628,0.253029627,9.95e-05,0.00022756,Bacteria,Proteobacteria,ko00590,Arachidonic acid metabolism,Metabolism,Lipid metabolism
-1.269663314,0.22701959,2.24e-08,1.28e-07,Bacteria,Proteobacteria,ko04918,Thyroid hormone synthesis,Organismal Systems,Endocrine system
-1.101604481,0.19842328,2.83e-08,1.55e-07,Bacteria,Proteobacteria,ko05014,Amyotrophic lateral sclerosis (ALS),Human Diseases,Neurodegenerative disease
-1.564953057,0.426054925,0.000239602,0.000509635,Bacteria,Proteobacteria,ko05020,Prion diseases,Human Diseases,Neurodegenerative disease
0.319511043,0.170856004,0.061475435,0.086326051,Bacteria,Synergistetes,ko03020,RNA polymerase,Genetic Information Processing,Transcription
-0.194028664,0.132590457,0.143366644,0.188198293,Bacteria,Bacteroidetes,ko00906,Carotenoid biosynthesis,Metabolism,Metabolism of terpenoids and polyketides
0.498743435,0.081287338,8.49e-10,6.88e-09,Bacteria,Spirochaetes,ko02010,ABC transporters,Environmental Information Processing,Membrane transport
0.097258641,0.145539435,0.503965632,0.56149112,Bacteria,Fusobacteria,ko04122,Sulfur relay system,Genetic Information Processing,"Folding, sorting and degradation"
-0.644077662,0.222108875,0.003733668,0.006600295,Bacteria,Proteobacteria,ko04973,Carbohydrate digestion and absorption,Organismal Systems,Digestive system
-0.750505109,0.16043666,2.9e-06,9.39e-06,Bacteria,Proteobacteria,ko04013,MAPK signaling pathway - fly,Environmental Information Processing,Signal transduction
-0.943053523,0.160082697,3.84e-09,2.59e-08,Bacteria,Proteobacteria,ko04068,FoxO signaling pathway,Environmental Information Processing,Signal transduction
-0.917700025,0.164811983,2.57e-08,1.44e-07,Bacteria,Proteobacteria,ko04211,Longevity regulating pathway,Organismal Systems,Aging
0.510121657,0.110637135,4.01e-06,1.25e-05,Bacteria,Firmicutes,ko01059,Biosynthesis of enediyne antibiotics,Metabolism,Metabolism of terpenoids and polyketides
-0.264871129,0.288981941,0.359369913,0.421650097,Bacteria,Proteobacteria,ko04550,Signaling pathways regulating pluripotency of stem cells,Cellular Processes,Cellular community - eukaryotes
-1.872537309,0.284494069,4.64e-11,5.13e-10,Bacteria,Proteobacteria,ko00565,Ether lipid metabolism,Metabolism,Lipid metabolism
-0.553459762,0.100650281,3.82e-08,2.01e-07,Bacteria,Actinobacteria,ko04724,Glutamatergic synapse,Organismal Systems,Nervous system
-0.415510348,0.092490809,7.04e-06,2.02e-05,Bacteria,Actinobacteria,ko04727,GABAergic synapse,Organismal Systems,Nervous system
-0.303675835,0.149216298,0.041836937,0.061066575,Bacteria,Firmicutes,ko05150,Staphylococcus aureus infection,Human Diseases,Infectious disease: bacterial
0.009456157,0.225841834,0.96660177,0.970873368,Bacteria,Fusobacteria,ko03020,RNA polymerase,Genetic Information Processing,Transcription
0.191491052,0.13312871,0.150323329,0.196036407,Bacteria,Fusobacteria,ko00270,Cysteine and methionine metabolism,Metabolism,Amino acid metabolism
-0.152802632,0.156364389,0.32845954,0.390859482,Bacteria,Fusobacteria,ko00330,Arginine and proline metabolism,Metabolism,Amino acid metabolism
-0.088718299,0.151858132,0.559073454,0.614710342,Bacteria,Fusobacteria,ko00350,Tyrosine metabolism,Metabolism,Amino acid metabolism
0.207289222,0.199524991,0.29884493,0.361293528,Bacteria,Fusobacteria,ko00360,Phenylalanine metabolism,Metabolism,Amino acid metabolism
0.092881055,0.176333719,0.598377966,0.65077271,Bacteria,Fusobacteria,ko00401,Novobiocin biosynthesis,Metabolism,Biosynthesis of other secondary metabolites
0.091343076,0.175745891,0.60324121,0.654230923,Bacteria,Fusobacteria,ko00950,Isoquinoline alkaloid biosynthesis,Metabolism,Biosynthesis of other secondary metabolites
-0.229582207,0.170152229,0.177248543,0.226144693,Bacteria,Fusobacteria,ko00960,"Tropane, piperidine and pyridine alkaloid biosynthesis",Metabolism,Biosynthesis of other secondary metabolites
0.440679367,0.142128304,0.001931457,0.003581525,Bacteria,Spirochaetes,ko00330,Arginine and proline metabolism,Metabolism,Amino acid metabolism
0.62751018,0.141577731,9.32e-06,2.6e-05,Bacteria,Spirochaetes,ko00360,Phenylalanine metabolism,Metabolism,Amino acid metabolism
0.906812021,0.152616597,2.82e-09,2.04e-08,Bacteria,Spirochaetes,ko00400,"Phenylalanine, tyrosine and tryptophan biosynthesis",Metabolism,Amino acid metabolism
0.423887371,0.157253873,0.007027026,0.011706804,Bacteria,Spirochaetes,ko00401,Novobiocin biosynthesis,Metabolism,Biosynthesis of other secondary metabolites
0.429662567,0.175575564,0.014398447,0.022999929,Bacteria,Spirochaetes,ko00950,Isoquinoline alkaloid biosynthesis,Metabolism,Biosynthesis of other secondary metabolites
0.377446438,0.163717182,0.021139791,0.032717323,Bacteria,Spirochaetes,ko00960,"Tropane, piperidine and pyridine alkaloid biosynthesis",Metabolism,Biosynthesis of other secondary metabolites
0.364229847,0.227753138,0.109769315,0.148379762,Archaea,Euryarchaeota,ko03420,Nucleotide excision repair,Genetic Information Processing,Replication and repair
-0.359023811,0.091819531,9.23e-05,0.000211805,Bacteria,Firmicutes,ko04934,Cushing syndrome,Human Diseases,Endocrine and metabolic disease
-0.359023811,0.091819531,9.23e-05,0.000211805,Bacteria,Firmicutes,ko05211,Renal cell carcinoma,Human Diseases,Cancer: specific types
-0.134416676,0.163872583,0.412072941,0.473021681,Bacteria,Fusobacteria,ko04934,Cushing syndrome,Human Diseases,Endocrine and metabolic disease
0.12977339,0.144870477,0.37036543,0.431054425,Bacteria,Fusobacteria,ko05200,Pathways in cancer,Human Diseases,Cancer: overview
-0.134416676,0.163872583,0.412072941,0.473021681,Bacteria,Fusobacteria,ko05211,Renal cell carcinoma,Human Diseases,Cancer: specific types
0.63111401,0.130137982,1.24e-06,4.42e-06,Bacteria,Spirochaetes,ko03010,Ribosome,Genetic Information Processing,Translation
-0.271781204,0.130117696,0.03673171,0.054312408,Bacteria,Firmicutes,ko00791,Atrazine degradation,Metabolism,Xenobiotics biodegradation and metabolism
1.024629968,0.203900756,5.03e-07,1.98e-06,Bacteria,Verrucomicrobia,ko00230,Purine metabolism,Metabolism,Nucleotide metabolism
0.994211917,0.137787616,5.37e-13,9.6e-12,Bacteria,Verrucomicrobia,ko01100,Metabolic pathways Major,Metabolism,Global and overview maps
0.758447242,0.152726097,6.83e-07,2.59e-06,Bacteria,Spirochaetes,ko02024,Quorum sensing,Cellular Processes,Cellular community - prokaryotes
-0.013118723,0.173905089,0.939867734,0.950622736,Bacteria,Fusobacteria,ko00790,Folate biosynthesis,Metabolism,Metabolism of cofactors and vitamins
-1.071353321,0.36809708,0.003608297,0.006392874,Bacteria,Proteobacteria,ko04917,Prolactin signaling pathway,Organismal Systems,Endocrine system
-0.099190607,0.151787432,0.513444516,0.570454068,Bacteria,Synergistetes,ko00710,Carbon fixation in photosynthetic organisms,Metabolism,Energy metabolism
1.267520347,0.260538667,1.14e-06,4.14e-06,Bacteria,Spirochaetes,ko00790,Folate biosynthesis,Metabolism,Metabolism of cofactors and vitamins
0.298913471,0.189605072,0.114909313,0.154539913,Bacteria,Fusobacteria,ko03430,Mismatch repair,Genetic Information Processing,Replication and repair
0.380274062,0.087319404,1.33e-05,3.62e-05,Bacteria,Firmicutes,ko00361,Chlorocyclohexane and chlorobenzene degradation,Metabolism,Xenobiotics biodegradation and metabolism
0.354488073,0.127871356,0.005567467,0.009473625,Bacteria,Tenericutes,ko00010,Glycolysis / Gluconeogenesis,Metabolism,Carbohydrate metabolism
0.171944902,0.157214182,0.27408727,0.334970817,Bacteria,Tenericutes,ko00710,Carbon fixation in photosynthetic organisms,Metabolism,Energy metabolism
0.378710484,0.128172072,0.003129696,0.005607371,Bacteria,Tenericutes,ko01120,Microbial metabolism in diverse environments,Metabolism,Global and overview maps
0.428539239,0.126733141,0.000721096,0.001439478,Bacteria,Tenericutes,ko01200,Carbon metabolism,Metabolism,Global and overview maps
0.402930328,0.135090519,0.002857467,0.005154455,Bacteria,Tenericutes,ko01230,Biosynthesis of amino acids,Metabolism,Global and overview maps
-0.083482506,0.140456005,0.552266238,0.608487247,Bacteria,Tenericutes,ko04066,HIF-1 signaling pathway,Environmental Information Processing,Signal transduction
0.872782136,0.171223326,3.44e-07,1.43e-06,Bacteria,Spirochaetes,ko03430,Mismatch repair,Genetic Information Processing,Replication and repair
0.764649837,0.13897926,3.76e-08,1.99e-07,Bacteria,Spirochaetes,ko00230,Purine metabolism,Metabolism,Nucleotide metabolism
0.088388273,0.155752612,0.570380346,0.624552739,Bacteria,Tenericutes,ko00040,Pentose and glucuronate interconversions,Metabolism,Carbohydrate metabolism
-0.007803714,0.139739988,0.955465659,0.962117635,Bacteria,Tenericutes,ko00051,Fructose and mannose metabolism,Metabolism,Carbohydrate metabolism
0.096381835,0.158482834,0.543085901,0.598787019,Bacteria,Fusobacteria,ko03060,Protein export,Genetic Information Processing,"Folding, sorting and degradation"
0.059808376,0.166077386,0.718754753,0.762867786,Bacteria,Fusobacteria,ko03070,Bacterial secretion system,Environmental Information Processing,Membrane transport
-1.356160866,0.145093557,9.03e-21,1.2e-18,Bacteria,Actinobacteria,ko04068,FoxO signaling pathway,Environmental Information Processing,Signal transduction
-0.218595518,0.072961967,0.002735284,0.004950896,Bacteria,Actinobacteria,ko04151,PI3K-Akt signaling pathway,Environmental Information Processing,Signal transduction
-0.154927167,0.088880723,0.081317764,0.11201434,Bacteria,Actinobacteria,ko04910,Insulin signaling pathway,Organismal Systems,Endocrine system
-0.785715388,0.105242246,8.28e-14,1.97e-12,Bacteria,Actinobacteria,ko04964,Proximal tubule bicarbonate reclamation,Organismal Systems,Excretory system
0.966052754,0.179118512,6.91e-08,3.4e-07,Bacteria,Bacteroidetes,ko05120,Epithelial cell signaling in Helicobacter pylori infection,Human Diseases,Infectious disease: bacterial
-0.748793443,0.270105108,0.005567371,0.009473625,Bacteria,Proteobacteria,ko00253,Tetracycline biosynthesis,Metabolism,Metabolism of terpenoids and polyketides
-0.097157019,0.359068102,0.786713283,0.824003182,Bacteria,Proteobacteria,ko01057,Biosynthesis of type II polyketide products,Metabolism,Metabolism of terpenoids and polyketides
-1.278910873,0.149699543,1.31e-17,9.89e-16,Bacteria,Actinobacteria,ko05200,Pathways in cancer,Human Diseases,Cancer: overview
1.089698027,0.162550745,2.03e-11,2.51e-10,Bacteria,Bacteroidetes,ko04626,Plant-pathogen interaction,Organismal Systems,Environmental adaptation
1.066011318,0.181347061,4.15e-09,2.78e-08,Bacteria,Bacteroidetes,ko05133,Pertussis,Human Diseases,Infectious disease: bacterial
-0.557719839,0.085821435,8.11e-11,8.38e-10,Bacteria,Actinobacteria,ko05152,Tuberculosis,Human Diseases,Infectious disease: bacterial
0.703107972,0.189253545,0.000203072,0.000436015,Bacteria,Bacteroidetes,ko00332,Carbapenem biosynthesis,Metabolism,Biosynthesis of other secondary metabolites
-0.025236103,0.136740463,0.853578272,0.878992253,Bacteria,Fusobacteria,ko00261,Monobactam biosynthesis,Metabolism,Biosynthesis of other secondary metabolites
-0.245906408,0.177659745,0.166314819,0.214083234,Bacteria,Fusobacteria,ko04930,Type II diabetes mellitus,Human Diseases,Endocrine and metabolic disease
-0.245906408,0.177659745,0.166314819,0.214083234,Bacteria,Fusobacteria,ko05165,Human papillomavirus infection,Human Diseases,Infectious disease: viral
-0.245906408,0.177659745,0.166314819,0.214083234,Bacteria,Fusobacteria,ko05203,Viral carcinogenesis,Human Diseases,Cancer: overview
-0.124162802,0.171468207,0.468994776,0.530327426,Bacteria,Fusobacteria,ko05230,Central carbon metabolism in cancer,Human Diseases,Cancer: overview
-0.189861272,0.274113172,0.488536589,0.546597548,Bacteria,Fusobacteria,ko05111,Biofilm formation - Vibrio cholerae,Cellular Processes,Cellular community - prokaryotes
0.142869955,0.152741817,0.349598186,0.411702971,Bacteria,Bacteroidetes,ko00966,Glucosinolate biosynthesis,Metabolism,Biosynthesis of other secondary metabolites
0.037742804,0.187267135,0.84027224,0.866973498,Bacteria,Fusobacteria,ko03030,DNA replication,Genetic Information Processing,Replication and repair
0.185405963,0.079581326,0.019818458,0.031004097,Bacteria,Bacteroidetes,ko04940,Type I diabetes mellitus,Human Diseases,Endocrine and metabolic disease
0.52364099,0.079552405,4.63e-11,5.13e-10,Bacteria,Spirochaetes,ko00680,Methane metabolism,Metabolism,Energy metabolism
0.576594432,0.204994834,0.004912339,0.008458368,Archaea,Euryarchaeota,ko00710,Carbon fixation in photosynthetic organisms,Metabolism,Energy metabolism
0.798644296,0.147474735,6.11e-08,3.03e-07,Bacteria,Spirochaetes,ko02020,Two-component system,Environmental Information Processing,Signal transduction
0.633257654,0.199348442,0.001489934,0.00281865,Bacteria,Spirochaetes,ko02025,Biofilm formation - Pseudomonas aeruginosa,Cellular Processes,Cellular community - prokaryotes
0.433016565,0.150040697,0.003901795,0.006866986,Bacteria,Spirochaetes,ko02040,Flagellar assembly,Cellular Processes,Cell motility
0.873109718,0.177968283,9.3e-07,3.47e-06,Bacteria,Spirochaetes,ko05111,Biofilm formation - Vibrio cholerae,Cellular Processes,Cellular community - prokaryotes
-0.143076342,0.294369375,0.626936274,0.676699872,Bacteria,Fusobacteria,ko02025,Biofilm formation - Pseudomonas aeruginosa,Cellular Processes,Cellular community - prokaryotes
-0.806612632,0.148760328,5.89e-08,2.94e-07,Bacteria,Actinobacteria,ko00405,Phenazine biosynthesis,Metabolism,Biosynthesis of other secondary metabolites
0.120037131,0.244569387,0.62356075,0.673513343,Archaea,Euryarchaeota,ko03030,DNA replication,Genetic Information Processing,Replication and repair
-0.393738815,0.174384763,0.023953519,0.036609076,Bacteria,Fusobacteria,ko00480,Glutathione metabolism,Metabolism,Metabolism of other amino acids
-0.573436597,0.100136892,1.03e-08,6.35e-08,Bacteria,Actinobacteria,ko04930,Type II diabetes mellitus,Human Diseases,Endocrine and metabolic disease
-0.573436597,0.100136892,1.03e-08,6.35e-08,Bacteria,Actinobacteria,ko05165,Human papillomavirus infection,Human Diseases,Infectious disease: viral
-0.573436597,0.100136892,1.03e-08,6.35e-08,Bacteria,Actinobacteria,ko05203,Viral carcinogenesis,Human Diseases,Cancer: overview
0.616996892,0.176237517,0.000463621,0.000942045,Bacteria,Fibrobacteres,ko02024,Quorum sensing,Cellular Processes,Cellular community - prokaryotes
0.780346103,0.137451741,1.37e-08,8.25e-08,Bacteria,Firmicutes,ko00621,Dioxin degradation,Metabolism,Xenobiotics biodegradation and metabolism
0.181341376,0.180167689,0.314168181,0.375820733,Bacteria,Actinobacteria,ko04917,Prolactin signaling pathway,Organismal Systems,Endocrine system
0.421692316,0.08705156,1.27e-06,4.54e-06,Bacteria,Actinobacteria,ko00950,Isoquinoline alkaloid biosynthesis,Metabolism,Biosynthesis of other secondary metabolites
0.243807129,0.121647803,0.04504811,0.065096769,Bacteria,Bacteroidetes,ko00510,N-Glycan biosynthesis,Metabolism,Glycan biosynthesis and metabolism
0.574513293,0.157352759,0.000261103,0.000547318,Archaea,Euryarchaeota,ko05111,Biofilm formation - Vibrio cholerae,Cellular Processes,Cellular community - prokaryotes
0.604874406,0.164037568,0.000226545,0.000483802,Bacteria,Bacteroidetes,ko00120,Primary bile acid biosynthesis,Metabolism,Lipid metabolism
0.604874406,0.164037568,0.000226545,0.000483802,Bacteria,Bacteroidetes,ko00121,Secondary bile acid biosynthesis,Metabolism,Lipid metabolism
0.383196587,0.125424913,0.002249201,0.004141758,Bacteria,Spirochaetes,ko03018,RNA degradation,Genetic Information Processing,"Folding, sorting and degradation"
0.116570775,0.129224463,0.367014489,0.427467095,Bacteria,Spirochaetes,ko04212,Longevity regulating pathway - worm,Organismal Systems,Aging
0.054963526,0.139655016,0.693901172,0.738953658,Bacteria,Spirochaetes,ko04940,Type I diabetes mellitus,Human Diseases,Endocrine and metabolic disease
0.089069902,0.126445013,0.481173684,0.541788628,Bacteria,Spirochaetes,ko05152,Tuberculosis,Human Diseases,Infectious disease: bacterial
0.824232204,0.134257215,8.29e-10,6.88e-09,Bacteria,Bacteroidetes,ko04141,Protein processing in endoplasmic reticulum,Genetic Information Processing,"Folding, sorting and degradation"
0.239422047,0.286915158,0.404016273,0.465452491,Bacteria,Fusobacteria,ko00940,Phenylpropanoid biosynthesis,Metabolism,Biosynthesis of other secondary metabolites
0.250831768,0.285334824,0.379358602,0.439591796,Bacteria,Fusobacteria,ko00941,Flavonoid biosynthesis,Metabolism,Biosynthesis of other secondary metabolites
0.250831768,0.285334824,0.379358602,0.439591796,Bacteria,Fusobacteria,ko00945,"Stilbenoid, diarylheptanoid and gingerol biosynthesis",Metabolism,Biosynthesis of other secondary metabolites
0.105622977,0.166787369,0.526551312,0.581766067,Bacteria,Synergistetes,ko00450,Selenocompound metabolism,Metabolism,Metabolism of other amino acids
-0.277433831,0.098396134,0.00480895,0.008289316,Bacteria,Actinobacteria,ko00473,D-Alanine metabolism,Metabolism,Metabolism of other amino acids
-0.854477511,0.216842412,8.13e-05,0.000189652,Bacteria,Proteobacteria,ko00908,Zeatin biosynthesis,Metabolism,Metabolism of terpenoids and polyketides
0.595181326,0.19059198,0.001791372,0.003333419,Bacteria,Fibrobacteres,ko00051,Fructose and mannose metabolism,Metabolism,Carbohydrate metabolism
1.235618265,0.304789588,5.03e-05,0.000121003,Bacteria,Lentisphaerae,ko00040,Pentose and glucuronate interconversions,Metabolism,Carbohydrate metabolism
-0.135709961,0.136185009,0.319001561,0.381315915,Bacteria,Proteobacteria,ko01052,Type I polyketide structures,Metabolism,Metabolism of terpenoids and polyketides
-1.843784865,0.417704757,1.01e-05,2.82e-05,Bacteria,Proteobacteria,ko05164,Influenza A,Human Diseases,Infectious disease: viral
0.479693155,0.132184702,0.000284564,0.000593162,Bacteria,Candidatus Saccharibacteria,ko03010,Ribosome,Genetic Information Processing,Translation
-0.806980056,0.177070751,5.18e-06,1.55e-05,Bacteria,Proteobacteria,ko00361,Chlorocyclohexane and chlorobenzene degradation,Metabolism,Xenobiotics biodegradation and metabolism
0.705772193,0.165552799,2.02e-05,5.32e-05,Bacteria,Spirochaetes,ko00920,Sulfur metabolism,Metabolism,Energy metabolism
0.577027706,0.188327549,0.002184296,0.004031571,Archaea,Euryarchaeota,ko00970,Aminoacyl-tRNA biosynthesis,Genetic Information Processing,Translation
0.956239679,0.183692072,1.93e-07,8.49e-07,Bacteria,Verrucomicrobia,ko01110,Biosynthesis of secondary metabolites,Metabolism,Global and overview maps
0.931875291,0.188783728,7.97e-07,2.99e-06,Bacteria,Verrucomicrobia,ko01120,Microbial metabolism in diverse environments,Metabolism,Global and overview maps
0.77987002,0.159309534,9.81e-07,3.64e-06,Bacteria,Verrucomicrobia,ko01130,Biosynthesis of antibiotics,Metabolism,Global and overview maps
-0.069474002,0.117571031,0.554580132,0.610191556,Bacteria,Synergistetes,ko00680,Methane metabolism,Metabolism,Energy metabolism
-1.295246239,0.391161001,0.00092868,0.00181738,Bacteria,Proteobacteria,ko05143,African trypanosomiasis,Human Diseases,Infectious disease: parasitic
-0.958513927,0.212652954,6.56e-06,1.89e-05,Archaea,Euryarchaeota,ko04141,Protein processing in endoplasmic reticulum,Genetic Information Processing,"Folding, sorting and degradation"
0.692491302,0.113978581,1.24e-09,9.73e-09,Bacteria,Spirochaetes,ko00240,Pyrimidine metabolism,Metabolism,Nucleotide metabolism
0.802990197,0.204591974,8.68e-05,0.000200698,Bacteria,Spirochaetes,ko03020,RNA polymerase,Genetic Information Processing,Transcription
-0.720609212,0.316905846,0.022972567,0.035177435,Bacteria,Proteobacteria,ko04976,Bile secretion,Organismal Systems,Digestive system
0.712036589,0.127662272,2.44e-08,1.37e-07,Bacteria,Bacteroidetes,ko00750,Vitamin B6 metabolism,Metabolism,Metabolism of cofactors and vitamins
0.482846345,0.134977334,0.000347241,0.000715622,Bacteria,Tenericutes,ko00680,Methane metabolism,Metabolism,Energy metabolism
-0.002777985,0.156819842,0.985866611,0.98772908,Bacteria,Tenericutes,ko03018,RNA degradation,Genetic Information Processing,"Folding, sorting and degradation"
0.314706053,0.109930592,0.004199546,0.007320478,Archaea,Euryarchaeota,ko03018,RNA degradation,Genetic Information Processing,"Folding, sorting and degradation"
-0.253346274,0.13328676,0.057333326,0.081082064,Bacteria,Fusobacteria,ko00072,Synthesis and degradation of ketone bodies,Metabolism,Lipid metabolism
0.056310333,0.09978686,0.572545838,0.62649273,Archaea,Euryarchaeota,ko00260,"Glycine, serine and threonine metabolism",Metabolism,Amino acid metabolism
0.66355443,0.175081552,0.000150663,0.000333852,Bacteria,Bacteroidetes,ko00908,Zeatin biosynthesis,Metabolism,Metabolism of terpenoids and polyketides
-0.849504155,0.193251465,1.1e-05,3.04e-05,Bacteria,Proteobacteria,ko01054,Nonribosomal peptide structures,Metabolism,Metabolism of terpenoids and polyketides
-1.019462318,0.231546525,1.07e-05,2.96e-05,Bacteria,Proteobacteria,ko01053,Biosynthesis of siderophore group nonribosomal peptides,Metabolism,Metabolism of terpenoids and polyketides
-0.335234064,0.162879928,0.039574123,0.057976454,Bacteria,Fusobacteria,ko00460,Cyanoamino acid metabolism,Metabolism,Metabolism of other amino acids
0.053275554,0.110208191,0.628805856,0.678257707,Bacteria,Bacteroidetes,ko00380,Tryptophan metabolism,Metabolism,Amino acid metabolism
-0.265375368,0.111353917,0.017164244,0.027145439,Bacteria,Bacteroidetes,ko00903,Limonene and pinene degradation,Metabolism,Metabolism of terpenoids and polyketides
-0.265375368,0.111353917,0.017164244,0.027145439,Bacteria,Bacteroidetes,ko00981,Insect hormone biosynthesis,Metabolism,Metabolism of terpenoids and polyketides
0.170373727,0.149191318,0.253461705,0.313331447,Bacteria,Synergistetes,ko02010,ABC transporters,Environmental Information Processing,Membrane transport
-0.349349824,0.124687122,0.005081654,0.008702811,Bacteria,Actinobacteria,ko01502,Vancomycin resistance,Human Diseases,Drug resistance: antimicrobial
0.504950205,0.143182625,0.000420906,0.000860747,Bacteria,Bacteroidetes,ko01502,Vancomycin resistance,Human Diseases,Drug resistance: antimicrobial
-0.273434031,0.095065689,0.004024128,0.007066654,Bacteria,Firmicutes,ko00643,Styrene degradation,Metabolism,Xenobiotics biodegradation and metabolism
1.086205107,0.207379842,1.63e-07,7.35e-07,Bacteria,Bacteroidetes,ko00984,Steroid degradation,Metabolism,Xenobiotics biodegradation and metabolism
0.571716246,0.12850092,8.62e-06,2.43e-05,Bacteria,Bacteroidetes,ko03020,RNA polymerase,Genetic Information Processing,Transcription
-0.679522984,0.136018933,5.86e-07,2.25e-06,Bacteria,Firmicutes,ko04013,MAPK signaling pathway - fly,Environmental Information Processing,Signal transduction
-0.778887625,0.126526143,7.46e-10,6.35e-09,Bacteria,Firmicutes,ko04211,Longevity regulating pathway,Organismal Systems,Aging
-0.500751571,0.11968834,2.87e-05,7.36e-05,Bacteria,Firmicutes,ko05016,Huntington disease,Human Diseases,Neurodegenerative disease
-0.850146928,0.211319469,5.75e-05,0.000137245,Bacteria,Actinobacteria,ko01055,Biosynthesis of vancomycin group antibiotics,Metabolism,Metabolism of terpenoids and polyketides
-0.072306139,0.090905194,0.426379919,0.488036296,Bacteria,Actinobacteria,ko04626,Plant-pathogen interaction,Organismal Systems,Environmental adaptation
-1.260831785,0.267189296,2.37e-06,7.81e-06,Bacteria,Proteobacteria,ko00364,Fluorobenzoate degradation,Metabolism,Xenobiotics biodegradation and metabolism
0.699882921,0.14693766,1.91e-06,6.4e-06,Bacteria,Bacteroidetes,ko00195,Photosynthesis,Metabolism,Energy metabolism
0.645086631,0.166999369,0.000112091,0.000252959,Archaea,Euryarchaeota,ko00071,Fatty acid degradation,Metabolism,Lipid metabolism
0.645086631,0.166999369,0.000112091,0.000252959,Archaea,Euryarchaeota,ko01212,Fatty acid metabolism,Metabolism,Global and overview maps
0.563968897,0.151262085,0.000192682,0.000414828,Archaea,Euryarchaeota,ko02020,Two-component system,Environmental Information Processing,Signal transduction
0.649902309,0.141538277,4.4e-06,1.36e-05,Bacteria,Spirochaetes,ko00730,Thiamine metabolism,Metabolism,Metabolism of cofactors and vitamins
0.347106643,0.127127429,0.006326067,0.010605662,Bacteria,Spirochaetes,ko05418,Fluid shear stress and atherosclerosis,Human Diseases,Cardiovascular disease
0.636520031,0.251072709,0.011238251,0.018207797,Archaea,Euryarchaeota,ko03010,Ribosome,Genetic Information Processing,Translation
0.522500003,0.17721459,0.003194205,0.005693025,Bacteria,Fibrobacteres,ko00970,Aminoacyl-tRNA biosynthesis,Genetic Information Processing,Translation
-0.083288795,0.191008469,0.662802152,0.707730352,Bacteria,Fusobacteria,ko00910,Nitrogen metabolism,Metabolism,Energy metabolism
-0.060281971,0.13130172,0.646154968,0.693225187,Bacteria,Actinobacteria,ko04622,RIG-I-like receptor signaling pathway,Organismal Systems,Immune system
-0.462838311,0.108381045,1.95e-05,5.16e-05,Bacteria,Firmicutes,ko04622,RIG-I-like receptor signaling pathway,Organismal Systems,Immune system
-1.022326373,0.197897791,2.39e-07,1.03e-06,Bacteria,Proteobacteria,ko04622,RIG-I-like receptor signaling pathway,Organismal Systems,Immune system
0.552221744,0.240741095,0.021799645,0.033542781,Bacteria,Spirochaetes,ko04213,Longevity regulating pathway - multiple species,Organismal Systems,Aging
-0.090378096,0.189263228,0.632987673,0.680921831,Bacteria,Bacteroidetes,ko04614,Renin-angiotensin system,Organismal Systems,Endocrine system
0.801806703,0.125938819,1.93e-10,1.91e-09,Bacteria,Spirochaetes,ko00983,Drug metabolism - other enzymes,Metabolism,Xenobiotics biodegradation and metabolism
0.580384256,0.15143574,0.000126825,0.000284997,Bacteria,Spirochaetes,ko01501,beta-Lactam resistance,Human Diseases,Drug resistance: antimicrobial
0.08375373,0.163200487,0.607814685,0.65784569,Bacteria,Synergistetes,ko00220,Arginine biosynthesis,Metabolism,Amino acid metabolism
-0.010537218,0.134844948,0.937714129,0.949374447,Bacteria,Synergistetes,ko00250,"Alanine, aspartate and glutamate metabolism",Metabolism,Amino acid metabolism
0.301691562,0.15642045,0.053765385,0.076512278,Bacteria,Synergistetes,ko00400,"Phenylalanine, tyrosine and tryptophan biosynthesis",Metabolism,Amino acid metabolism
-0.027455141,0.09846096,0.780365378,0.818431982,Bacteria,Synergistetes,ko01210,2-Oxocarboxylic acid metabolism,Metabolism,Global and overview maps
0.160660082,0.219410752,0.464025563,0.526569847,Bacteria,Fusobacteria,ko00471,D-Glutamine and D-glutamate metabolism,Metabolism,Metabolism of other amino acids
0.242223052,0.234193443,0.301002375,0.362462197,Bacteria,Fusobacteria,ko01502,Vancomycin resistance,Human Diseases,Drug resistance: antimicrobial
0.147222251,0.269349083,0.584663665,0.638435066,Bacteria,Fusobacteria,ko00473,D-Alanine metabolism,Metabolism,Metabolism of other amino acids
0.841443435,0.204747007,3.96e-05,9.83e-05,Archaea,Euryarchaeota,ko00790,Folate biosynthesis,Metabolism,Metabolism of cofactors and vitamins
0.298074765,0.113535391,0.008654958,0.014195916,Bacteria,Synergistetes,ko03030,DNA replication,Genetic Information Processing,Replication and repair
0.162460623,0.119724659,0.174796443,0.223553972,Bacteria,Synergistetes,ko03430,Mismatch repair,Genetic Information Processing,Replication and repair
0.184413403,0.123897318,0.136635576,0.180254728,Bacteria,Synergistetes,ko03440,Homologous recombination,Genetic Information Processing,Replication and repair
0.015230147,0.114937633,0.894582557,0.915882141,Bacteria,Tenericutes,ko00052,Galactose metabolism,Metabolism,Carbohydrate metabolism
-1.795575193,0.29149819,7.28e-10,6.23e-09,Bacteria,Proteobacteria,ko04934,Cushing syndrome,Human Diseases,Endocrine and metabolic disease
-1.784926043,0.288145851,5.85e-10,5.16e-09,Bacteria,Proteobacteria,ko05211,Renal cell carcinoma,Human Diseases,Cancer: specific types
0.302902335,0.16750848,0.07056284,0.098306023,Bacteria,Actinobacteria,ko02030,Bacterial chemotaxis,Cellular Processes,Cell motility
-0.935576423,0.234681763,6.7e-05,0.000157768,Bacteria,Proteobacteria,ko00232,Caffeine metabolism,Metabolism,Biosynthesis of other secondary metabolites
0.304700649,0.132239944,0.021214232,0.032800625,Bacteria,Firmicutes,ko04113,Meiosis - yeast,Cellular Processes,Cell growth and death
-1.003194468,0.197737923,3.91e-07,1.58e-06,Bacteria,Proteobacteria,ko04011,MAPK signaling pathway - yeast,Environmental Information Processing,Signal transduction
0.466377604,0.159164177,0.0033878,0.006029071,Bacteria,Spirochaetes,ko02030,Bacterial chemotaxis,Cellular Processes,Cell motility
0.289380413,0.168524368,0.085953075,0.117941881,Bacteria,Firmicutes,ko00364,Fluorobenzoate degradation,Metabolism,Xenobiotics biodegradation and metabolism
0.708108515,0.186467571,0.000146169,0.000324798,Bacteria,Bacteroidetes,ko04214,Apoptosis - fly,Cellular Processes,Cell growth and death
-0.172864633,0.121056039,0.153299921,0.199102183,Bacteria,Fusobacteria,ko00040,Pentose and glucuronate interconversions,Metabolism,Carbohydrate metabolism
0.177376412,0.114887511,0.122609219,0.164063304,Archaea,Euryarchaeota,ko00300,Lysine biosynthesis,Metabolism,Amino acid metabolism
-0.031300232,0.128137209,0.807020776,0.839196114,Bacteria,Firmicutes,ko05132,Salmonella infection,Human Diseases,Infectious disease: bacterial
0.329681309,0.243518887,0.175793065,0.224648006,Bacteria,Bacteroidetes,ko00532,Glycosaminoglycan biosynthesis - chondroitin sulfate / dermatan sulfate,Metabolism,Glycan biosynthesis and metabolism
0.555689804,0.241911616,0.021614332,0.033322095,Bacteria,Candidatus Saccharibacteria,ko03020,RNA polymerase,Genetic Information Processing,Transcription
-0.849816103,0.321214327,0.008153757,0.013443137,Bacteria,Proteobacteria,ko01056,Biosynthesis of type II polyketide backbone,Metabolism,Metabolism of terpenoids and polyketides
0.464726169,0.091549162,3.85e-07,1.56e-06,Bacteria,Spirochaetes,ko00670,One carbon pool by folate,Metabolism,Metabolism of cofactors and vitamins
0.276386118,0.199974649,0.166939225,0.214713263,Bacteria,Tenericutes,ko03030,DNA replication,Genetic Information Processing,Replication and repair
0.636145912,0.161895761,8.52e-05,0.000197252,Bacteria,Tenericutes,ko03430,Mismatch repair,Genetic Information Processing,Replication and repair
0.238790261,0.200755813,0.234260168,0.292090852,Bacteria,Tenericutes,ko03440,Homologous recombination,Genetic Information Processing,Replication and repair
-0.082575183,0.128297864,0.519821312,0.575529371,Bacteria,Synergistetes,ko00290,"Valine, leucine and isoleucine biosynthesis",Metabolism,Amino acid metabolism
-0.188683591,0.116549225,0.105464995,0.14316963,Bacteria,Synergistetes,ko00770,Pantothenate and CoA biosynthesis,Metabolism,Metabolism of cofactors and vitamins
0.834868643,0.162309838,2.69e-07,1.15e-06,Bacteria,Fibrobacteres,ko00680,Methane metabolism,Metabolism,Energy metabolism
0.384463255,0.139806315,0.005960061,0.010077001,Archaea,Euryarchaeota,ko00670,One carbon pool by folate,Metabolism,Metabolism of cofactors and vitamins
-0.124165584,0.13721199,0.365508892,0.426650511,Bacteria,Actinobacteria,ko04138,Autophagy - yeast,Cellular Processes,Transport and catabolism
0.897358009,0.176534254,3.71e-07,1.52e-06,Bacteria,Bacteroidetes,ko04210,Apoptosis,Cellular Processes,Cell growth and death
0.3020407,0.16222109,0.062616099,0.087772875,Bacteria,Firmicutes,ko00513,Various types of N-glycan biosynthesis,Metabolism,Glycan biosynthesis and metabolism
0.3020407,0.16222109,0.062616099,0.087772875,Bacteria,Firmicutes,ko00604,Glycosphingolipid biosynthesis - ganglio series,Metabolism,Glycan biosynthesis and metabolism
-0.274002309,0.307258727,0.372519376,0.433244392,Bacteria,Fusobacteria,ko02030,Bacterial chemotaxis,Cellular Processes,Cell motility
-0.600081151,0.290869104,0.039106687,0.057397361,Bacteria,Fusobacteria,ko02040,Flagellar assembly,Cellular Processes,Cell motility
-0.06719634,0.108965001,0.537447007,0.592980713,Bacteria,Actinobacteria,ko00510,N-Glycan biosynthesis,Metabolism,Glycan biosynthesis and metabolism
-0.675709733,0.173304762,9.66e-05,0.000221146,Bacteria,Actinobacteria,ko03008,Ribosome biogenesis in eukaryotes,Genetic Information Processing,Translation
-0.324148802,0.151991869,0.032951643,0.04913408,Bacteria,Actinobacteria,ko05205,Proteoglycans in cancer,Human Diseases,Cancer: overview
0.345921718,0.177943084,0.051895205,0.074116043,Bacteria,Fusobacteria,ko04626,Plant-pathogen interaction,Organismal Systems,Environmental adaptation
0.558375682,0.128792668,1.45e-05,3.92e-05,Bacteria,Firmicutes,ko01052,Type I polyketide structures,Metabolism,Metabolism of terpenoids and polyketides
0.276931333,0.156233065,0.076302863,0.105655226,Bacteria,Bacteroidetes,ko00364,Fluorobenzoate degradation,Metabolism,Xenobiotics biodegradation and metabolism
0.525974403,0.206268482,0.010773824,0.01750884,Bacteria,Bacteroidetes,ko00623,Toluene degradation,Metabolism,Xenobiotics biodegradation and metabolism
0.199866879,0.095925675,0.037200228,0.054903119,Archaea,Euryarchaeota,ko02010,ABC transporters,Environmental Information Processing,Membrane transport
0.325325765,0.123382665,0.008371145,0.013758772,Bacteria,Synergistetes,ko00670,One carbon pool by folate,Metabolism,Metabolism of cofactors and vitamins
-0.21582573,0.108010846,0.045696529,0.065854328,Bacteria,Firmicutes,ko05204,Chemical carcinogenesis,Human Diseases,Cancer: overview
0.565535149,0.186855581,0.002473295,0.00451263,Archaea,Euryarchaeota,ko00340,Histidine metabolism,Metabolism,Amino acid metabolism
-0.459248872,0.218542031,0.035604003,0.052742987,Bacteria,Proteobacteria,ko00603,Glycosphingolipid biosynthesis - globo and isoglobo series,Metabolism,Glycan biosynthesis and metabolism
-0.541640479,0.148014444,0.00025283,0.000534201,Bacteria,Bacteroidetes,ko04934,Cushing syndrome,Human Diseases,Endocrine and metabolic disease
0.872678809,0.142527114,9.19e-10,7.35e-09,Bacteria,Bacteroidetes,ko05200,Pathways in cancer,Human Diseases,Cancer: overview
-0.541640479,0.148014444,0.00025283,0.000534201,Bacteria,Bacteroidetes,ko05211,Renal cell carcinoma,Human Diseases,Cancer: specific types
0.738234115,0.219357947,0.000764241,0.001516094,Bacteria,Fibrobacteres,ko00052,Galactose metabolism,Metabolism,Carbohydrate metabolism
-1.110692225,0.153640796,4.86e-13,8.99e-12,Bacteria,Actinobacteria,ko04934,Cushing syndrome,Human Diseases,Endocrine and metabolic disease
-1.110692225,0.153640796,4.86e-13,8.99e-12,Bacteria,Actinobacteria,ko05211,Renal cell carcinoma,Human Diseases,Cancer: specific types
0.327465342,0.100687863,0.001144823,0.002203806,Bacteria,Firmicutes,ko04138,Autophagy - yeast,Cellular Processes,Transport and catabolism
0.466570405,0.161420149,0.003847397,0.006784135,Bacteria,Bacteroidetes,ko00473,D-Alanine metabolism,Metabolism,Metabolism of other amino acids
0.987176429,0.216837589,5.3e-06,1.58e-05,Bacteria,Lentisphaerae,ko00511,Other glycan degradation,Metabolism,Glycan biosynthesis and metabolism
0.101404816,0.139666287,0.467807642,0.529714758,Bacteria,Bacteroidetes,ko04013,MAPK signaling pathway - fly,Environmental Information Processing,Signal transduction
0.132981048,0.138361413,0.336495009,0.398335981,Bacteria,Bacteroidetes,ko04068,FoxO signaling pathway,Environmental Information Processing,Signal transduction
0.132981048,0.138361413,0.336495009,0.398335981,Bacteria,Bacteroidetes,ko04211,Longevity regulating pathway,Organismal Systems,Aging
0.411284521,0.120898026,0.00066916,0.00133748,Bacteria,Bacteroidetes,ko05016,Huntington disease,Human Diseases,Neurodegenerative disease
0.181496621,0.325293606,0.576880514,0.630801991,Bacteria,Bacteroidetes,ko05132,Salmonella infection,Human Diseases,Infectious disease: bacterial
0.342551739,0.139815272,0.014284395,0.022840676,Bacteria,Spirochaetes,ko00061,Fatty acid biosynthesis,Metabolism,Lipid metabolism
0.327204789,0.138264811,0.017956783,0.028286379,Bacteria,Spirochaetes,ko01212,Fatty acid metabolism,Metabolism,Global and overview maps
0.173186856,0.165788709,0.296196807,0.358364349,Bacteria,Spirochaetes,ko03320,PPAR signaling pathway,Organismal Systems,Endocrine system
0.472387521,0.18739699,0.011709337,0.018913254,Bacteria,Spirochaetes,ko04146,Peroxisome,Cellular Processes,Transport and catabolism
0.315024825,0.20501102,0.124385446,0.166048589,Bacteria,Spirochaetes,ko04216,Ferroptosis,Cellular Processes,Cell growth and death
0.315024825,0.20501102,0.124385446,0.166048589,Bacteria,Spirochaetes,ko04714,Thermogenesis,Organismal Systems,Environmental adaptation
0.165307875,0.168814069,0.327466133,0.389969025,Bacteria,Spirochaetes,ko04920,Adipocytokine signaling pathway,Organismal Systems,Endocrine system
0.895881911,0.198342399,6.28e-06,1.83e-05,Archaea,Euryarchaeota,ko00061,Fatty acid biosynthesis,Metabolism,Lipid metabolism
0.819440025,0.190132982,1.63e-05,4.37e-05,Archaea,Euryarchaeota,ko02024,Quorum sensing,Cellular Processes,Cellular community - prokaryotes
0.899465194,0.197785321,5.42e-06,1.62e-05,Archaea,Euryarchaeota,ko03320,PPAR signaling pathway,Organismal Systems,Endocrine system
0.867689463,0.202471724,1.82e-05,4.84e-05,Archaea,Euryarchaeota,ko04146,Peroxisome,Cellular Processes,Transport and catabolism
0.895881911,0.198342399,6.28e-06,1.83e-05,Archaea,Euryarchaeota,ko04216,Ferroptosis,Cellular Processes,Cell growth and death
0.895881911,0.198342399,6.28e-06,1.83e-05,Archaea,Euryarchaeota,ko04714,Thermogenesis,Organismal Systems,Environmental adaptation
0.895881911,0.198342399,6.28e-06,1.83e-05,Archaea,Euryarchaeota,ko04920,Adipocytokine signaling pathway,Organismal Systems,Endocrine system
0.456628188,0.162660573,0.004996712,0.008585063,Bacteria,Bacteroidetes,ko04113,Meiosis - yeast,Cellular Processes,Cell growth and death
-0.11291067,0.158618609,0.476565427,0.537360449,Bacteria,Fibrobacteres,ko03018,RNA degradation,Genetic Information Processing,"Folding, sorting and degradation"
0.644936545,0.166263676,0.000104887,0.000238394,Archaea,Euryarchaeota,ko00450,Selenocompound metabolism,Metabolism,Metabolism of other amino acids
-0.173227617,0.113722798,0.127697568,0.169588339,Bacteria,Chlamydiae,ko01100,Metabolic pathways Major,Metabolism,Global and overview maps
0.220273659,0.081996777,0.007223311,0.012021222,Bacteria,Firmicutes,ko01054,Nonribosomal peptide structures,Metabolism,Metabolism of terpenoids and polyketides
0.43142764,0.214146981,0.043943085,0.06355768,Bacteria,Fusobacteria,ko04141,Protein processing in endoplasmic reticulum,Genetic Information Processing,"Folding, sorting and degradation"
0.43142764,0.214146981,0.043943085,0.06355768,Bacteria,Fusobacteria,ko04151,PI3K-Akt signaling pathway,Environmental Information Processing,Signal transduction
0.43142764,0.214146981,0.043943085,0.06355768,Bacteria,Fusobacteria,ko04612,Antigen processing and presentation,Organismal Systems,Immune system
0.43142764,0.214146981,0.043943085,0.06355768,Bacteria,Fusobacteria,ko04657,IL-17 signaling pathway,Organismal Systems,Immune system
0.43142764,0.214146981,0.043943085,0.06355768,Bacteria,Fusobacteria,ko04659,Th17 cell differentiation,Organismal Systems,Immune system
0.43142764,0.214146981,0.043943085,0.06355768,Bacteria,Fusobacteria,ko04914,Progesterone-mediated oocyte maturation,Organismal Systems,Endocrine system
0.43142764,0.214146981,0.043943085,0.06355768,Bacteria,Fusobacteria,ko04915,Estrogen signaling pathway,Organismal Systems,Endocrine system
0.43142764,0.214146981,0.043943085,0.06355768,Bacteria,Fusobacteria,ko05215,Prostate cancer,Human Diseases,Cancer: specific types
0.097135407,0.16897416,0.565390301,0.619942087,Bacteria,Firmicutes,ko00140,Steroid hormone biosynthesis,Metabolism,Lipid metabolism
0.947495267,0.173992221,5.16e-08,2.62e-07,Bacteria,Spirochaetes,ko00900,Terpenoid backbone biosynthesis,Metabolism,Metabolism of terpenoids and polyketides
0.265389967,0.133620695,0.047017315,0.067635215,Archaea,Euryarchaeota,ko00520,Amino sugar and nucleotide sugar metabolism,Metabolism,Carbohydrate metabolism
0.880925461,0.18677752,2.4e-06,7.87e-06,Bacteria,Planctomycetes,ko01100,Metabolic pathways Major,Metabolism,Global and overview maps
-0.362952019,0.153767717,0.018255655,0.028728732,Bacteria,Firmicutes,ko01053,Biosynthesis of siderophore group nonribosomal peptides,Metabolism,Metabolism of terpenoids and polyketides
1.029392385,0.132615717,8.35e-15,2.55e-13,Bacteria,Firmicutes,ko00565,Ether lipid metabolism,Metabolism,Lipid metabolism
0.692917307,0.150862758,4.37e-06,1.35e-05,Bacteria,Spirochaetes,ko00030,Pentose phosphate pathway,Metabolism,Carbohydrate metabolism
0.008280478,0.138635512,0.952371951,0.960217854,Bacteria,Spirochaetes,ko04152,AMPK signaling pathway,Environmental Information Processing,Signal transduction
0.361434206,0.156628137,0.021021708,0.03259799,Bacteria,Spirochaetes,ko05230,Central carbon metabolism in cancer,Human Diseases,Cancer: overview
0.884934386,0.215420658,3.99e-05,9.88e-05,Bacteria,Candidatus Saccharibacteria,ko03018,RNA degradation,Genetic Information Processing,"Folding, sorting and degradation"
-0.405561122,0.189637173,0.032466768,0.048456498,Bacteria,Fusobacteria,ko05146,Amoebiasis,Human Diseases,Infectious disease: parasitic
0.084461083,0.178154845,0.635437119,0.683094903,Bacteria,Spirochaetes,ko04151,PI3K-Akt signaling pathway,Environmental Information Processing,Signal transduction
-0.550933584,0.244577269,0.024284683,0.037044037,Archaea,Euryarchaeota,ko03020,RNA polymerase,Genetic Information Processing,Transcription
-0.045834987,0.148238191,0.757170736,0.798315866,Bacteria,Firmicutes,ko00944,Flavone and flavonol biosynthesis,Metabolism,Biosynthesis of other secondary metabolites
0.249028159,0.154645078,0.107327879,0.145450303,Bacteria,Lentisphaerae,ko01200,Carbon metabolism,Metabolism,Global and overview maps
0.228129764,0.208440609,0.273753586,0.334970817,Bacteria,Bacteroidetes,ko00405,Phenazine biosynthesis,Metabolism,Biosynthesis of other secondary metabolites
0.043967592,0.152444857,0.773028039,0.812343204,Bacteria,Synergistetes,ko00030,Pentose phosphate pathway,Metabolism,Carbohydrate metabolism
0.0009583,0.159180342,0.995196593,0.995822503,Bacteria,Synergistetes,ko00052,Galactose metabolism,Metabolism,Carbohydrate metabolism
-0.159454881,0.120439937,0.185523989,0.235946177,Bacteria,Synergistetes,ko00520,Amino sugar and nucleotide sugar metabolism,Metabolism,Carbohydrate metabolism
0.611705863,0.167912756,0.000269481,0.000563395,Bacteria,Candidatus Saccharibacteria,ko02020,Two-component system,Environmental Information Processing,Signal transduction
0.245133232,0.147399874,0.096302601,0.131517114,Bacteria,Actinobacteria,ko00633,Nitrotoluene degradation,Metabolism,Xenobiotics biodegradation and metabolism
0.357882088,0.173381446,0.039005259,0.057301354,Bacteria,Tenericutes,ko03420,Nucleotide excision repair,Genetic Information Processing,Replication and repair
0.527853693,0.180764848,0.00349905,0.0062201,Bacteria,Synergistetes,ko03420,Nucleotide excision repair,Genetic Information Processing,Replication and repair
-0.031813125,0.211530257,0.880452867,0.902764849,Bacteria,Fusobacteria,ko00750,Vitamin B6 metabolism,Metabolism,Metabolism of cofactors and vitamins
0.486959587,0.164184277,0.003017661,0.00542497,Bacteria,Synergistetes,ko00190,Oxidative phosphorylation,Metabolism,Energy metabolism
-0.476101566,0.093621616,3.67e-07,1.51e-06,Bacteria,Actinobacteria,ko04940,Type I diabetes mellitus,Human Diseases,Endocrine and metabolic disease
0.710381927,0.193898487,0.000248618,0.000526699,Bacteria,Spirochaetes,ko04122,Sulfur relay system,Genetic Information Processing,"Folding, sorting and degradation"
0.185912421,0.166286084,0.263555234,0.324548279,Bacteria,Candidatus Saccharibacteria,ko00970,Aminoacyl-tRNA biosynthesis,Genetic Information Processing,Translation
-1.504008785,0.309751872,1.2e-06,4.31e-06,Bacteria,Proteobacteria,ko05150,Staphylococcus aureus infection,Human Diseases,Infectious disease: bacterial
0.802033472,0.148544031,6.69e-08,3.31e-07,Bacteria,Bacteroidetes,ko03013,RNA transport,Genetic Information Processing,Translation
0.806626819,0.17257637,2.95e-06,9.51e-06,Bacteria,Spirochaetes,ko03060,Protein export,Genetic Information Processing,"Folding, sorting and degradation"
0.813071127,0.169101683,1.52e-06,5.34e-06,Bacteria,Spirochaetes,ko03070,Bacterial secretion system,Environmental Information Processing,Membrane transport
0.510505112,0.210831778,0.01546145,0.024599168,Bacteria,Bacteroidetes,ko01059,Biosynthesis of enediyne antibiotics,Metabolism,Metabolism of terpenoids and polyketides
0.365152866,0.141338208,0.009779223,0.015941335,Bacteria,Candidatus Saccharibacteria,ko03030,DNA replication,Genetic Information Processing,Replication and repair
0.632028298,0.199672823,0.001549127,0.002923678,Bacteria,Candidatus Saccharibacteria,ko03420,Nucleotide excision repair,Genetic Information Processing,Replication and repair
0.356186591,0.152484694,0.019497277,0.03053166,Bacteria,Candidatus Saccharibacteria,ko03430,Mismatch repair,Genetic Information Processing,Replication and repair
0.229971169,0.181854916,0.206019797,0.259522959,Bacteria,Bacteroidetes,ko00100,Steroid biosynthesis,Metabolism,Lipid metabolism
0.193486399,0.079714488,0.01521408,0.024254109,Bacteria,Firmicutes,ko00908,Zeatin biosynthesis,Metabolism,Metabolism of terpenoids and polyketides
0.740159022,0.148172742,5.88e-07,2.25e-06,Bacteria,Bacteroidetes,ko00524,"Neomycin, kanamycin and gentamicin biosynthesis",Metabolism,Biosynthesis of other secondary metabolites
0.820015684,0.198386922,3.57e-05,8.95e-05,Bacteria,Bacteroidetes,ko02040,Flagellar assembly,Cellular Processes,Cell motility
1.228892967,0.162292756,3.67e-14,9.58e-13,Bacteria,Bacteroidetes,ko00590,Arachidonic acid metabolism,Metabolism,Lipid metabolism
0.234878103,0.202520883,0.246141539,0.305230857,Bacteria,Tenericutes,ko00860,Porphyrin and chlorophyll metabolism,Metabolism,Metabolism of cofactors and vitamins
0.177610074,0.20945723,0.396463647,0.457413824,Bacteria,Tenericutes,ko00970,Aminoacyl-tRNA biosynthesis,Genetic Information Processing,Translation
0.401335192,0.144933491,0.005621154,0.009554761,Bacteria,Firmicutes,ko03022,Basal transcription factors,Genetic Information Processing,Transcription
0.340437453,0.121308271,0.005010113,0.008598802,Bacteria,Spirochaetes,ko00780,Biotin metabolism,Metabolism,Metabolism of cofactors and vitamins
-1.029977899,0.426005755,0.015616552,0.024821113,Bacteria,Proteobacteria,ko00591,Linoleic acid metabolism,Metabolism,Lipid metabolism
-0.408479125,0.114888249,0.000377336,0.000775636,Bacteria,Actinobacteria,ko00908,Zeatin biosynthesis,Metabolism,Metabolism of terpenoids and polyketides
0.809438374,0.17156487,2.38e-06,7.83e-06,Bacteria,Bacteroidetes,ko05150,Staphylococcus aureus infection,Human Diseases,Infectious disease: bacterial
-1.316125558,0.214809369,8.96e-10,7.2e-09,Bacteria,Actinobacteria,ko01053,Biosynthesis of siderophore group nonribosomal peptides,Metabolism,Metabolism of terpenoids and polyketides
0.162514317,0.23358408,0.486590251,0.545186682,Bacteria,Fusobacteria,ko03008,Ribosome biogenesis in eukaryotes,Genetic Information Processing,Translation
0.162514317,0.23358408,0.486590251,0.545186682,Bacteria,Fusobacteria,ko05205,Proteoglycans in cancer,Human Diseases,Cancer: overview
0.276355487,0.262800208,0.292992209,0.355027117,Bacteria,Fusobacteria,ko04152,AMPK signaling pathway,Environmental Information Processing,Signal transduction
0.337395856,0.239920178,0.159639873,0.206493527,Bacteria,Fusobacteria,ko01523,Antifolate resistance,Human Diseases,Drug resistance: antineoplastic
1.208929702,0.264609755,4.91e-06,1.49e-05,Bacteria,Bacteroidetes,ko01040,Biosynthesis of unsaturated fatty acids,Metabolism,Lipid metabolism
0.822261134,0.161449161,3.52e-07,1.46e-06,Bacteria,Spirochaetes,ko03410,Base excision repair,Genetic Information Processing,Replication and repair
0.880574077,0.162325061,5.8e-08,2.92e-07,Bacteria,Spirochaetes,ko03030,DNA replication,Genetic Information Processing,Replication and repair
0.915685296,0.161195726,1.34e-08,8.12e-08,Bacteria,Spirochaetes,ko03440,Homologous recombination,Genetic Information Processing,Replication and repair
0.439495794,0.191530778,0.021753282,0.033503844,Archaea,Euryarchaeota,ko00030,Pentose phosphate pathway,Metabolism,Carbohydrate metabolism
0.776954581,0.239639576,0.001186192,0.002273772,Archaea,Euryarchaeota,ko00051,Fructose and mannose metabolism,Metabolism,Carbohydrate metabolism
0.01640129,0.187042635,0.930125103,0.942894339,Bacteria,Fusobacteria,ko01055,Biosynthesis of vancomycin group antibiotics,Metabolism,Metabolism of terpenoids and polyketides
0.178616729,0.151376966,0.238021473,0.296084569,Bacteria,Tenericutes,ko03010,Ribosome,Genetic Information Processing,Translation
0.260488358,0.125493975,0.037921327,0.055760473,Bacteria,Actinobacteria,ko04973,Carbohydrate digestion and absorption,Organismal Systems,Digestive system
0.204459464,0.166870604,0.220478205,0.276205374,Bacteria,Lentisphaerae,ko00521,Streptomycin biosynthesis,Metabolism,Biosynthesis of other secondary metabolites
0.129484712,0.195722047,0.508243964,0.565861545,Bacteria,Fusobacteria,ko00660,C5-Branched dibasic acid metabolism,Metabolism,Carbohydrate metabolism
-0.205603351,0.200612507,0.305420742,0.366735397,Bacteria,Fusobacteria,ko01524,Platinum drug resistance,Human Diseases,Drug resistance: antineoplastic
-0.208839305,0.191565544,0.275637586,0.336561319,Bacteria,Fusobacteria,ko04016,MAPK signaling pathway - plant,Environmental Information Processing,Signal transduction
1.073635367,0.214230283,5.4e-07,2.1e-06,Bacteria,Bacteroidetes,ko03008,Ribosome biogenesis in eukaryotes,Genetic Information Processing,Translation
1.073635367,0.214230283,5.4e-07,2.1e-06,Bacteria,Bacteroidetes,ko05205,Proteoglycans in cancer,Human Diseases,Cancer: overview
0.642446534,0.155606575,3.65e-05,9.11e-05,Bacteria,Candidatus Melainabacteria,ko01110,Biosynthesis of secondary metabolites,Metabolism,Global and overview maps
0.152359672,0.126310479,0.227728259,0.284839356,Bacteria,Bacteroidetes,ko00362,Benzoate degradation,Metabolism,Xenobiotics biodegradation and metabolism
0.982092243,0.343317618,0.004228485,0.007320478,Bacteria,Bacteroidetes,ko04115,p53 signaling pathway,Cellular Processes,Cell growth and death
0.982092243,0.343317618,0.004228485,0.007320478,Bacteria,Bacteroidetes,ko04215,Apoptosis - multiple species,Cellular Processes,Cell growth and death
0.982092243,0.343317618,0.004228485,0.007320478,Bacteria,Bacteroidetes,ko04932,Non-alcoholic fatty liver disease (NAFLD),Human Diseases,Endocrine and metabolic disease
0.982092243,0.343317618,0.004228485,0.007320478,Bacteria,Bacteroidetes,ko05012,Parkinson disease,Human Diseases,Neurodegenerative disease
0.305235592,0.151019386,0.043262348,0.063031498,Bacteria,Bacteroidetes,ko05014,Amyotrophic lateral sclerosis (ALS),Human Diseases,Neurodegenerative disease
0.982092243,0.343317618,0.004228485,0.007320478,Bacteria,Bacteroidetes,ko05145,Toxoplasmosis,Human Diseases,Infectious disease: parasitic
0.982092243,0.343317618,0.004228485,0.007320478,Bacteria,Bacteroidetes,ko05161,Hepatitis B,Human Diseases,Infectious disease: viral
0.982092243,0.343317618,0.004228485,0.007320478,Bacteria,Bacteroidetes,ko05164,Influenza A,Human Diseases,Infectious disease: viral
0.982092243,0.343317618,0.004228485,0.007320478,Bacteria,Bacteroidetes,ko05167,Kaposi sarcoma-associated herpesvirus infection,Human Diseases,Infectious disease: viral
0.982092243,0.343317618,0.004228485,0.007320478,Bacteria,Bacteroidetes,ko05168,Herpes simplex virus 1 infection,Human Diseases,Infectious disease: viral
0.982092243,0.343317618,0.004228485,0.007320478,Bacteria,Bacteroidetes,ko05210,Colorectal cancer,Human Diseases,Cancer: specific types
0.982092243,0.343317618,0.004228485,0.007320478,Bacteria,Bacteroidetes,ko05222,Small cell lung cancer,Human Diseases,Cancer: specific types
0.982092243,0.343317618,0.004228485,0.007320478,Bacteria,Bacteroidetes,ko05416,Viral myocarditis,Human Diseases,Cardiovascular disease
0.437180119,0.117293489,0.000193594,0.000416227,Bacteria,Bacteroidetes,ko00333,Prodigiosin biosynthesis,Metabolism,Biosynthesis of other secondary metabolites
0.471785998,0.243533853,0.052714771,0.075219014,Bacteria,Fusobacteria,ko01054,Nonribosomal peptide structures,Metabolism,Metabolism of terpenoids and polyketides
0.17546744,0.185860424,0.345127859,0.407343044,Bacteria,Lentisphaerae,ko02020,Two-component system,Environmental Information Processing,Signal transduction
0.399401506,0.172671362,0.020718613,0.03215933,Bacteria,Bacteroidetes,ko00941,Flavonoid biosynthesis,Metabolism,Biosynthesis of other secondary metabolites
0.399401506,0.172671362,0.020718613,0.03215933,Bacteria,Bacteroidetes,ko00945,"Stilbenoid, diarylheptanoid and gingerol biosynthesis",Metabolism,Biosynthesis of other secondary metabolites
0.014160768,0.162245031,0.930448845,0.942894339,Bacteria,Tenericutes,ko02010,ABC transporters,Environmental Information Processing,Membrane transport
0.243659552,0.140634572,0.083171732,0.114370117,Bacteria,Firmicutes,ko00941,Flavonoid biosynthesis,Metabolism,Biosynthesis of other secondary metabolites
0.243659552,0.140634572,0.083171732,0.114370117,Bacteria,Firmicutes,ko00945,"Stilbenoid, diarylheptanoid and gingerol biosynthesis",Metabolism,Biosynthesis of other secondary metabolites
0.172102273,0.175748333,0.32745445,0.389969025,Bacteria,Spirochaetes,ko01503,Cationic antimicrobial peptide (CAMP) resistance,Human Diseases,Drug resistance: antimicrobial
-1.038483239,0.130140094,1.47e-15,5.98e-14,Bacteria,Actinobacteria,ko05206,MicroRNAs in cancer,Human Diseases,Cancer: overview
1.027759629,0.196825693,1.77e-07,7.9e-07,Bacteria,Bacteroidetes,ko04930,Type II diabetes mellitus,Human Diseases,Endocrine and metabolic disease
1.023116628,0.192916998,1.14e-07,5.38e-07,Bacteria,Bacteroidetes,ko05165,Human papillomavirus infection,Human Diseases,Infectious disease: viral
1.023116628,0.192916998,1.14e-07,5.38e-07,Bacteria,Bacteroidetes,ko05203,Viral carcinogenesis,Human Diseases,Cancer: overview
-0.939852121,0.229452334,4.2e-05,0.000103496,Bacteria,Proteobacteria,ko00524,"Neomycin, kanamycin and gentamicin biosynthesis",Metabolism,Biosynthesis of other secondary metabolites
0.715826504,0.10820343,3.7e-11,4.21e-10,Bacteria,Firmicutes,ko00510,N-Glycan biosynthesis,Metabolism,Glycan biosynthesis and metabolism
0.003979443,0.123577762,0.974311012,0.977999255,Bacteria,Synergistetes,ko03018,RNA degradation,Genetic Information Processing,"Folding, sorting and degradation"
0.834916932,0.201895848,3.54e-05,8.89e-05,Archaea,Euryarchaeota,ko00564,Glycerophospholipid metabolism,Metabolism,Lipid metabolism
0.502620811,0.149460466,0.000771279,0.001524354,Bacteria,Candidatus Saccharibacteria,ko00010,Glycolysis / Gluconeogenesis,Metabolism,Carbohydrate metabolism
0.393543619,0.215230782,0.067478632,0.09409159,Bacteria,Candidatus Saccharibacteria,ko00710,Carbon fixation in photosynthetic organisms,Metabolism,Energy metabolism
0.630283951,0.158083839,6.69e-05,0.000157703,Bacteria,Candidatus Saccharibacteria,ko01120,Microbial metabolism in diverse environments,Metabolism,Global and overview maps
0.502023052,0.144617191,0.000517766,0.001044064,Bacteria,Candidatus Saccharibacteria,ko01200,Carbon metabolism,Metabolism,Global and overview maps
0.607063685,0.194329457,0.001784777,0.003325036,Bacteria,Candidatus Saccharibacteria,ko00550,Peptidoglycan biosynthesis,Metabolism,Glycan biosynthesis and metabolism
1.00031332,0.223998134,7.98e-06,2.26e-05,Bacteria,Lentisphaerae,ko00620,Pyruvate metabolism,Metabolism,Carbohydrate metabolism
1.435632936,0.28356359,4.13e-07,1.66e-06,Bacteria,Lentisphaerae,ko00640,Propanoate metabolism,Metabolism,Carbohydrate metabolism
0.608910309,0.148248134,4e-05,9.89e-05,Bacteria,Firmicutes,ko00984,Steroid degradation,Metabolism,Xenobiotics biodegradation and metabolism
0.163735271,0.160944231,0.308990925,0.370463122,Bacteria,Bacteroidetes,ko04011,MAPK signaling pathway - yeast,Environmental Information Processing,Signal transduction
0.661469979,0.173531403,0.000137949,0.00030696,Bacteria,Tenericutes,ko00260,"Glycine, serine and threonine metabolism",Metabolism,Amino acid metabolism
-0.250797213,0.202718552,0.216024157,0.271266325,Bacteria,Fusobacteria,ko05152,Tuberculosis,Human Diseases,Infectious disease: bacterial
-0.544312632,0.27186149,0.045266565,0.065293839,Bacteria,Fusobacteria,ko00053,Ascorbate and aldarate metabolism,Metabolism,Carbohydrate metabolism
0.823924814,0.21705982,0.000147143,0.000326506,Archaea,Euryarchaeota,ko03430,Mismatch repair,Genetic Information Processing,Replication and repair
0.220238214,0.159573938,0.167536139,0.215306944,Bacteria,Tenericutes,ko00030,Pentose phosphate pathway,Metabolism,Carbohydrate metabolism
-0.377456979,0.2549469,0.138731395,0.182565466,Bacteria,Tenericutes,ko00521,Streptomycin biosynthesis,Metabolism,Biosynthesis of other secondary metabolites
0.735131526,0.132669405,3.01e-08,1.64e-07,Bacteria,Firmicutes,ko05100,Bacterial invasion of epithelial cells,Human Diseases,Infectious disease: bacterial
0.567805895,0.188448628,0.002586329,0.004702685,Archaea,Euryarchaeota,ko00770,Pantothenate and CoA biosynthesis,Metabolism,Metabolism of cofactors and vitamins
0.760799547,0.116797491,7.33e-11,7.72e-10,Bacteria,Bacteroidetes,ko05340,Primary immunodeficiency,Human Diseases,Immune disease
-0.108994018,0.146159918,0.455838046,0.518027379,Bacteria,Firmicutes,ko04310,Wnt signaling pathway,Environmental Information Processing,Signal transduction
-0.120305586,0.145745392,0.409115954,0.470305985,Bacteria,Firmicutes,ko04330,Notch signaling pathway,Environmental Information Processing,Signal transduction
-0.108994018,0.146159918,0.455838046,0.518027379,Bacteria,Firmicutes,ko05220,Chronic myeloid leukemia,Human Diseases,Cancer: specific types
1.323755121,0.251151686,1.36e-07,6.28e-07,Bacteria,Candidatus Saccharibacteria,ko02024,Quorum sensing,Cellular Processes,Cellular community - prokaryotes
-0.104916706,0.229136207,0.647039222,0.693225187,Bacteria,Fusobacteria,ko04724,Glutamatergic synapse,Organismal Systems,Nervous system
-0.104916706,0.229136207,0.647039222,0.693225187,Bacteria,Fusobacteria,ko04727,GABAergic synapse,Organismal Systems,Nervous system
-0.192574896,0.243401777,0.428838293,0.490497286,Bacteria,Fusobacteria,ko04964,Proximal tubule bicarbonate reclamation,Organismal Systems,Excretory system
0.238360527,0.182055691,0.190442029,0.241621426,Bacteria,Fusobacteria,ko05206,MicroRNAs in cancer,Human Diseases,Cancer: overview
0.570185506,0.136639376,3.01e-05,7.7e-05,Bacteria,Spirochaetes,ko00450,Selenocompound metabolism,Metabolism,Metabolism of other amino acids
-0.568689837,0.254024297,0.025173996,0.038253895,Bacteria,Fusobacteria,ko04070,Phosphatidylinositol signaling system,Environmental Information Processing,Signal transduction
-0.625208583,0.216928169,0.003950349,0.006944757,Archaea,Euryarchaeota,ko03050,Proteasome,Genetic Information Processing,"Folding, sorting and degradation"
-0.338303069,0.111371871,0.002384712,0.004361007,Bacteria,Fusobacteria,ko00130,Ubiquinone and other terpenoid-quinone biosynthesis,Metabolism,Metabolism of cofactors and vitamins
1.216422368,0.200893644,1.4e-09,1.07e-08,Bacteria,Spirochaetes,ko00750,Vitamin B6 metabolism,Metabolism,Metabolism of cofactors and vitamins
1.010374347,0.162638305,5.22e-10,4.72e-09,Bacteria,Bacteroidetes,ko04151,PI3K-Akt signaling pathway,Environmental Information Processing,Signal transduction
1.005641363,0.163921309,8.52e-10,6.88e-09,Bacteria,Bacteroidetes,ko04612,Antigen processing and presentation,Organismal Systems,Immune system
1.005641363,0.163921309,8.52e-10,6.88e-09,Bacteria,Bacteroidetes,ko04657,IL-17 signaling pathway,Organismal Systems,Immune system
1.005641363,0.163921309,8.52e-10,6.88e-09,Bacteria,Bacteroidetes,ko04659,Th17 cell differentiation,Organismal Systems,Immune system
1.005641363,0.163921309,8.52e-10,6.88e-09,Bacteria,Bacteroidetes,ko04914,Progesterone-mediated oocyte maturation,Organismal Systems,Endocrine system
1.005641363,0.163921309,8.52e-10,6.88e-09,Bacteria,Bacteroidetes,ko04915,Estrogen signaling pathway,Organismal Systems,Endocrine system
1.005641363,0.163921309,8.52e-10,6.88e-09,Bacteria,Bacteroidetes,ko05215,Prostate cancer,Human Diseases,Cancer: specific types
0.452129589,0.170727444,0.008090878,0.013353305,Bacteria,Tenericutes,ko04217,Necroptosis,Cellular Processes,Cell growth and death
0.452088692,0.148778256,0.002376214,0.004350468,Bacteria,Tenericutes,ko04922,Glucagon signaling pathway,Organismal Systems,Endocrine system
-0.957144177,0.36112032,0.008037617,0.013279179,Bacteria,Proteobacteria,ko04974,Protein digestion and absorption,Organismal Systems,Digestive system
-1.48661228,0.344821919,1.62e-05,4.35e-05,Bacteria,Proteobacteria,ko04071,Sphingolipid signaling pathway,Environmental Information Processing,Signal transduction
1.005154197,0.241283513,3.1e-05,7.92e-05,Bacteria,Spirochaetes,ko00521,Streptomycin biosynthesis,Metabolism,Biosynthesis of other secondary metabolites
-0.321212078,0.223489426,0.150644556,0.196133787,Bacteria,Tenericutes,ko00220,Arginine biosynthesis,Metabolism,Amino acid metabolism
0.472152492,0.18643235,0.01132306,0.018326539,Bacteria,Bacteroidetes,ko00601,Glycosphingolipid biosynthesis - lacto and neolacto series,Metabolism,Glycan biosynthesis and metabolism
0.565546812,0.155853255,0.000284837,0.000593162,Bacteria,Fusobacteria,ko00511,Other glycan degradation,Metabolism,Glycan biosynthesis and metabolism
0.573991505,0.156464727,0.000243974,0.000518241,Bacteria,Fusobacteria,ko00600,Sphingolipid metabolism,Metabolism,Lipid metabolism
0.193280137,0.173352728,0.264870579,0.325663903,Bacteria,Fusobacteria,ko00524,"Neomycin, kanamycin and gentamicin biosynthesis",Metabolism,Biosynthesis of other secondary metabolites
-0.40352698,0.217401507,0.063434034,0.088841151,Bacteria,Fusobacteria,ko00531,Glycosaminoglycan degradation,Metabolism,Glycan biosynthesis and metabolism
-0.035001185,0.150711781,0.816352226,0.846134457,Bacteria,Fibrobacteres,ko00330,Arginine and proline metabolism,Metabolism,Amino acid metabolism
-0.338476,0.268643435,0.207689139,0.261418845,Bacteria,Proteobacteria,ko00513,Various types of N-glycan biosynthesis,Metabolism,Glycan biosynthesis and metabolism
-0.347362894,0.269711747,0.197779311,0.249933983,Bacteria,Proteobacteria,ko00604,Glycosphingolipid biosynthesis - ganglio series,Metabolism,Glycan biosynthesis and metabolism
0.66042252,0.311469246,0.03397689,0.050473606,Bacteria,Proteobacteria,ko00532,Glycosaminoglycan biosynthesis - chondroitin sulfate / dermatan sulfate,Metabolism,Glycan biosynthesis and metabolism
0.348284557,0.164102684,0.033807731,0.050269252,Bacteria,Synergistetes,ko04112,Cell cycle - Caulobacter,Cellular Processes,Cell growth and death
-0.319570302,0.12989283,0.013883589,0.022244502,Bacteria,Actinobacteria,ko01054,Nonribosomal peptide structures,Metabolism,Metabolism of terpenoids and polyketides
-1.885316022,0.405783201,3.38e-06,1.07e-05,Bacteria,Actinobacteria,ko05142,Chagas disease (American trypanosomiasis),Human Diseases,Infectious disease: parasitic
-1.885316022,0.405783201,3.38e-06,1.07e-05,Bacteria,Actinobacteria,ko05143,African trypanosomiasis,Human Diseases,Infectious disease: parasitic
0.979025174,0.18762184,1.81e-07,8.01e-07,Bacteria,Bacteroidetes,ko00311,Penicillin and cephalosporin biosynthesis,Metabolism,Biosynthesis of other secondary metabolites
-2.60168324,0.42003824,5.87e-10,5.16e-09,Bacteria,Proteobacteria,ko04726,Serotonergic synapse,Organismal Systems,Nervous system
-2.52084458,0.445936926,1.58e-08,9.29e-08,Bacteria,Proteobacteria,ko04728,Dopaminergic synapse,Organismal Systems,Nervous system
-2.52084458,0.445936926,1.58e-08,9.29e-08,Bacteria,Proteobacteria,ko05030,Cocaine addiction,Human Diseases,Substance dependence
-2.52084458,0.445936926,1.58e-08,9.29e-08,Bacteria,Proteobacteria,ko05031,Amphetamine addiction,Human Diseases,Substance dependence
-2.476085959,0.41820517,3.2e-09,2.26e-08,Bacteria,Proteobacteria,ko05034,Alcoholism,Human Diseases,Substance dependence
0.940095894,0.208955072,6.83e-06,1.96e-05,Bacteria,Spirochaetes,ko04112,Cell cycle - Caulobacter,Cellular Processes,Cell growth and death
-0.355713795,0.240158239,0.138562814,0.182494567,Bacteria,Fusobacteria,ko04072,Phospholipase D signaling pathway,Environmental Information Processing,Signal transduction
-0.355713795,0.240158239,0.138562814,0.182494567,Bacteria,Fusobacteria,ko05231,Choline metabolism in cancer,Human Diseases,Cancer: overview
0.183197532,0.341344448,0.591478971,0.644991805,Bacteria,Bacteroidetes,ko03450,Non-homologous end-joining,Genetic Information Processing,Replication and repair
0.725536348,0.228384287,0.001488981,0.00281865,Bacteria,Bacteroidetes,ko01053,Biosynthesis of siderophore group nonribosomal peptides,Metabolism,Metabolism of terpenoids and polyketides
0.782725611,0.218615795,0.000343107,0.000709861,Bacteria,Tenericutes,ko00983,Drug metabolism - other enzymes,Metabolism,Xenobiotics biodegradation and metabolism
0.771448843,0.142272228,5.88e-08,2.94e-07,Bacteria,Spirochaetes,ko00430,Taurine and hypotaurine metabolism,Metabolism,Metabolism of other amino acids
0.778689748,0.231298079,0.00076099,0.00151342,Bacteria,Bacteroidetes,ko04917,Prolactin signaling pathway,Organismal Systems,Endocrine system
0.883428976,0.332724451,0.007927622,0.013111067,Bacteria,Bacteroidetes,ko04622,RIG-I-like receptor signaling pathway,Organismal Systems,Immune system
0.23595262,0.168732512,0.161998186,0.209203827,Bacteria,Spirochaetes,ko01523,Antifolate resistance,Human Diseases,Drug resistance: antineoplastic
0.49365273,0.158025051,0.001784777,0.003325036,Bacteria,Tenericutes,ko00270,Cysteine and methionine metabolism,Metabolism,Amino acid metabolism
0.370467205,0.230768614,0.108414123,0.146672508,Bacteria,Fusobacteria,ko05120,Epithelial cell signaling in Helicobacter pylori infection,Human Diseases,Infectious disease: bacterial
0.541039953,0.21842981,0.013251007,0.021273816,Bacteria,Tenericutes,ko03410,Base excision repair,Genetic Information Processing,Replication and repair
-0.021691289,0.201394861,0.914229485,0.931799558,Bacteria,Fusobacteria,ko00333,Prodigiosin biosynthesis,Metabolism,Biosynthesis of other secondary metabolites
0.283004049,0.305340398,0.354005609,0.415969664,Bacteria,Proteobacteria,ko00120,Primary bile acid biosynthesis,Metabolism,Lipid metabolism
0.283004049,0.305340398,0.354005609,0.415969664,Bacteria,Proteobacteria,ko00121,Secondary bile acid biosynthesis,Metabolism,Lipid metabolism
0.66417448,0.204229083,0.001145536,0.002203806,Bacteria,Tenericutes,ko00190,Oxidative phosphorylation,Metabolism,Energy metabolism
0.714667032,0.224895682,0.001484118,0.00281434,Bacteria,Tenericutes,ko00195,Photosynthesis,Metabolism,Energy metabolism
0.336405668,0.155219109,0.030212334,0.045219025,Bacteria,Firmicutes,ko00232,Caffeine metabolism,Metabolism,Biosynthesis of other secondary metabolites
0.638353014,0.171134064,0.000191378,0.000412577,Bacteria,Spirochaetes,ko00460,Cyanoamino acid metabolism,Metabolism,Metabolism of other amino acids
-1.01664813,0.274375889,0.000211131,0.000452708,Bacteria,Actinobacteria,ko00540,Lipopolysaccharide biosynthesis,Metabolism,Glycan biosynthesis and metabolism
0.031232449,0.193320298,0.8716539,0.895288157,Bacteria,Tenericutes,ko00900,Terpenoid backbone biosynthesis,Metabolism,Metabolism of terpenoids and polyketides
0.954382149,0.201610862,2.2e-06,7.3e-06,Bacteria,Bacteroidetes,ko00072,Synthesis and degradation of ketone bodies,Metabolism,Lipid metabolism
0.230710587,0.218955827,0.292026915,0.35412715,Bacteria,Tenericutes,ko00562,Inositol phosphate metabolism,Metabolism,Carbohydrate metabolism
0.589655489,0.144653067,4.57e-05,0.000111466,Bacteria,Firmicutes,ko05146,Amoebiasis,Human Diseases,Infectious disease: parasitic
-0.202828496,0.925528687,0.826534142,0.855573077,Bacteria,Fusobacteria,ko05133,Pertussis,Human Diseases,Infectious disease: bacterial
-1.489892752,0.266976151,2.4e-08,1.35e-07,Bacteria,Actinobacteria,ko04011,MAPK signaling pathway - yeast,Environmental Information Processing,Signal transduction
-1.300626433,0.209248244,5.11e-10,4.65e-09,Bacteria,Actinobacteria,ko04211,Longevity regulating pathway,Organismal Systems,Aging
-1.517937289,0.263573678,8.46e-09,5.38e-08,Bacteria,Actinobacteria,ko05014,Amyotrophic lateral sclerosis (ALS),Human Diseases,Neurodegenerative disease
0.162899654,0.167650884,0.331219734,0.393555338,Bacteria,Synergistetes,ko00564,Glycerophospholipid metabolism,Metabolism,Lipid metabolism
0.444774018,0.198553702,0.025086435,0.038157284,Archaea,Euryarchaeota,ko00860,Porphyrin and chlorophyll metabolism,Metabolism,Metabolism of cofactors and vitamins
0.968123584,0.167191262,7.02e-09,4.5e-08,Bacteria,Firmicutes,ko04020,Calcium signaling pathway,Environmental Information Processing,Signal transduction
0.904564514,0.161862984,2.29e-08,1.3e-07,Bacteria,Firmicutes,ko04071,Sphingolipid signaling pathway,Environmental Information Processing,Signal transduction
0.968123584,0.167191262,7.02e-09,4.5e-08,Bacteria,Firmicutes,ko04370,VEGF signaling pathway,Environmental Information Processing,Signal transduction
0.639624616,0.15962946,6.15e-05,0.000146506,Bacteria,Firmicutes,ko04371,Apelin signaling pathway,Environmental Information Processing,Signal transduction
0.968123584,0.167191262,7.02e-09,4.5e-08,Bacteria,Firmicutes,ko04666,Fc gamma R-mediated phagocytosis,Organismal Systems,Immune system
0.867508909,0.237580507,0.000260783,0.000547318,Bacteria,Spirochaetes,ko00473,D-Alanine metabolism,Metabolism,Metabolism of other amino acids
1.387285905,0.223598108,5.49e-10,4.91e-09,Bacteria,Spirochaetes,ko01502,Vancomycin resistance,Human Diseases,Drug resistance: antimicrobial
0.666298894,0.151133233,1.04e-05,2.89e-05,Bacteria,Firmicutes,ko05110,Vibrio cholerae infection,Human Diseases,Infectious disease: bacterial
0.369078135,0.247325909,0.135627212,0.179100598,Bacteria,Bacteroidetes,ko04550,Signaling pathways regulating pluripotency of stem cells,Cellular Processes,Cellular community - eukaryotes
0.679805826,0.167525952,4.95e-05,0.000119357,Bacteria,Spirochaetes,ko00660,C5-Branched dibasic acid metabolism,Metabolism,Carbohydrate metabolism
0.817736078,0.198832183,3.91e-05,9.72e-05,Bacteria,Spirochaetes,ko00564,Glycerophospholipid metabolism,Metabolism,Lipid metabolism
0.557980554,0.388578384,0.151015527,0.19629551,Bacteria,Bacteroidetes,ko00404,Staurosporine biosynthesis,Metabolism,Biosynthesis of other secondary metabolites
0.646326985,0.247906775,0.009130276,0.014929362,Bacteria,Candidatus Saccharibacteria,ko03070,Bacterial secretion system,Environmental Information Processing,Membrane transport
0.306701831,0.197181238,0.11984343,0.16103961,Bacteria,Candidatus Saccharibacteria,ko05111,Biofilm formation - Vibrio cholerae,Cellular Processes,Cellular community - prokaryotes
0.583753742,0.191017263,0.002242917,0.004134973,Bacteria,Spirochaetes,ko04621,NOD-like receptor signaling pathway,Organismal Systems,Immune system
0.582912346,0.195640308,0.002887094,0.005196115,Bacteria,Spirochaetes,ko04626,Plant-pathogen interaction,Organismal Systems,Environmental adaptation
0.735234966,0.252183684,0.003551487,0.006299238,Bacteria,Spirochaetes,ko05132,Salmonella infection,Human Diseases,Infectious disease: bacterial
-1.3626448,0.432290383,0.001620721,0.003047952,Bacteria,Firmicutes,ko00909,Sesquiterpenoid and triterpenoid biosynthesis,Metabolism,Metabolism of terpenoids and polyketides
-1.199379966,0.250928187,1.75e-06,5.98e-06,Bacteria,Actinobacteria,ko00622,Xylene degradation,Metabolism,Xenobiotics biodegradation and metabolism
0.397146818,0.139023939,0.00428098,0.007403304,Bacteria,Tenericutes,ko00250,"Alanine, aspartate and glutamate metabolism",Metabolism,Amino acid metabolism
-0.055015305,0.185292171,0.76653437,0.807118586,Bacteria,Tenericutes,ko01501,beta-Lactam resistance,Human Diseases,Drug resistance: antimicrobial
0.303110126,0.197267963,0.124405983,0.166048589,Bacteria,Tenericutes,ko02024,Quorum sensing,Cellular Processes,Cellular community - prokaryotes
0.705537392,0.234676762,0.002643418,0.004801003,Bacteria,Actinobacteria,ko00311,Penicillin and cephalosporin biosynthesis,Metabolism,Biosynthesis of other secondary metabolites
-0.090530511,0.206472924,0.661051482,0.70680975,Bacteria,Tenericutes,ko04152,AMPK signaling pathway,Environmental Information Processing,Signal transduction
0.248197534,0.170960242,0.146561365,0.191759155,Bacteria,Tenericutes,ko05230,Central carbon metabolism in cancer,Human Diseases,Cancer: overview
-0.026535354,0.128637402,0.836572017,0.86371582,Bacteria,Chlamydiae,ko00400,"Phenylalanine, tyrosine and tryptophan biosynthesis",Metabolism,Amino acid metabolism
-0.11724931,0.12177439,0.335627593,0.397901268,Bacteria,Chlamydiae,ko01110,Biosynthesis of secondary metabolites,Metabolism,Global and overview maps
-0.016254238,0.1304172,0.900814401,0.921669268,Bacteria,Chlamydiae,ko01130,Biosynthesis of antibiotics,Metabolism,Global and overview maps
-0.026535354,0.128637402,0.836572017,0.86371582,Bacteria,Chlamydiae,ko01230,Biosynthesis of amino acids,Metabolism,Global and overview maps
0.228595566,0.208736561,0.27345571,0.334925353,Bacteria,Tenericutes,ko04122,Sulfur relay system,Genetic Information Processing,"Folding, sorting and degradation"
0.545244046,0.155963497,0.000472338,0.000958533,Bacteria,Bacteroidetes,ko00944,Flavone and flavonol biosynthesis,Metabolism,Biosynthesis of other secondary metabolites
0.844735877,0.252090754,0.000805437,0.001585952,Bacteria,Tenericutes,ko02020,Two-component system,Environmental Information Processing,Signal transduction
1.248800633,0.214389451,5.71e-09,3.77e-08,Bacteria,Fibrobacteres,ko03440,Homologous recombination,Genetic Information Processing,Replication and repair
0.464432082,0.265543286,0.080293053,0.110698655,Bacteria,Fusobacteria,ko00908,Zeatin biosynthesis,Metabolism,Metabolism of terpenoids and polyketides
0.609878712,0.18305855,0.000863468,0.001698119,Bacteria,Firmicutes,ko04080,Neuroactive ligand-receptor interaction,Environmental Information Processing,Signaling molecules and interaction
0.680550146,0.186056624,0.000254431,0.000535449,Bacteria,Firmicutes,ko04979,Cholesterol metabolism,Organismal Systems,Digestive system
0.680550146,0.186056624,0.000254431,0.000535449,Bacteria,Firmicutes,ko05166,Human T-cell leukemia virus 1 infection,Human Diseases,Infectious disease: viral
0.579460126,0.189932169,0.002281723,0.004196787,Bacteria,Candidatus Saccharibacteria,ko04112,Cell cycle - Caulobacter,Cellular Processes,Cell growth and death
0.117579405,0.164620724,0.475076159,0.536061113,Bacteria,Fusobacteria,ko04213,Longevity regulating pathway - multiple species,Organismal Systems,Aging
1.620766202,0.229188299,1.53e-12,2.36e-11,Bacteria,Spirochaetes,ko05120,Epithelial cell signaling in Helicobacter pylori infection,Human Diseases,Infectious disease: bacterial
-0.266353324,0.182411555,0.144241184,0.189034368,Bacteria,Fusobacteria,ko00625,Chloroalkane and chloroalkene degradation,Metabolism,Xenobiotics biodegradation and metabolism
-0.266353324,0.182411555,0.144241184,0.189034368,Bacteria,Fusobacteria,ko00626,Naphthalene degradation,Metabolism,Xenobiotics biodegradation and metabolism
-0.312471759,0.194224562,0.107656383,0.145771324,Bacteria,Fusobacteria,ko01220,Degradation of aromatic compounds,Metabolism,Global and overview maps
0.392757888,0.201709307,0.051516985,0.073641979,Archaea,Euryarchaeota,ko03410,Base excision repair,Genetic Information Processing,Replication and repair
0.782985919,0.18926258,3.52e-05,8.84e-05,Bacteria,Candidatus Melainabacteria,ko01120,Microbial metabolism in diverse environments,Metabolism,Global and overview maps
0.400411589,0.176458777,0.023259152,0.03558203,Bacteria,Candidatus Melainabacteria,ko01230,Biosynthesis of amino acids,Metabolism,Global and overview maps
1.319822458,0.262025507,4.73e-07,1.87e-06,Bacteria,Bacteroidetes,ko05110,Vibrio cholerae infection,Human Diseases,Infectious disease: bacterial
0.573931227,0.174060181,0.00097614,0.001903234,Bacteria,Tenericutes,ko00760,Nicotinate and nicotinamide metabolism,Metabolism,Metabolism of cofactors and vitamins
0.966333585,0.211421211,4.86e-06,1.48e-05,Bacteria,Tenericutes,ko00790,Folate biosynthesis,Metabolism,Metabolism of cofactors and vitamins
0.58813058,0.130136091,6.2e-06,1.82e-05,Bacteria,Bacteroidetes,ko00622,Xylene degradation,Metabolism,Xenobiotics biodegradation and metabolism
-0.277606417,0.235015634,0.237513227,0.295683524,Bacteria,Tenericutes,ko00564,Glycerophospholipid metabolism,Metabolism,Lipid metabolism
-0.832751679,0.207814488,6.14e-05,0.000146506,Bacteria,Actinobacteria,ko04113,Meiosis - yeast,Cellular Processes,Cell growth and death
0.67947196,0.169803784,6.29e-05,0.00014968,Bacteria,Tenericutes,ko00620,Pyruvate metabolism,Metabolism,Carbohydrate metabolism
1.108779062,0.305196654,0.000280146,0.000584925,Bacteria,Bacteroidetes,ko00196,Photosynthesis - antenna proteins,Metabolism,Energy metabolism
0.892030199,0.203824686,1.21e-05,3.3e-05,Bacteria,Bacteroidetes,ko05100,Bacterial invasion of epithelial cells,Human Diseases,Infectious disease: bacterial
0.42947304,0.244808854,0.079375711,0.109528843,Bacteria,Tenericutes,ko03060,Protein export,Genetic Information Processing,"Folding, sorting and degradation"
0.431313558,0.234638357,0.066032105,0.092236241,Bacteria,Tenericutes,ko03070,Bacterial secretion system,Environmental Information Processing,Membrane transport
0.800002996,0.190183925,2.59e-05,6.72e-05,Bacteria,Candidatus Melainabacteria,ko01130,Biosynthesis of antibiotics,Metabolism,Global and overview maps
0.887750008,0.20407769,1.36e-05,3.7e-05,Bacteria,Candidatus Melainabacteria,ko01200,Carbon metabolism,Metabolism,Global and overview maps
0.245276637,0.230816303,0.287941308,0.349972972,Bacteria,Spirochaetes,ko04141,Protein processing in endoplasmic reticulum,Genetic Information Processing,"Folding, sorting and degradation"
0.238430169,0.230827779,0.30163416,0.362462197,Bacteria,Spirochaetes,ko04612,Antigen processing and presentation,Organismal Systems,Immune system
0.238430169,0.230827779,0.30163416,0.362462197,Bacteria,Spirochaetes,ko04657,IL-17 signaling pathway,Organismal Systems,Immune system
0.238430169,0.230827779,0.30163416,0.362462197,Bacteria,Spirochaetes,ko04659,Th17 cell differentiation,Organismal Systems,Immune system
0.238430169,0.230827779,0.30163416,0.362462197,Bacteria,Spirochaetes,ko04914,Progesterone-mediated oocyte maturation,Organismal Systems,Endocrine system
0.238430169,0.230827779,0.30163416,0.362462197,Bacteria,Spirochaetes,ko04915,Estrogen signaling pathway,Organismal Systems,Endocrine system
0.238430169,0.230827779,0.30163416,0.362462197,Bacteria,Spirochaetes,ko05200,Pathways in cancer,Human Diseases,Cancer: overview
0.238430169,0.230827779,0.30163416,0.362462197,Bacteria,Spirochaetes,ko05215,Prostate cancer,Human Diseases,Cancer: specific types
0.732026969,0.235845195,0.001910233,0.003546301,Bacteria,Tenericutes,ko00561,Glycerolipid metabolism,Metabolism,Lipid metabolism
-1.518029839,0.687673769,0.027280162,0.041218175,Bacteria,Proteobacteria,ko04024,cAMP signaling pathway,Environmental Information Processing,Signal transduction
0.901695964,0.165014164,4.65e-08,2.4e-07,Bacteria,Firmicutes,ko00514,Other types of O-glycan biosynthesis,Metabolism,Glycan biosynthesis and metabolism
0.904844741,0.166451743,5.45e-08,2.75e-07,Bacteria,Firmicutes,ko00515,Mannose type O-glycan biosynthesis,Metabolism,Glycan biosynthesis and metabolism
0.914602637,0.247799592,0.000223465,0.00047851,Bacteria,Tenericutes,ko00330,Arginine and proline metabolism,Metabolism,Amino acid metabolism
0.860244309,0.252188153,0.000646964,0.001294741,Bacteria,Tenericutes,ko00360,Phenylalanine metabolism,Metabolism,Amino acid metabolism
-0.672164332,0.373826538,0.072166743,0.100364762,Bacteria,Firmicutes,ko04614,Renin-angiotensin system,Organismal Systems,Endocrine system
1.245217346,0.254740486,1.02e-06,3.76e-06,Bacteria,Verrucomicrobia,ko01230,Biosynthesis of amino acids,Metabolism,Global and overview maps
-0.329304295,0.139931338,0.018606228,0.029222615,Bacteria,Firmicutes,ko05014,Amyotrophic lateral sclerosis (ALS),Human Diseases,Neurodegenerative disease
0.840316734,0.178720022,2.58e-06,8.4e-06,Bacteria,Fibrobacteres,ko01503,Cationic antimicrobial peptide (CAMP) resistance,Human Diseases,Drug resistance: antimicrobial
0.640827217,0.274287605,0.019473886,0.030525077,Archaea,Euryarchaeota,ko03008,Ribosome biogenesis in eukaryotes,Genetic Information Processing,Translation
1.535887492,0.217287697,1.57e-12,2.37e-11,Bacteria,Verrucomicrobia,ko03440,Homologous recombination,Genetic Information Processing,Replication and repair
1.282859268,0.251639188,3.43e-07,1.43e-06,Bacteria,Spirochaetes,ko00740,Riboflavin metabolism,Metabolism,Metabolism of cofactors and vitamins
0.382016094,0.196080787,0.05138402,0.073517963,Bacteria,Fusobacteria,ko00311,Penicillin and cephalosporin biosynthesis,Metabolism,Biosynthesis of other secondary metabolites
0.560805487,0.116831932,1.59e-06,5.48e-06,Bacteria,Actinobacteria,ko04612,Antigen processing and presentation,Organismal Systems,Immune system
0.560805487,0.116831932,1.59e-06,5.48e-06,Bacteria,Actinobacteria,ko04657,IL-17 signaling pathway,Organismal Systems,Immune system
0.560805487,0.116831932,1.59e-06,5.48e-06,Bacteria,Actinobacteria,ko04659,Th17 cell differentiation,Organismal Systems,Immune system
0.560805487,0.116831932,1.59e-06,5.48e-06,Bacteria,Actinobacteria,ko04914,Progesterone-mediated oocyte maturation,Organismal Systems,Endocrine system
0.560805487,0.116831932,1.59e-06,5.48e-06,Bacteria,Actinobacteria,ko04915,Estrogen signaling pathway,Organismal Systems,Endocrine system
0.560805487,0.116831932,1.59e-06,5.48e-06,Bacteria,Actinobacteria,ko05215,Prostate cancer,Human Diseases,Cancer: specific types
0.881705197,0.124721574,1.56e-12,2.37e-11,Bacteria,Spirochaetes,ko00040,Pentose and glucuronate interconversions,Metabolism,Carbohydrate metabolism
-0.041297336,0.167934456,0.805749258,0.83842189,Bacteria,Chlamydiae,ko00020,Citrate cycle (TCA cycle),Metabolism,Carbohydrate metabolism
-0.041297336,0.167934456,0.805749258,0.83842189,Bacteria,Chlamydiae,ko00190,Oxidative phosphorylation,Metabolism,Energy metabolism
-0.041297336,0.167934456,0.805749258,0.83842189,Bacteria,Chlamydiae,ko00620,Pyruvate metabolism,Metabolism,Carbohydrate metabolism
-0.041297336,0.167934456,0.805749258,0.83842189,Bacteria,Chlamydiae,ko00650,Butanoate metabolism,Metabolism,Carbohydrate metabolism
-0.041297336,0.167934456,0.805749258,0.83842189,Bacteria,Chlamydiae,ko00720,Carbon fixation pathways in prokaryotes,Metabolism,Energy metabolism
-0.041297336,0.167934456,0.805749258,0.83842189,Bacteria,Chlamydiae,ko01120,Microbial metabolism in diverse environments,Metabolism,Global and overview maps
-0.041297336,0.167934456,0.805749258,0.83842189,Bacteria,Chlamydiae,ko01200,Carbon metabolism,Metabolism,Global and overview maps
-0.047844176,0.168029535,0.77584587,0.814228746,Bacteria,Chlamydiae,ko02020,Two-component system,Environmental Information Processing,Signal transduction
1.385220501,0.207396029,2.4e-11,2.9e-10,Bacteria,Firmicutes,ko00591,Linoleic acid metabolism,Metabolism,Lipid metabolism
1.698097623,0.201112813,3.08e-17,1.96e-15,Bacteria,Bacteroidetes,ko04978,Mineral absorption,Organismal Systems,Digestive system
0.944008533,0.300748716,0.001696057,0.003170888,Archaea,Euryarchaeota,ko03060,Protein export,Genetic Information Processing,"Folding, sorting and degradation"
0.972855724,0.292086806,0.000866256,0.001700496,Archaea,Euryarchaeota,ko03070,Bacterial secretion system,Environmental Information Processing,Membrane transport
0.020023949,0.133989195,0.881202898,0.902764849,Bacteria,Firmicutes,ko00120,Primary bile acid biosynthesis,Metabolism,Lipid metabolism
0.020023949,0.133989195,0.881202898,0.902764849,Bacteria,Firmicutes,ko00121,Secondary bile acid biosynthesis,Metabolism,Lipid metabolism
0.268831632,0.324813217,0.407868791,0.469211313,Archaea,Euryarchaeota,ko03460,Fanconi anemia pathway,Genetic Information Processing,Replication and repair
0.919201301,0.245956726,0.000186045,0.000401626,Bacteria,Bacteroidetes,ko04071,Sphingolipid signaling pathway,Environmental Information Processing,Signal transduction
1.254347578,0.175775406,9.6e-13,1.59e-11,Bacteria,Spirochaetes,ko04724,Glutamatergic synapse,Organismal Systems,Nervous system
1.20938393,0.172938106,2.69e-12,3.92e-11,Bacteria,Spirochaetes,ko04727,GABAergic synapse,Organismal Systems,Nervous system
0.177583896,0.270698442,0.511810534,0.56903603,Bacteria,Fusobacteria,ko00120,Primary bile acid biosynthesis,Metabolism,Lipid metabolism
0.177583896,0.270698442,0.511810534,0.56903603,Bacteria,Fusobacteria,ko00121,Secondary bile acid biosynthesis,Metabolism,Lipid metabolism
1.160264124,0.190605774,1.15e-09,9.14e-09,Bacteria,Bacteroidetes,ko00621,Dioxin degradation,Metabolism,Xenobiotics biodegradation and metabolism
0.469851515,0.246364765,0.056502767,0.08004978,Bacteria,Tenericutes,ko00450,Selenocompound metabolism,Metabolism,Metabolism of other amino acids
0.858203444,0.357959182,0.016507846,0.026159346,Bacteria,Bacteroidetes,ko04380,Osteoclast differentiation,Organismal Systems,Development and regeneration
0.858203444,0.357959182,0.016507846,0.026159346,Bacteria,Bacteroidetes,ko05323,Rheumatoid arthritis,Human Diseases,Immune disease
2.017779348,0.25704447,4.16e-15,1.47e-13,Bacteria,Bacteroidetes,ko00565,Ether lipid metabolism,Metabolism,Lipid metabolism
2.019625734,0.274003063,1.7e-13,3.65e-12,Bacteria,Bacteroidetes,ko00591,Linoleic acid metabolism,Metabolism,Lipid metabolism
2.019625734,0.274003063,1.7e-13,3.65e-12,Bacteria,Bacteroidetes,ko00592,alpha-Linolenic acid metabolism,Metabolism,Lipid metabolism
0.698871861,0.362591411,0.053925275,0.07656216,Bacteria,Firmicutes,ko04550,Signaling pathways regulating pluripotency of stem cells,Cellular Processes,Cellular community - eukaryotes
0.320587562,0.28933874,0.26786146,0.328833011,Bacteria,Tenericutes,ko00730,Thiamine metabolism,Metabolism,Metabolism of cofactors and vitamins
0.812818815,0.195415508,3.19e-05,8.11e-05,Bacteria,Actinobacteria,ko05100,Bacterial invasion of epithelial cells,Human Diseases,Infectious disease: bacterial
1.56993303,0.34560391,5.56e-06,1.65e-05,Bacteria,Lentisphaerae,ko00650,Butanoate metabolism,Metabolism,Carbohydrate metabolism
0.957567498,0.259911154,0.000229412,0.000489269,Bacteria,Firmicutes,ko05143,African trypanosomiasis,Human Diseases,Infectious disease: parasitic
0.389841557,0.227057052,0.085991566,0.117941881,Bacteria,Tenericutes,ko05206,MicroRNAs in cancer,Human Diseases,Cancer: overview
0.753421445,0.214055434,0.000431955,0.000881077,Bacteria,Firmicutes,ko00965,Betalain biosynthesis,Metabolism,Biosynthesis of other secondary metabolites
0.773865449,0.216867589,0.000359199,0.000739308,Bacteria,Firmicutes,ko04916,Melanogenesis,Organismal Systems,Endocrine system
0.61789895,0.208810767,0.003085053,0.005533619,Bacteria,Tenericutes,ko00670,One carbon pool by folate,Metabolism,Metabolism of cofactors and vitamins
0.887211955,0.273830592,0.001195284,0.002288444,Bacteria,Tenericutes,ko05120,Epithelial cell signaling in Helicobacter pylori infection,Human Diseases,Infectious disease: bacterial
-0.570829536,0.267957222,0.033146772,0.049378758,Bacteria,Proteobacteria,ko00944,Flavone and flavonol biosynthesis,Metabolism,Biosynthesis of other secondary metabolites
0.891719608,0.407386617,0.028605708,0.042935548,Bacteria,Tenericutes,ko00380,Tryptophan metabolism,Metabolism,Amino acid metabolism
0.891719608,0.407386617,0.028605708,0.042935548,Bacteria,Tenericutes,ko00627,Aminobenzoate degradation,Metabolism,Xenobiotics biodegradation and metabolism
0.891719608,0.407386617,0.028605708,0.042935548,Bacteria,Tenericutes,ko00643,Styrene degradation,Metabolism,Xenobiotics biodegradation and metabolism
0.361935794,0.253557632,0.153455963,0.199142281,Bacteria,Tenericutes,ko00630,Glyoxylate and dicarboxylate metabolism,Metabolism,Carbohydrate metabolism
1.551813523,0.384343447,5.4e-05,0.000129213,Bacteria,Bacteroidetes,ko05130,Pathogenic Escherichia coli infection,Human Diseases,Infectious disease: bacterial
2.151281872,0.305186007,1.8e-12,2.7e-11,Bacteria,Firmicutes,ko00522,"Biosynthesis of 12-, 14- and 16-membered macrolides",Metabolism,Metabolism of terpenoids and polyketides
1.107159928,0.353800066,0.001752008,0.003271648,Archaea,Euryarchaeota,ko04112,Cell cycle - Caulobacter,Cellular Processes,Cell growth and death
-0.827263203,0.349280506,0.017861442,0.028164077,Bacteria,Proteobacteria,ko05131,Shigellosis,Human Diseases,Infectious disease: bacterial
-5.813307645,0.721791293,8.01e-16,3.35e-14,Bacteria,Firmicutes,ko04064,NF-kappa B signaling pathway,Environmental Information Processing,Signal transduction
-5.813307645,0.721791293,8.01e-16,3.35e-14,Bacteria,Firmicutes,ko04120,Ubiquitin mediated proteolysis,Genetic Information Processing,"Folding, sorting and degradation"
-0.030210566,0.257066838,0.906447778,0.925647249,Bacteria,Actinobacteria,ko00121,Secondary bile acid biosynthesis,Metabolism,Lipid metabolism
