log2FoldChange,lfcSE,pvalue,padj,SGB,Domain,Phylum,Class,Order,Family,Genus
0.814900919,1.601784211,0.610930446,0.650155515,artificially_reared_1__metabat2_low_PE_002_contigs,Bacteria,Bacteroidota,Bacteroidia,Bacteroidales,Bacteroidaceae,Bacteroides_A
-0.749452826,1.592633157,0.637944498,0.67457289,artificially_reared_2__metabat2_high_PE_035_contigs,Bacteria,Bacteroidota,Bacteroidia,Bacteroidales,Bacteroidaceae,Bacteroides_A
-4.174236706,1.977282988,0.034763953,0.051794383,artificially_reared_2__metabat2_low_PE_015_contigs,Bacteria,Firmicutes,Bacilli,Haloplasmatales,Turicibacteraceae,Turicibacter
2.696405337,2.036160063,0.185416708,0.230208385,Ash_p1__metabat2_low_PE_028_contigs,Bacteria,Bacteroidota,Bacteroidia,Bacteroidales,Bacteroidaceae,Bacteroides
24.5323956,2.399119466,1.52e-24,5.74e-24,Avalanche_p1__metabat2_low_PE_018_contigs,Bacteria,Firmicutes_A,Clostridia,Lachnospirales,Lachnospiraceae,Roseburia
0.071219483,2.435896389,0.976675186,0.979168823,Belle_p2__metabat2_low_PE_017_contigs,Bacteria,Firmicutes,Bacilli,Erysipelotrichales,Erysipelotrichaceae,Dubosiella
0.801237286,1.108647201,0.469854264,0.521615649,Bissell_p1__maxbin2_high_prob_028_contigs,Bacteria,Firmicutes_A,Clostridia,Peptostreptococcales,Peptostreptococcaceae,Romboutsia
5.176391436,2.192289581,0.018216861,0.028485327,Bissell_p1__metabat2_low_PE_001_contigs,Bacteria,Firmicutes,Bacilli,Erysipelotrichales,Erysipelatoclostridiaceae,Erysipelatoclostridium
4.928320703,1.917821208,0.010177198,0.016578581,Bissell_p2__metabat2_high_PE_001_contigs,Bacteria,Firmicutes_A,Clostridia,Lachnospirales,Lachnospiraceae,Tyzzerella
1.34394366,1.845321598,0.466431309,0.520612723,Cam_p1__metabat2_low_PE_012_contigs,Bacteria,Fusobacteriota,Fusobacteriia,Fusobacteriales,Fusobacteriaceae,Fusobacterium_A
4.709873385,1.719724077,0.006167553,0.010511794,CBJMC01400__metabat2_high_PE_029_contigs,Bacteria,Firmicutes_A,Clostridia,Lachnospirales,Lachnospiraceae,Faecalicatena
-4.039330758,1.821622682,0.026593348,0.04053193,CBJMI02800__metabat2_low_PE_003_contigs,Bacteria,Actinobacteriota,Actinobacteria,Streptomycetales,Streptomycetaceae,Kitasatospora
-2.948270436,2.59171717,0.255298349,0.30552853,CBJMI02800__metabat2_low_PE_005_contigs,Bacteria,Campylobacterota,Campylobacteria,Campylobacterales,Campylobacteraceae,Campylobacter_D
0.411884703,1.542120338,0.789399976,0.820332577,Cebus_capucinus_imitator_PRJNA485217_SSR012__metabat2_high_PE_008_contigs,Bacteria,Firmicutes,Bacilli,Erysipelotrichales,Erysipelatoclostridiaceae,Erysipelatoclostridium
1.048699398,0.975980937,0.282595027,0.333381678,Cebus_capucinus_imitator_PRJNA485217_SSR024__maxbin2_low_prob_004_contigs,Bacteria,Bacteroidota,Bacteroidia,Bacteroidales,Bacteroidaceae,Bacteroides
1.708973784,0.667644298,0.010476045,0.016964298,Cebus_capucinus_imitator_PRJNA485217_SSR024__metabat2_high_PE_013_contigs,Bacteria,Bacteroidota,Bacteroidia,Bacteroidales,Bacteroidaceae,Bacteroides_B
-1.943782355,1.614391178,0.228576321,0.276040256,Cebus_capucinus_imitator_PRJNA485217_SSR046__maxbin2_high_prob_012_contigs,Bacteria,Proteobacteria,Gammaproteobacteria,Enterobacterales,Enterobacteriaceae,Tatumella
23.98385407,2.648329048,1.35e-19,4.05e-19,Cebus_capucinus_imitator_PRJNA485217_SSR056__maxbin2_low_prob_007_contigs,Bacteria,Firmicutes,Bacilli,Lactobacillales,Streptococcaceae,Streptococcus
3.327814806,1.963401999,0.090090067,0.120180513,Cebus_capucinus_imitator_PRJNA485217_SSR056__maxbin2_low_prob_010_contigs,Bacteria,Firmicutes_A,Clostridia,Lachnospirales,Lachnospiraceae,Clostridium_M
-1.280273805,1.780267224,0.472050361,0.521615649,Cebus_capucinus_imitator_PRJNA485217_SSR091__maxbin2_high_prob_005_contigs,Bacteria,Firmicutes_A,Clostridia,Clostridiales,Clostridiaceae,Clostridium_P
-1.178039262,1.712806056,0.491589306,0.540503664,Cebus_capucinus_imitator_PRJNA485217_SSR091__metabat2_high_PE_016_contigs,Bacteria,Firmicutes,Bacilli,Lactobacillales,Streptococcaceae,Lactococcus
4.812344602,1.549431092,0.001897147,0.003465037,Cebus_capucinus_imitator_PRJNA485217_SSR098__maxbin2_low_prob_011_contigs,Bacteria,Bacteroidota,Bacteroidia,Bacteroidales,Bacteroidaceae,Prevotella
-0.934539042,1.856109194,0.614617301,0.653030882,Cebus_capucinus_imitator_PRJNA485217_SSR098__metabat2_high_PE_002_contigs,Bacteria,Firmicutes,Bacilli,Lactobacillales,Streptococcaceae,Lactococcus
-0.279482854,3.149742801,0.929294932,0.942083394,Charlie_p2__metabat2_low_PE_014_contigs,Bacteria,Fusobacteriota,Fusobacteriia,Fusobacteriales,Fusobacteriaceae,Cetobacterium_A
1.877010273,1.876393014,0.317151337,0.371504127,CHCFC05602__metabat2_high_PE_021_contigs,Bacteria,Firmicutes_A,Clostridia,Christensenellales,CAG-74,
1.179977802,2.767991208,0.669893693,0.702752403,CHCFR05602__metabat2_high_PE_010_contigs,Bacteria,Firmicutes_A,Clostridia,Oscillospirales,Oscillospiraceae,UBA5446
3.365569063,2.296255827,0.142736337,0.181305468,CHCFR05602__metabat2_low_PE_021_contigs,Bacteria,Bacteroidota,Bacteroidia,Bacteroidales,Rikenellaceae,Alistipes
1.194887516,1.33416668,0.370463297,0.422022622,CHCFR05602__metabat2_low_PE_022_contigs,Bacteria,Bacteroidota,Bacteroidia,Bacteroidales,Bacteroidaceae,Bacteroides
3.895147026,1.417397936,0.005994227,0.010295784,Cinder_p2__metabat2_low_PE_021_contigs,Bacteria,Bacteroidota,Bacteroidia,Bacteroidales,Bacteroidaceae,Bacteroides
1.941150827,2.518881649,0.440920375,0.494636562,Cinder_p2__metabat2_low_PE_026_contigs,Bacteria,Bacteroidota,Bacteroidia,Bacteroidales,Bacteroidaceae,CAG-462
25.92845195,1.586266007,4.68e-60,5.54e-59,Cobain_p2__metabat2_high_PE_012_contigs,Bacteria,Firmicutes_A,Clostridia,Lachnospirales,Lachnospiraceae,Eisenbergiella
0.137341809,2.090831103,0.947626494,0.956280618,Cobain_p2__metabat2_low_PE_016_contigs,Bacteria,Actinobacteriota,Coriobacteriia,Coriobacteriales,Coriobacteriaceae,Collinsella
5.01436477,1.783925785,0.004940935,0.008575498,Connie_p1__metabat2_low_PE_017_contigs,Bacteria,Bacteroidota,Bacteroidia,Bacteroidales,Muribaculaceae,Muribaculum
-4.43188679,2.408749478,0.065781175,0.092400252,DGYFD06202__metabat2_high_PE_016_contigs,Bacteria,Actinobacteriota,Actinobacteria,Actinomycetales,Dermatophilaceae,Janibacter
3.121999838,2.289200875,0.172632214,0.215546437,DGYFI06202__metabat2_high_PE_032_contigs,Bacteria,Bacteroidota,Bacteroidia,Bacteroidales,Bacteroidaceae,Bacteroides
-1.960573144,2.280597999,0.389968205,0.443480137,DGYFI06203__metabat2_high_PE_041_contigs,Bacteria,Actinobacteriota,Actinobacteria,Mycobacteriales,Mycobacteriaceae,Corynebacterium
-0.060216503,1.688385793,0.971549373,0.975965506,DGYFI06203__metabat2_low_PE_020_contigs,Bacteria,Bacteroidota,Bacteroidia,Bacteroidales,Bacteroidaceae,Bacteroides_A
26.68724928,1.977389475,1.65e-41,1.2e-40,DGYFI06203__metabat2_low_PE_023_contigs,Bacteria,Firmicutes,Bacilli,Erysipelotrichales,Erysipelatoclostridiaceae,Massiliomicrobiota
-5.550256454,2.64252186,0.035696878,0.053065089,DGYFJ06201__metabat2_high_PE_006_contigs,Bacteria,Actinobacteriota,Actinobacteria,Actinomycetales,Microbacteriaceae,Microbacterium
2.246096856,1.845372644,0.223546832,0.272949447,DGYFR06201__maxbin2_high_prob_025_contigs,Bacteria,Firmicutes_A,Clostridia,Oscillospirales,Ruminococcaceae,Faecalibacterium
1.395913643,2.673821537,0.601623772,0.642079343,DGYFR06201__maxbin2_high_prob_042_contigs,Bacteria,Firmicutes_A,Clostridia,Lachnospirales,Lachnospiraceae,Faecalicatena
25.14753551,2.184196557,1.13e-30,5.47e-30,DGYMR06203__metabat2_high_PE_011_contigs,Bacteria,Firmicutes_A,Clostridia,Oscillospirales,Oscillospiraceae,
1.73924414,1.895038728,0.358729773,0.410065241,DGYMR06203__metabat2_low_PE_012_contigs,Bacteria,Bacteroidota,Bacteroidia,Bacteroidales,Tannerellaceae,Parabacteroides
24.85599555,2.033851078,2.4e-34,1.37e-33,DGYMR06203__metabat2_low_PE_036_contigs,Bacteria,Firmicutes_A,Clostridia,Oscillospirales,Oscillospiraceae,NK3B98
3.239411106,2.519330969,0.198505202,0.245998035,DGYMR06203__metabat2_low_PE_047_contigs,Bacteria,Verrucomicrobiota,Verrucomicrobiae,Verrucomicrobiales,Akkermansiaceae,Akkermansia
-2.014983958,2.137321606,0.345803044,0.398725944,DHCFD07801__metabat2_high_PE_009_contigs,Bacteria,Firmicutes,Bacilli,Lactobacillales,Lactobacillaceae,Lactobacillus_H
-1.889908927,2.626502872,0.471800046,0.521615649,DHCFD07801__metabat2_low_PE_002_contigs,Bacteria,Actinobacteriota,Actinobacteria,Mycobacteriales,Mycobacteriaceae,Dietzia
-2.224486362,2.626806832,0.397084041,0.45002858,DHCFD07801__metabat2_low_PE_007_contigs,Bacteria,Actinobacteriota,Actinobacteria,Actinomycetales,Dermabacteraceae,Brachybacterium
-5.629760043,2.637269994,0.032786149,0.048957696,DHCFD07801__metabat2_low_PE_023_contigs,Bacteria,Actinobacteriota,Actinobacteria,Actinomycetales,Microbacteriaceae,Microbacterium
2.145581249,1.378804441,0.119680235,0.154976555,DHCMC07803__metabat2_high_PE_053_contigs,Bacteria,Firmicutes_A,Clostridia,Oscillospirales,Oscillospiraceae,Flavonifractor
2.338796905,1.523576859,0.12476667,0.161248153,DHCMC07803__metabat2_low_PE_017_contigs,Bacteria,Firmicutes_A,Clostridia,Oscillospirales,Oscillospiraceae,Intestinimonas
-3.6927913,2.162566908,0.087711271,0.117717759,DHCMJ07802__metabat2_high_PE_028_contigs,Bacteria,Actinobacteriota,Actinobacteria,Actinomycetales,Dermabacteraceae,Brachybacterium
-2.538430249,2.276557828,0.264837571,0.314672598,DHCMJ07802__metabat2_low_PE_013_contigs,Bacteria,Actinobacteriota,Actinobacteria,Mycobacteriales,Mycobacteriaceae,Corynebacterium
4.247830217,2.379102817,0.074184193,0.102772054,DHKFC23501__metabat2_low_PE_030_contigs,Bacteria,Bacteroidota,Bacteroidia,Bacteroidales,Bacteroidaceae,Bacteroides
-2.241844898,1.285066682,0.081065696,0.110362538,DHKFR23503__metabat2_high_PE_003_contigs,Bacteria,Firmicutes_A,Clostridia,Peptostreptococcales,Peptostreptococcaceae,Romboutsia
27.76303515,0.948548967,2.58e-188,3.42e-186,DSLFC04101__metabat2_low_PE_021_contigs,Bacteria,Firmicutes_A,Clostridia,Oscillospirales,Oscillospiraceae,CAG-110
25.47399908,1.399064014,4.47e-74,7.23e-73,DSLFC04101__metabat2_low_PE_048_contigs,Bacteria,Firmicutes_A,Clostridia,Christensenellales,CAG-74,
6.089790187,0.985539988,6.45e-10,1.78e-09,DSLFC04101__metabat2_low_PE_049_contigs,Bacteria,Firmicutes_A,Clostridia,Oscillospirales,Oscillospiraceae,CAG-110
28.43715555,0.970619196,1.1e-188,1.83e-186,DSLFC04102__maxbin2_low_prob_041_contigs,Bacteria,Firmicutes_A,Clostridia,Oscillospirales,Oscillospiraceae,CAG-110
0.687124275,2.68121566,0.797739729,0.827701785,DSLFC04102__metabat2_high_PE_002_contigs,Bacteria,Firmicutes_A,Clostridia,Oscillospirales,Ruminococcaceae,Gemmiger
-0.932593569,2.809087922,0.739895609,0.770095429,DSLFC04102__metabat2_high_PE_037_contigs,Bacteria,Firmicutes_A,Clostridia,Oscillospirales,Ruminococcaceae,Fournierella
2.64330402,1.789923784,0.139737559,0.178165388,DSLFC04102__metabat2_low_PE_004_contigs,Bacteria,Firmicutes_A,Clostridia,Christensenellales,CAG-74,
24.31033337,2.239835479,1.92e-27,8.2e-27,DSLFC04102__metabat2_low_PE_028_contigs,Bacteria,Firmicutes_A,Clostridia,Oscillospirales,Oscillospiraceae,UBA9475
3.562826828,0.995044995,0.000342847,0.000682606,DSLFC04102__metabat2_low_PE_037_contigs,Bacteria,Firmicutes_A,Clostridia,Oscillospirales,Oscillospiraceae,
25.02712659,1.944415806,6.53e-38,4.2e-37,DSLFR04102__metabat2_low_PE_033_contigs,Bacteria,Firmicutes_A,Clostridia,Christensenellales,CAG-74,
5.00393899,1.134018353,1.02e-05,2.33e-05,DSLMC04102__metabat2_low_PE_001_contigs,Bacteria,Firmicutes_A,Clostridia,TANB77,CAG-508,UBA7001
4.925402952,1.306631278,0.000163547,0.000340979,DSLMC04103__metabat2_high_PE_037_contigs,Bacteria,Firmicutes_A,Clostridia,Oscillospirales,Oscillospiraceae,Ruminiclostridium_C
26.50690442,1.13391387,7.42e-121,2.73e-119,DSLMC04103__metabat2_high_PE_040_contigs,Bacteria,Firmicutes_A,Clostridia,Oscillospirales,Oscillospiraceae,CAG-110
-3.979658734,1.357923089,0.003382044,0.006011515,DSTFI04002__maxbin2_high_prob_004_contigs,Bacteria,Proteobacteria,Gammaproteobacteria,Pseudomonadales,Pseudomonadaceae,Pseudomonas_E
24.76611727,2.284544868,2.21e-27,9.38e-27,DSTMC04003__metabat2_high_PE_023_contigs,Bacteria,Firmicutes_A,Clostridia,Lachnospirales,Lachnospiraceae,Fusicatenibacter
23.51566719,2.415026006,2.09e-22,7.04e-22,DSTMC04003__metabat2_low_PE_048_contigs,Bacteria,Firmicutes_A,Clostridia,Christensenellales,CAG-74,
-6.711642315,2.30335406,0.003569944,0.006311661,DSTMI04001__maxbin2_low_prob_005_contigs,Bacteria,Actinobacteriota,Actinobacteria,Mycobacteriales,Mycobacteriaceae,Corynebacterium
-1.551547182,2.810512807,0.580913223,0.625236147,DSTMR04002__maxbin2_low_prob_029_contigs,Bacteria,Actinobacteriota,Actinobacteria,Actinomycetales,Bifidobacteriaceae,Bifidobacterium
-30.0,2.244685659,9.7e-41,6.91e-40,DSTMR04002__metabat2_high_PE_019_contigs,Bacteria,Firmicutes,Bacilli,Lactobacillales,Lactobacillaceae,Lactobacillus_B
3.324850274,1.857105409,0.073399254,0.102234676,DSTMR04002__metabat2_high_PE_025_contigs,Bacteria,Bacteroidota,Bacteroidia,Bacteroidales,Rikenellaceae,Alistipes
3.995190866,2.772892781,0.149640485,0.188974556,DSTMR04002__metabat2_high_PE_045_contigs,Bacteria,Firmicutes_A,Clostridia,Oscillospirales,Acutalibacteraceae,Anaeromassilibacillus
2.090507555,0.741321183,0.004802732,0.00835751,Escalade_p1__maxbin2_low_prob_011_contigs,Bacteria,Bacteroidota,Bacteroidia,Bacteroidales,Bacteroidaceae,Prevotella
-5.731012304,2.139558501,0.007393159,0.012377941,F144_Wood_Sandpiper__metabat2_low_PE_003_contigs,Bacteria,Firmicutes,Bacilli,Erysipelotrichales,Erysipelotrichaceae,Dielma
-6.637239729,1.411068802,2.55e-06,6.05e-06,F157b_European_Toad__metabat2_low_PE_001_contigs,Bacteria,Firmicutes_A,Clostridia,Peptostreptococcales,Peptostreptococcaceae,Paraclostridium
-30.0,2.102653551,3.48e-46,2.88e-45,F241_Great_Cormorant__maxbin2_low_prob_005_contigs,Bacteria,Firmicutes,Bacilli,Lactobacillales,Lactobacillaceae,Lactobacillus_B
-10.02498359,2.08136919,1.46e-06,3.52e-06,F241_Great_Cormorant__metabat2_high_PE_009_contigs,Bacteria,Firmicutes_A,Clostridia,Peptostreptococcales,Peptostreptococcaceae,Peptostreptococcus
6.103634431,1.099983957,2.88e-08,7.66e-08,F42_Fallow_Deer__metabat2_low_PE_003_contigs,Bacteria,Firmicutes_A,Clostridia,Lachnospirales,Lachnospiraceae,Acetatifactor
3.469832866,1.542317336,0.024464637,0.037459709,Flurry_p1__metabat2_high_PE_018_contigs,Bacteria,Bacteroidota,Bacteroidia,Bacteroidales,Bacteroidaceae,Bacteroides_A
4.133027705,2.046115361,0.043389741,0.062674071,Freddie_p2__metabat2_low_PE_029_contigs,Bacteria,Firmicutes_A,Clostridia,Lachnospirales,Lachnospiraceae,Clostridium_M
6.009048747,2.342909256,0.0103241,0.016776662,Garth_p2__metabat2_low_PE_037_contigs,Bacteria,Firmicutes_A,Clostridia,Lachnospirales,Lachnospiraceae,Blautia_A
4.596889451,1.329618683,0.000545619,0.001063957,Glacier_p2__maxbin2_low_prob_007_contigs,Bacteria,Firmicutes_A,Clostridia,Oscillospirales,Ruminococcaceae,Faecalibacterium
2.513937589,2.584109105,0.33063035,0.384140938,HHCFC01400__metabat2_high_PE_014_contigs,Bacteria,Firmicutes_A,Clostridia,Lachnospirales,Lachnospiraceae,UBA7160
2.55860601,2.216211381,0.248297093,0.298226399,HHCFC01400__metabat2_high_PE_029_contigs,Bacteria,Firmicutes_A,Clostridia,Oscillospirales,Ruminococcaceae,Faecalibacterium
0.451323128,2.679754322,0.866253197,0.887675223,HHCFC01400__metabat2_high_PE_058_contigs,Bacteria,Actinobacteriota,Coriobacteriia,Coriobacteriales,Eggerthellaceae,Raoultibacter
0.946926197,2.091161043,0.65067607,0.685847749,HHCFC01400__metabat2_low_PE_042_contigs,Bacteria,Actinobacteriota,Coriobacteriia,Coriobacteriales,Eggerthellaceae,Gordonibacter
0.537956807,2.438420981,0.825390764,0.852389527,HHCFR02800__metabat2_high_PE_019_contigs,Bacteria,Firmicutes_A,Clostridia,Oscillospirales,Oscillospiraceae,UBA5446
4.162152194,1.884767623,0.027222634,0.041301158,HHCFR02800__metabat2_low_PE_073_contigs,Bacteria,Bacteroidota,Bacteroidia,Bacteroidales,Rikenellaceae,Alistipes
1.231337888,1.458367304,0.398487087,0.450848018,Juniper_p1__metabat2_low_PE_029_contigs,Bacteria,Bacteroidota,Bacteroidia,Bacteroidales,Bacteroidaceae,Bacteroides_A
3.585307357,1.171364927,0.002207505,0.003998842,Kenny_p2__metabat2_high_PE_004_contigs,Bacteria,Bacteroidota,Bacteroidia,Bacteroidales,Bacteroidaceae,Bacteroides
3.200379964,2.505330601,0.201451114,0.249183,Kit_p2__metabat2_high_PE_005_contigs,Bacteria,Firmicutes_A,Clostridia,Lachnospirales,Lachnospiraceae,CAG-81
1.021102287,2.517265933,0.685007562,0.716340715,LBJMC04200__metabat2_low_PE_012_contigs,Bacteria,Firmicutes_A,Clostridia,Christensenellales,CAG-74,
2.06261554,2.659950946,0.438083442,0.492286987,LBJMC04200__metabat2_low_PE_022_contigs,Bacteria,Firmicutes_A,Clostridia,Lachnospirales,Lachnospiraceae,Blautia_A
3.863608702,2.257163488,0.086950175,0.116932994,LBJMR02800__maxbin2_low_prob_028_contigs,Bacteria,Firmicutes_A,Clostridia,Lachnospirales,Lachnospiraceae,Faecalicatena
4.061097309,1.138372087,0.000360458,0.00071552,LBJMR02800__metabat2_high_PE_018_contigs,Bacteria,Firmicutes_A,Clostridia,Oscillospirales,Oscillospiraceae,
25.87280705,1.030288749,3.66e-139,1.87e-137,LBJMR02800__metabat2_high_PE_031_contigs,Bacteria,Firmicutes_A,Clostridia,Oscillospirales,Oscillospiraceae,
3.311268839,1.117495804,0.003045425,0.005457073,LBJMR02800__metabat2_low_PE_006_contigs,Bacteria,Firmicutes_A,Clostridia,Oscillospirales,Oscillospiraceae,
3.843922655,1.023206347,0.00017214,0.000355541,LBJMR02800__metabat2_low_PE_023_contigs,Bacteria,Firmicutes_A,Clostridia,Oscillospirales,Oscillospiraceae,
1.846090448,1.578663583,0.24224219,0.291481982,LBJMR02800__metabat2_low_PE_051_contigs,Bacteria,Bacteroidota,Bacteroidia,Bacteroidales,Rikenellaceae,Alistipes
27.1756368,1.033646076,2.43e-152,1.79e-150,LHCFC01400__metabat2_low_PE_055_contigs,Bacteria,Firmicutes_A,Clostridia,Oscillospirales,Oscillospiraceae,CAG-110
1.909707333,2.655214032,0.471999741,0.521615649,LHCFC04200__maxbin2_low_prob_010_contigs,Bacteria,Bacteroidota,Bacteroidia,Bacteroidales,Rikenellaceae,Tidjanibacter
1.178830809,1.883902208,0.531486244,0.576719116,LHCFC04200__metabat2_high_PE_045_contigs,Bacteria,Firmicutes_A,Clostridia,Oscillospirales,Ruminococcaceae,Gemmiger
5.142519967,0.924777717,2.69e-08,7.18e-08,LHCFC04200__metabat2_low_PE_042_contigs,Bacteria,Firmicutes_A,Clostridia,Oscillospirales,Oscillospiraceae,
1.864343821,1.955853456,0.340482451,0.39396137,LHCFR01400__maxbin2_low_prob_037_contigs,Bacteria,Firmicutes_A,Clostridia,Oscillospirales,Ruminococcaceae,Gemmiger
4.91681793,1.021017293,1.47e-06,3.53e-06,LHCFR02800__metabat2_low_PE_042_contigs,Bacteria,Firmicutes_A,Clostridia,Oscillospirales,Oscillospiraceae,Oscillibacter
-2.878744757,2.560293161,0.260851467,0.311051299,MBJMJ04200__maxbin2_low_prob_020_contigs,Bacteria,Firmicutes,Bacilli,Lactobacillales,Enterococcaceae,Enterococcus_E
1.215330942,2.767022575,0.660502321,0.693998477,MHCFC02800__metabat2_high_PE_048_contigs,Bacteria,Bacteroidota,Bacteroidia,Bacteroidales,Rikenellaceae,Alistipes_A
4.414933812,1.196971777,0.000225652,0.00046318,MHCFC02800__metabat2_low_PE_014_contigs,Bacteria,Firmicutes_A,Clostridia,Christensenellales,CAG-74,
-1.855156796,1.961443428,0.344244467,0.397620351,MHCFD02800__metabat2_low_PE_007_contigs,Bacteria,Proteobacteria,Gammaproteobacteria,Burkholderiales,Burkholderiaceae,Aquabacterium
0.875825162,2.54537707,0.730782631,0.761806422,MHCFR00700__metabat2_low_PE_037_contigs,Bacteria,Firmicutes_A,Clostridia,Oscillospirales,Ruminococcaceae,Gemmiger
3.028550568,1.303617613,0.020168982,0.031389754,MHCFR04200__metabat2_low_PE_027_contigs,Bacteria,Firmicutes_A,Clostridia,Christensenellales,CAG-74,
-2.223664871,2.238202884,0.320464108,0.374062858,MHCFR05601__metabat2_high_PE_031_contigs,Bacteria,Desulfobacterota_A,Desulfovibrionia,Desulfovibrionales,Desulfovibrionaceae,Desulfovibrio
3.796069077,1.403663157,0.006842751,0.011514578,MHCFR05601__metabat2_low_PE_030_contigs,Bacteria,Firmicutes_A,Clostridia,Christensenellales,CAG-74,OEMS01
-0.642356055,0.457879572,0.160648744,0.201342376,MJGMD1__maxbin2_high_prob_001_contigs,Bacteria,Proteobacteria,Gammaproteobacteria,Enterobacterales,Enterobacteriaceae,Escherichia
0.685476805,0.469155834,0.143991968,0.182536663,MJGMD1__maxbin2_high_prob_004_contigs,Bacteria,Bacteroidota,Bacteroidia,Bacteroidales,Bacteroidaceae,Bacteroides
-2.257128916,1.110465356,0.042093222,0.061067409,MJGMD1__metabat2_low_PE_006_contigs,Bacteria,Firmicutes_A,Clostridia,Oscillospirales,Oscillospiraceae,Flavonifractor
0.164779279,1.508644857,0.913025323,0.929855283,MJGMD1__metabat2_low_PE_010_contigs,Bacteria,Bacteroidota,Bacteroidia,Bacteroidales,Tannerellaceae,Parabacteroides
4.269873427,1.462067062,0.003495419,0.006196424,MJGMD1__metabat2_low_PE_014_contigs,Bacteria,Firmicutes,Bacilli,Lactobacillales,Streptococcaceae,Streptococcus
2.91327478,1.158537019,0.011916237,0.019087977,MJGMH1__maxbin2_low_prob_007_contigs,Bacteria,Firmicutes_A,Clostridia,Oscillospirales,Butyricicoccaceae,Butyricicoccus
1.199464361,1.101832893,0.276326684,0.327151056,MJGMH1__maxbin2_low_prob_015_contigs,Bacteria,Firmicutes_A,Clostridia,Lachnospirales,Lachnospiraceae,Clostridium_Q
3.088081351,1.34264899,0.021448698,0.033147988,MJGMH1__metabat2_high_PE_009_contigs,Bacteria,Firmicutes_A,Clostridia,Lachnospirales,Lachnospiraceae,Tyzzerella
2.553690003,1.52070067,0.09309649,0.123693333,MJGMH1__metabat2_high_PE_019_contigs,Bacteria,Bacteroidota,Bacteroidia,Bacteroidales,Bacteroidaceae,Bacteroides
-1.555907276,1.896432503,0.411965863,0.465303863,MJGMH2__maxbin2_high_prob_002_contigs,Bacteria,Firmicutes_A,Clostridia,Clostridiales,Clostridiaceae,Clostridium
-1.238733692,0.914290255,0.175462725,0.218668771,MJGMH2__maxbin2_low_prob_020_contigs,Bacteria,Proteobacteria,Gammaproteobacteria,Enterobacterales,Enterobacteriaceae,Morganella
0.4514457,0.644487362,0.483632248,0.532638173,MJGMH2__maxbin2_low_prob_021_contigs,Bacteria,Bacteroidota,Bacteroidia,Bacteroidales,Bacteroidaceae,Bacteroides
27.15998289,0.986160781,5.65e-167,5.35e-165,Mya_p2__maxbin2_low_prob_016_contigs,Bacteria,Firmicutes_A,Clostridia,Oscillospirales,Oscillospiraceae,CAG-110
3.354121958,1.876958427,0.073937725,0.102768788,N__stephensi_708_cecum__metabat2_low_PE_009_contigs,Bacteria,Firmicutes,Bacilli,RF39,CAG-611,UBA3789
24.13459271,2.52895312,1.38e-21,4.39e-21,N__stephensi_709_foregut__metabat2_high_PE_003_contigs,Bacteria,Firmicutes_A,Clostridia,Lachnospirales,Lachnospiraceae,Acetatifactor
24.14142828,2.293639236,6.6e-26,2.67e-25,N__stephensi_709_foregut__metabat2_low_PE_012_contigs,Bacteria,Firmicutes_A,Clostridia,Lachnospirales,Lachnospiraceae,UBA2882
24.69469811,1.946873916,7.23e-37,4.52e-36,N__stephensi_711_cecum__metabat2_high_PE_008_contigs,Bacteria,Firmicutes_A,Clostridia,Lachnospirales,Lachnospiraceae,Acetatifactor
5.495688867,1.061915105,2.28e-07,5.89e-07,NBJMC04201__maxbin2_low_prob_026_contigs,Bacteria,Bacteroidota,Bacteroidia,Bacteroidales,Rikenellaceae,Alistipes
1.087674213,1.638644734,0.506841046,0.553600681,NBJMC04201__maxbin2_low_prob_028_contigs,Bacteria,Bacteroidota,Bacteroidia,Bacteroidales,Rikenellaceae,Alistipes
3.656214024,1.235748223,0.00308935,0.005506019,NBJMC04201__metabat2_high_PE_001_contigs,Bacteria,Firmicutes,Bacilli,RF39,CAG-822,CAG-878
4.246357488,2.708744631,0.116963356,0.152052363,NBJMC04201__metabat2_high_PE_023_contigs,Bacteria,Firmicutes_B,Dehalobacteriia,UBA7702,UBA7702,
3.206427018,0.761663762,2.56e-05,5.73e-05,NBJMC04201__metabat2_low_PE_012_contigs,Bacteria,Bacteroidota,Bacteroidia,Bacteroidales,Bacteroidaceae,Bacteroides
1.369486431,2.15933552,0.525939476,0.571635856,NBJMC04201__metabat2_low_PE_017_contigs,Bacteria,Firmicutes_A,Clostridia,Christensenellales,CAG-74,
-0.409388272,1.965309537,0.834989052,0.860960718,NBJMC04203__maxbin2_low_prob_004_contigs,Bacteria,Firmicutes_C,Negativicutes,Selenomonadales,Selenomonadaceae,Megamonas
0.676523158,1.517031853,0.655632029,0.689974659,NBJMR02800__maxbin2_low_prob_015_contigs,Bacteria,Bacteroidota,Bacteroidia,Bacteroidales,Barnesiellaceae,Barnesiella
-3.137082957,2.11693262,0.138366841,0.177098872,NBJMR02800__metabat2_high_PE_022_contigs,Bacteria,Desulfobacterota_A,Desulfovibrionia,Desulfovibrionales,Desulfovibrionaceae,Bilophila
1.776925454,1.212391497,0.142747292,0.181305468,NBJMR02800__metabat2_high_PE_046_contigs,Bacteria,Firmicutes_A,Clostridia,Oscillospirales,Oscillospiraceae,Flavonifractor
3.864372054,0.918429225,2.58e-05,5.76e-05,NBJMR02800__metabat2_low_PE_003_contigs,Bacteria,Firmicutes_A,Clostridia,Oscillospirales,Oscillospiraceae,Lawsonibacter
-1.182363061,1.237801858,0.339470551,0.393477229,NHCFC00100__metabat2_high_PE_013_contigs,Bacteria,Firmicutes,Bacilli,Lactobacillales,Enterococcaceae,Enterococcus_A
0.60361998,1.255449921,0.630658844,0.667934207,NHCFC00100__metabat2_low_PE_022_contigs,Bacteria,Firmicutes,Bacilli,Lactobacillales,Enterococcaceae,Enterococcus_D
2.222149213,1.982808247,0.262412144,0.312350541,NHCFC04200__maxbin2_high_prob_014_contigs,Bacteria,Bacteroidota,Bacteroidia,Bacteroidales,Rikenellaceae,Alistipes
1.713501113,1.718121506,0.318613679,0.372558852,NHCFC04200__metabat2_high_PE_075_contigs,Bacteria,Firmicutes_A,Clostridia,Oscillospirales,Oscillospiraceae,UBA1777
-3.630155789,1.978471265,0.06653108,0.093256038,NHCFD04200__maxbin2_low_prob_004_contigs,Bacteria,Proteobacteria,Alphaproteobacteria,Rhizobiales,Beijerinckiaceae,Methylobacterium
-0.975986987,1.582854517,0.537499057,0.581609037,NHCFI00100__maxbin2_low_prob_004_contigs,Bacteria,Firmicutes,Bacilli,Lactobacillales,Lactobacillaceae,Weissella
-4.041644372,2.71052279,0.135936807,0.174325151,NHCFJ02800__metabat2_low_PE_015_contigs,Bacteria,Actinobacteriota,Actinobacteria,Actinomycetales,Dermabacteraceae,Brachybacterium
3.37947545,1.058414856,0.001408228,0.002630015,NHCFR00700__metabat2_high_PE_007_contigs,Bacteria,Firmicutes_A,Clostridia,Oscillospirales,Oscillospiraceae,
0.033631255,1.202720945,0.977691947,0.979168823,NHCFR00700__metabat2_low_PE_032_contigs,Bacteria,Firmicutes_A,Clostridia,Oscillospirales,Oscillospiraceae,Flavonifractor
1.568592973,2.817027155,0.577646558,0.622731167,NHCFR05603__maxbin2_high_prob_035_contigs,Bacteria,Firmicutes_A,Clostridia,Oscillospirales,Ruminococcaceae,Faecalibacterium
1.067710251,2.005332239,0.594424342,0.637707668,NHCFR05603__maxbin2_high_prob_044_contigs,Bacteria,Bacteroidota,Bacteroidia,Bacteroidales,Rikenellaceae,Alistipes
3.639559191,1.037121913,0.000449309,0.000886582,NHCFR05603__metabat2_high_PE_050_contigs,Bacteria,Firmicutes_A,Clostridia,Oscillospirales,Oscillospiraceae,UBA9475
4.000732935,1.300632421,0.002098045,0.00382144,Oklahoma_p2__metabat2_low_PE_035_contigs,Bacteria,Fusobacteriota,Fusobacteriia,Fusobacteriales,Fusobacteriaceae,Fusobacterium_A
3.950096144,1.652974483,0.016862612,0.026577443,Peterbilt_p2__metabat2_high_PE_039_contigs,Bacteria,Firmicutes_A,Clostridia,Lachnospirales,Lachnospiraceae,Blautia
1.871289055,1.726728251,0.278489193,0.329123591,Peterbilt_p2__metabat2_low_PE_018_contigs,Bacteria,Firmicutes_A,Clostridia,Oscillospirales,Ruminococcaceae,Fournierella
25.84158266,2.027113936,3.2e-37,2.02e-36,R03__maxbin2_low_prob_006_contigs,Bacteria,Firmicutes_A,Clostridia,Oscillospirales,Oscillospiraceae,ER4
5.038661856,1.222057292,3.74e-05,8.13e-05,R03__maxbin2_low_prob_041_contigs,Bacteria,Firmicutes_A,Clostridia,Oscillospirales,Oscillospiraceae,CAG-83
25.73017455,2.684518708,9.28e-22,2.99e-21,R03__metabat2_high_PE_033_contigs,Bacteria,Bacteroidota,Bacteroidia,Bacteroidales,UBA932,RC9
4.415863101,1.362170282,0.001187836,0.002224676,R03__metabat2_high_PE_065_contigs,Bacteria,Firmicutes_A,Clostridia,Christensenellales,CAG-74,
25.18696212,1.358630903,1.01e-76,1.76e-75,R04__metabat2_high_PE_020_contigs,Bacteria,Firmicutes_A,Clostridia,Oscillospirales,Oscillospiraceae,
23.85235664,2.401133276,2.97e-23,1.05e-22,R05__metabat2_high_PE_037_contigs,Bacteria,Firmicutes_A,Clostridia,Lachnospirales,Lachnospiraceae,UBA1258
24.55619199,2.013060101,3.17e-34,1.8e-33,R05__metabat2_low_PE_032_contigs,Bacteria,Firmicutes_A,Clostridia,Oscillospirales,Ruminococcaceae,Ruminococcus
4.742288252,1.253080331,0.000154015,0.00032212,R11__metabat2_high_PE_049_contigs,Bacteria,Firmicutes_A,Clostridia,Christensenellales,CAG-74,UBA11524
23.63682536,2.092005502,1.33e-29,6.09e-29,R11__metabat2_high_PE_057_contigs,Bacteria,Firmicutes_A,Clostridia,Lachnospirales,Lachnospiraceae,
25.40291628,1.906540372,1.68e-40,1.16e-39,R11__metabat2_low_PE_023_contigs,Bacteria,Verrucomicrobiota,Kiritimatiellae,RFP12,UBA1067,UBA1067
25.91331944,2.118593608,2.11e-34,1.23e-33,R11__metabat2_low_PE_064_contigs,Bacteria,Firmicutes_A,Clostridia,Oscillospirales,Oscillospiraceae,ER4
4.304385232,2.573890956,0.09446002,0.125253986,R14__maxbin2_high_prob_015_contigs,Bacteria,Fibrobacterota,Fibrobacteria,Fibrobacterales,Fibrobacteraceae,Fibrobacter_A
4.504416182,1.044329762,1.61e-05,3.63e-05,R14__metabat2_high_PE_015_contigs,Bacteria,Firmicutes_A,Clostridia,Christensenellales,CAG-74,UBA11524
24.30284715,2.513177705,4.04e-22,1.33e-21,R14__metabat2_high_PE_017_contigs,Bacteria,Bacteroidota,Bacteroidia,Bacteroidales,UBA3663,UBA3663
24.97884482,1.500129872,2.97e-62,3.72e-61,R14__metabat2_high_PE_020_contigs,Bacteria,Firmicutes_A,Clostridia,Christensenellales,CAG-74,
4.160664627,1.510713637,0.005885281,0.010134912,R14__metabat2_high_PE_026_contigs,Bacteria,Firmicutes_A,Clostridia,Christensenellales,CAG-74,UBA11524
4.318647084,1.114716966,0.000106971,0.000225866,R14__metabat2_high_PE_034_contigs,Bacteria,Firmicutes_A,Clostridia,Christensenellales,CAG-74,
25.17776045,1.634297906,1.49e-53,1.48e-52,R14__metabat2_high_PE_043_contigs,Bacteria,Firmicutes_A,Clostridia,Oscillospirales,Oscillospiraceae,
3.387363898,1.560808958,0.029987027,0.045184997,R14__metabat2_low_PE_047_contigs,Bacteria,Firmicutes_A,Clostridia,Oscillospirales,Oscillospiraceae,ER4
26.48097883,2.662177001,2.6e-23,9.25e-23,R15__metabat2_high_PE_015_contigs,Bacteria,Bacteroidota,Bacteroidia,Bacteroidales,UBA932,RC9
27.88813225,2.500122299,6.79e-29,3.04e-28,R15__metabat2_low_PE_040_contigs,Bacteria,Bacteroidota,Bacteroidia,Bacteroidales,UBA932,RC9
1.284711785,2.809644952,0.647490947,0.683577225,R16__maxbin2_low_prob_005_contigs,Bacteria,Firmicutes,Bacilli,Lactobacillales,Streptococcaceae,Streptococcus
25.34687728,2.093613499,9.73e-34,5.42e-33,R16__metabat2_high_PE_006_contigs,Bacteria,Verrucomicrobiota,Kiritimatiellae,RFP12,UBA1067,UBA1067
23.71878193,2.092219027,8.64e-30,4.03e-29,R17__maxbin2_high_prob_029_contigs,Bacteria,Firmicutes_A,Clostridia,Christensenellales,CAG-74,
23.76447072,2.400712011,4.21e-23,1.46e-22,R17__metabat2_high_PE_024_contigs,Bacteria,Firmicutes_A,Clostridia,Oscillospirales,Oscillospiraceae,UBA1777
24.93305544,2.679166011,1.32e-20,4.06e-20,R18__metabat2_high_PE_016_contigs,Bacteria,Bacteroidota,Bacteroidia,Bacteroidales,UBA932,RC9
26.13705606,2.670728101,1.29e-22,4.4e-22,R18__metabat2_low_PE_003_contigs,Bacteria,Bacteroidota,Bacteroidia,Bacteroidales,UBA932,RC9
4.103343915,2.09656566,0.050327008,0.072222525,R18__metabat2_low_PE_004_contigs,Bacteria,Firmicutes_A,Clostridia,Oscillospirales,Oscillospiraceae,
0.396969661,1.992092053,0.842049394,0.866892466,R18__metabat2_low_PE_019_contigs,Bacteria,Actinobacteriota,Coriobacteriia,Coriobacteriales,Eggerthellaceae,
25.98792389,3.069646705,2.54e-17,7.31e-17,R19__maxbin2_low_prob_025_contigs,Archaea,Halobacterota,Methanomicrobia,Methanomicrobiales,Methanocorpusculaceae,Methanocorpusculum
26.44482693,1.981798236,1.29e-40,8.98e-40,R19__metabat2_high_PE_023_contigs,Bacteria,Verrucomicrobiota,Kiritimatiellae,RFP12,UBA1067,UBA1067
25.16571158,1.035515389,1.84e-130,7.63e-129,R19__metabat2_low_PE_030_contigs,Bacteria,Firmicutes_A,Clostridia,Christensenellales,CAG-74,
24.77407751,1.348798886,2.39e-75,4.07e-74,R19__metabat2_low_PE_041_contigs,Bacteria,Firmicutes_A,Clostridia,Christensenellales,CAG-74,UBA4246
24.5840419,2.098464495,1.06e-31,5.39e-31,R20__maxbin2_low_prob_016_contigs,Bacteria,Bacteroidota,Bacteroidia,Bacteroidales,UBA932,RC9
24.11743141,2.180654217,1.97e-28,8.69e-28,R20__metabat2_high_PE_002_contigs,Bacteria,Firmicutes_A,Clostridia,Oscillospirales,Oscillospiraceae,CAG-83
23.46783451,2.539724795,2.46e-20,7.44e-20,R20__metabat2_low_PE_030_contigs,Bacteria,Bacteroidota,Bacteroidia,Bacteroidales,Bacteroidaceae,UBA4334
30.0,1.370878482,3.71e-106,1.12e-104,R21__maxbin2_low_prob_048_contigs,Bacteria,Firmicutes_A,Clostridia,Peptostreptococcales,Anaerovoracaceae,Mogibacterium
24.89716484,2.502407125,2.54e-23,9.1e-23,R21__metabat2_high_PE_011_contigs,Bacteria,Firmicutes_A,Clostridia,Peptostreptococcales,Anaerovoracaceae,Mogibacterium
26.42100017,1.811959343,3.69e-48,3.26e-47,R21__metabat2_high_PE_030_contigs,Bacteria,Firmicutes_A,Clostridia,Saccharofermentanales,Saccharofermentanaceae,Saccharofermentans
25.89798159,2.189023111,2.7e-32,1.39e-31,R21__metabat2_high_PE_034_contigs,Bacteria,Firmicutes_A,Clostridia,Christensenellales,CAG-74,UBA2943
24.81052142,1.64897398,3.67e-51,3.47e-50,R21__metabat2_high_PE_066_contigs,Bacteria,Firmicutes_A,Clostridia,Oscillospirales,Acutalibacteraceae,
24.35565854,2.380585174,1.44e-24,5.49e-24,R21__metabat2_low_PE_012_contigs,Bacteria,Firmicutes,Bacilli,RF39,CAG-1000,
24.09231085,2.405781821,1.32e-23,4.79e-23,R21__metabat2_low_PE_019_contigs,Bacteria,Firmicutes_A,Clostridia,Oscillospirales,Oscillospiraceae,F23-B02
26.21700406,1.648980489,6.45e-57,7.01e-56,R21__metabat2_low_PE_053_contigs,Bacteria,Firmicutes_A,Clostridia,Oscillospirales,Acutalibacteraceae,RUG420
5.105497765,0.958871886,1.01e-07,2.67e-07,R21__metabat2_low_PE_059_contigs,Bacteria,Firmicutes_A,Clostridia,Christensenellales,CAG-74,
24.90924204,1.762892525,2.49e-45,2.04e-44,R21__metabat2_low_PE_075_contigs,Bacteria,Patescibacteria,Saccharimonadia,Saccharimonadales,Saccharimonadaceae,UBA2866
3.806603812,1.522690876,0.012422171,0.019845541,R22__maxbin2_high_prob_019_contigs,Bacteria,Firmicutes,Bacilli,RF39,CAG-611,UBA3789
4.658546626,1.43013425,0.001124303,0.00211765,R22__maxbin2_high_prob_022_contigs,Bacteria,Firmicutes_A,Clostridia,Christensenellales,CAG-138,RUG472
24.50820936,1.941587981,1.58e-36,9.8e-36,R22__maxbin2_high_prob_028_contigs,Bacteria,Firmicutes_A,Clostridia,Oscillospirales,Ruminococcaceae,Firm-04
24.83563087,2.508426455,4.13e-23,1.44e-22,R22__metabat2_high_PE_030_contigs,Bacteria,Bacteroidota,Bacteroidia,Bacteroidales,F082,F082
24.44154206,1.78735438,1.44e-42,1.11e-41,R22__metabat2_high_PE_057_contigs,Bacteria,Bacteroidota,Bacteroidia,Bacteroidales,UBA932,RC9
30.0,1.965141268,1.29e-52,1.25e-51,R22__metabat2_low_PE_006_contigs,Bacteria,Bacteroidota,Bacteroidia,Bacteroidales,Bacteroidaceae,UBA1189
25.22539847,1.204794255,2.44e-97,5.39e-96,R22__metabat2_low_PE_020_contigs,Bacteria,Firmicutes_A,Clostridia,Oscillospirales,Oscillospiraceae,CAG-83
23.98357746,2.671541155,2.77e-19,8.2e-19,R22__metabat2_low_PE_040_contigs,Bacteria,Firmicutes_A,Clostridia,Saccharofermentanales,Saccharofermentanaceae,Saccharofermentans
21.71475671,2.415875295,2.51e-19,7.46e-19,R22__metabat2_low_PE_043_contigs,Bacteria,Spirochaetota,Spirochaetia,Treponematales,Treponemataceae,Treponema_D
24.68587742,1.868159381,7.28e-40,4.88e-39,R23__maxbin2_high_prob_017_contigs,Bacteria,Firmicutes_A,Clostridia,Oscillospirales,Oscillospiraceae,CAG-83
5.177856441,1.553920704,0.000861859,0.00165148,R23__maxbin2_high_prob_044_contigs,Bacteria,Bacteroidota,Bacteroidia,Bacteroidales,Bacteroidaceae,UBA4372
24.60213857,1.424031731,7.08e-67,9.58e-66,R23__maxbin2_low_prob_047_contigs,Bacteria,Firmicutes_A,Clostridia,Christensenellales,CAG-74,UBA11524
22.83493612,2.668236049,1.15e-17,3.32e-17,R23__metabat2_high_PE_022_contigs,Bacteria,Bacteroidota,Bacteroidia,Bacteroidales,WCHB1-69,F23-D06
24.30932446,1.799097857,1.33e-41,9.79e-41,R23__metabat2_high_PE_030_contigs,Bacteria,Bacteroidota,Bacteroidia,Bacteroidales,Bacteroidaceae,Prevotella
26.27569669,1.694284475,3.04e-54,3.1e-53,R23__metabat2_low_PE_041_contigs,Bacteria,Verrucomicrobiota,Kiritimatiellae,RFP12,UBA1067,UBA1067
23.77286921,2.098224606,9.32e-30,4.32e-29,R24__maxbin2_high_prob_003_contigs,Bacteria,Bacteroidota,Bacteroidia,Bacteroidales,Bacteroidaceae,UBA4372
26.24458868,1.344965712,8.48e-85,1.61e-83,R24__maxbin2_high_prob_033_contigs,Bacteria,Bacteroidota,Bacteroidia,Bacteroidales,Bacteroidaceae,Prevotella
23.81538857,2.010391518,2.25e-32,1.19e-31,R24__metabat2_low_PE_011_contigs,Bacteria,Bacteroidota,Bacteroidia,Bacteroidales,Bacteroidaceae,Ga6A1
5.478262929,2.124615782,0.009923826,0.01624567,R24__metabat2_low_PE_020_contigs,Bacteria,Spirochaetota,Spirochaetia,Treponematales,Treponemataceae,Treponema_D
25.05754943,1.426817476,4.83e-69,6.96e-68,R24__metabat2_low_PE_026_contigs,Bacteria,Bacteroidota,Bacteroidia,Bacteroidales,Bacteroidaceae,UBA4334
22.39740769,2.025567191,2.02e-28,8.87e-28,R24__metabat2_low_PE_034_contigs,Bacteria,Firmicutes_A,Clostridia,Oscillospirales,Ruminococcaceae,Angelakisella
26.52036389,1.532284407,4.11e-67,5.68e-66,R25__metabat2_low_PE_004_contigs,Archaea,Euryarchaeota,Methanobacteria,Methanobacteriales,Methanobacteriaceae,Methanobrevibacter_A
23.2989958,2.415357408,5.1e-22,1.67e-21,R25__metabat2_low_PE_006_contigs,Bacteria,Firmicutes_A,Clostridia,Lachnospirales,Lachnospiraceae,Eubacterium_E
23.93374626,1.869432056,1.58e-37,1.01e-36,R25__metabat2_low_PE_026_contigs,Bacteria,Firmicutes_A,Clostridia,Oscillospirales,Oscillospiraceae,CAG-110
26.47245681,1.057741488,3.08e-138,1.46e-136,R26__maxbin2_high_prob_014_contigs,Archaea,Euryarchaeota,Methanobacteria,Methanobacteriales,Methanobacteriaceae,Methanobrevibacter_A
26.49566802,1.751770138,1.11e-51,1.06e-50,R26__metabat2_high_PE_025_contigs,Bacteria,Verrucomicrobiota,Kiritimatiellae,RFP12,UBA1067,UBA1067
28.01452369,1.708152218,1.9e-60,2.33e-59,R26__metabat2_high_PE_030_contigs,Bacteria,Verrucomicrobiota,Kiritimatiellae,RFP12,UBA1067,UBA3624
4.255812404,2.415790378,0.078125981,0.107479896,R26__metabat2_high_PE_046_contigs,Bacteria,Firmicutes_A,Clostridia,Lachnospirales,,
28.6129065,1.230615914,1.39e-119,4.86e-118,R26__metabat2_high_PE_047_contigs,Bacteria,Firmicutes_A,Clostridia,Christensenellales,CAG-74,GCA-900199385
25.40430936,2.270193733,4.55e-29,2.05e-28,R26__metabat2_high_PE_058_contigs,Bacteria,Firmicutes_A,Clostridia,Lachnospirales,Lachnospiraceae,UBA2868
23.18214175,2.295214876,5.51e-24,2.05e-23,R26__metabat2_low_PE_011_contigs,Bacteria,Bacteroidota,Bacteroidia,Bacteroidales,Bacteroidaceae,Prevotella
25.46263409,1.065590962,3.43e-126,1.34e-124,R26__metabat2_low_PE_037_contigs,Bacteria,Firmicutes_A,Clostridia,Oscillospirales,Oscillospiraceae,CAG-110
25.15400032,2.616792769,7.08e-22,2.29e-21,R26__metabat2_low_PE_056_contigs,Bacteria,Firmicutes_A,Clostridia,Oscillospirales,Acutalibacteraceae,UBA1227
29.65397667,1.861459876,3.89e-57,4.3e-56,R27__maxbin2_high_prob_011_contigs,Bacteria,Firmicutes_A,Clostridia,Peptostreptococcales,Anaerovoracaceae,UBA1191
23.87423067,2.646793503,1.88e-19,5.61e-19,R27__maxbin2_low_prob_010_contigs,Bacteria,Bacteroidota,Bacteroidia,Bacteroidales,P3,
24.93206726,1.327619861,1.11e-78,1.99e-77,R27__maxbin2_low_prob_018_contigs,Bacteria,Firmicutes_A,Clostridia,Oscillospirales,Oscillospiraceae,CAG-110
25.62301851,1.574918749,1.63e-59,1.89e-58,R27__maxbin2_low_prob_044_contigs,Bacteria,Firmicutes_A,Clostridia,Christensenellales,CAG-74,
27.65252508,1.735265888,3.59e-57,4.03e-56,R27__metabat2_high_PE_014_contigs,Bacteria,Firmicutes_A,Clostridia,Oscillospirales,Acutalibacteraceae,CAG-177
25.71595382,2.102323608,2.09e-34,1.23e-33,R27__metabat2_high_PE_015_contigs,Bacteria,Bacteroidota,Bacteroidia,Bacteroidales,UBA932,RC9
23.83587558,2.545725813,7.74e-21,2.4e-20,R27__metabat2_high_PE_017_contigs,Bacteria,Bacteroidota,Bacteroidia,Bacteroidales,UBA932,RC9
23.45422918,2.690640918,2.86e-18,8.31e-18,R27__metabat2_high_PE_044_contigs,Bacteria,Bacteroidota,Bacteroidia,Bacteroidales,Bacteroidaceae,UBA1179
23.78671163,2.298085241,4.16e-25,1.62e-24,R27__metabat2_high_PE_050_contigs,Bacteria,Firmicutes_A,Clostridia,Oscillospirales,Oscillospiraceae,
24.59565084,2.519866962,1.66e-22,5.62e-22,R27__metabat2_high_PE_052_contigs,Bacteria,Firmicutes,Bacilli,Erysipelotrichales,Erysipelotrichaceae,UBA636
27.31359128,1.379520847,3.02e-87,5.88e-86,R27__metabat2_low_PE_024_contigs,Archaea,Euryarchaeota,Methanobacteria,Methanobacteriales,Methanobacteriaceae,Methanobrevibacter_A
24.68978677,1.822267266,8.04e-42,5.99e-41,R27__metabat2_low_PE_046_contigs,Bacteria,Firmicutes_A,Clostridia,Lachnospirales,Lachnospiraceae,UBA2868
3.465536561,1.303939955,0.007866599,0.013104409,R27__metabat2_low_PE_056_contigs,Bacteria,Firmicutes_A,Clostridia,TANB77,CAG-508,CAG-492
30.0,2.144553242,1.82e-44,1.45e-43,R28__metabat2_high_PE_003_contigs,Bacteria,Firmicutes_A,Clostridia,Oscillospirales,Oscillospiraceae,UBA1777
3.639635389,1.164567281,0.001776169,0.003271112,R28__metabat2_low_PE_026_contigs,Bacteria,Firmicutes_A,Clostridia,Christensenellales,CAG-74,
27.07528102,1.692481533,1.33e-57,1.52e-56,R28__metabat2_low_PE_030_contigs,Bacteria,Verrucomicrobiota,Verrucomicrobiae,Verrucomicrobiales,Akkermansiaceae,Akkermansia
6.1873641,2.129495297,0.003666033,0.006464308,Rahab_p1__maxbin2_low_prob_022_contigs,Bacteria,Bacteroidota,Bacteroidia,Bacteroidales,Muribaculaceae,K10
-2.81793616,1.460351593,0.053652876,0.076498617,SAMEA103957793__metabat2_high_PE_001_contigs,Bacteria,Firmicutes_A,Clostridia,Peptostreptococcales,Peptostreptococcaceae,Terrisporobacter
-1.198203659,1.285068331,0.351127454,0.403883747,SAMEA103957793__metabat2_low_PE_003_contigs,Bacteria,Firmicutes,Bacilli,Lactobacillales,Enterococcaceae,Enterococcus_B
3.498141545,1.457301884,0.016376118,0.025912568,SAMEA104315420__metabat2_high_PE_032_contigs,Bacteria,Firmicutes_A,Clostridia,Oscillospirales,Oscillospiraceae,CAG-83
24.51472595,2.094882982,1.24e-31,6.24e-31,SAMEA104315420__metabat2_low_PE_001_contigs,Bacteria,Firmicutes_A,Clostridia,Lachnospirales,Lachnospiraceae,Agathobacter
5.29727762,2.05924128,0.010098404,0.016490743,SAMEA104315420__metabat2_low_PE_006_contigs,Bacteria,Firmicutes_A,Clostridia,Oscillospirales,Acutalibacteraceae,CAG-177
3.801025113,2.167128133,0.079439808,0.109044706,SAMEA104315420__metabat2_low_PE_011_contigs,Bacteria,Firmicutes_A,Clostridia,Christensenellales,CAG-138,PeH17
3.738407348,1.076432992,0.000514755,0.001009711,SAMEA104315420__metabat2_low_PE_030_contigs,Bacteria,Firmicutes_A,Clostridia,Oscillospirales,Oscillospiraceae,CAG-83
2.911448494,1.666645405,0.080656181,0.110030963,SAMEA104315421__maxbin2_low_prob_007_contigs,Bacteria,Firmicutes_A,Clostridia,Christensenellales,CAG-138,CAG-1024
23.71688941,2.188232852,2.26e-27,9.56e-27,SAMEA104315421__metabat2_low_PE_015_contigs,Bacteria,Bacteroidota,Bacteroidia,Bacteroidales,UBA932,RC9
24.84786482,1.879301493,6.56e-40,4.44e-39,SAMEA104315421__metabat2_low_PE_050_contigs,Bacteria,Firmicutes_A,Clostridia,Oscillospirales,Ruminococcaceae,Ruminococcus
2.851340278,1.811714972,0.11552562,0.150478362,SAMEA104315421__metabat2_low_PE_056_contigs,Bacteria,Firmicutes,Bacilli,RF39,CAG-611,CAG-877
23.65237862,2.654503948,5.09e-19,1.5e-18,SAMEA104315422__metabat2_high_PE_007_contigs,Bacteria,Bacteroidota,Bacteroidia,Bacteroidales,UBA932,RC9
4.265061819,1.798211761,0.017699987,0.027742533,SAMEA104315422__metabat2_low_PE_011_contigs,Bacteria,Firmicutes,Bacilli,RF39,CAG-1000,CAG-1000
2.847989042,1.876956819,0.129179872,0.166303408,SAMEA104315423__maxbin2_high_prob_003_contigs,Bacteria,Firmicutes_A,Clostridia,Lachnospirales,Lachnospiraceae,Lachnospira
25.12986202,1.588969172,2.44e-56,2.53e-55,SAMEA104315423__metabat2_high_PE_006_contigs,Bacteria,Firmicutes_A,Clostridia,Lachnospirales,Lachnospiraceae,CAG-510
24.10462422,2.293581214,7.8e-26,3.12e-25,SAMEA104315423__metabat2_high_PE_022_contigs,Bacteria,Firmicutes_A,Clostridia,Monoglobales,Monoglobaceae,
24.4546679,2.388924988,1.36e-24,5.24e-24,SAMEA104315423__metabat2_high_PE_028_contigs,Bacteria,Firmicutes,Bacilli,RF39,CAG-302,CAG-302
24.21865411,2.097073023,7.49e-31,3.65e-30,SAMEA104315423__metabat2_low_PE_002_contigs,Bacteria,Firmicutes_A,Clostridia,Oscillospirales,Acutalibacteraceae,CAG-180
23.76877228,2.367997818,1.04e-23,3.84e-23,SAMEA104315423__metabat2_low_PE_028_contigs,Bacteria,Firmicutes_A,Clostridia,Oscillospirales,Acutalibacteraceae,Eubacterium_R
3.044016177,1.747168155,0.081463461,0.110676792,SAMEA104315423__metabat2_low_PE_035_contigs,Bacteria,Firmicutes_A,Clostridia,Lachnospirales,Lachnospiraceae,Eubacterium_F
24.00732778,2.408611987,2.12e-23,7.64e-23,SAMEA104315424__metabat2_low_PE_018_contigs,Bacteria,Firmicutes_A,Clostridia,Oscillospirales,Oscillospiraceae,F23-B02
5.08965547,1.027356906,7.27e-07,1.83e-06,SAMEA104315424__metabat2_low_PE_031_contigs,Bacteria,Firmicutes_A,Clostridia,Oscillospirales,Acutalibacteraceae,CAG-488
5.96480101,1.636302848,0.000267089,0.00054319,SAMEA104315424__metabat2_low_PE_034_contigs,Bacteria,Verrucomicrobiota,Kiritimatiellae,RFP12,UBA1067,UBA1731
3.616729048,2.533581018,0.153431034,0.193393109,SAMEA104315424__metabat2_low_PE_040_contigs,Bacteria,Firmicutes_A,Clostridia,Lachnospirales,Lachnospiraceae,CAG-95
6.144817083,1.649721815,0.000195501,0.000402539,SAMEA104315424__metabat2_low_PE_045_contigs,Bacteria,Verrucomicrobiota,Kiritimatiellae,RFP12,UBA1067,UBA1067
3.675842061,2.264694236,0.10456644,0.137282276,SAMEA104315424__metabat2_low_PE_049_contigs,Bacteria,Firmicutes,Bacilli,RF39,CAG-433,CAG-433
2.200998166,2.384595189,0.356003532,0.407651713,SAMEA104315425__metabat2_low_PE_013_contigs,Bacteria,Bacteroidota,Bacteroidia,Bacteroidales,Muribaculaceae,C941
2.041426299,1.223544279,0.095225806,0.125766353,SAMEA104315426__metabat2_low_PE_005_contigs,Bacteria,Firmicutes_A,Clostridia,TANB77,CAG-508,CAG-492
5.691506859,2.34241737,0.015108916,0.02396462,SAMEA104315427__metabat2_high_PE_030_contigs,Bacteria,Bacteroidota,Bacteroidia,Bacteroidales,UBA932,RC9
4.047661086,1.958916907,0.038802518,0.057169043,SAMEA104315427__metabat2_high_PE_043_contigs,Bacteria,Firmicutes,Bacilli,RF39,CAG-1000,CAG-460
5.806702776,2.577852624,0.024288495,0.037276094,SAMEA104315427__metabat2_low_PE_010_contigs,Bacteria,Firmicutes_A,Clostridia,Christensenellales,CAG-138,
4.762455454,2.355685239,0.043208819,0.062549011,SAMEA104315427__metabat2_low_PE_014_contigs,Bacteria,Firmicutes_A,Clostridia,Oscillospirales,Oscillospiraceae,UBA738
5.144950315,2.155047378,0.016968228,0.026658614,SAMEA104315427__metabat2_low_PE_018_contigs,Bacteria,Spirochaetota,Spirochaetia,Treponematales,Treponemataceae,Treponema_D
3.468507524,1.831502805,0.058251017,0.082876447,SAMEA104315427__metabat2_low_PE_019_contigs,Bacteria,Firmicutes_A,Clostridia,Oscillospirales,Oscillospiraceae,ER4
3.992082327,1.002917148,6.88e-05,0.000147574,SAMEA104315427__metabat2_low_PE_034_contigs,Bacteria,Firmicutes_A,Clostridia,Oscillospirales,Oscillospiraceae,CAG-83
7.139301652,1.454882243,9.24e-07,2.3e-06,SAMEA104315427__metabat2_low_PE_043_contigs,Bacteria,Bacteroidota,Bacteroidia,Bacteroidales,Bacteroidaceae,UBA4372
23.00963136,2.368904609,2.65e-22,8.83e-22,SAMEA104315428__metabat2_low_PE_040_contigs,Bacteria,Firmicutes_A,Clostridia,Oscillospirales,Acutalibacteraceae,CAG-488
24.64679016,2.023726207,4.03e-34,2.26e-33,SAMEA104315429__metabat2_high_PE_002_contigs,Bacteria,Verrucomicrobiota,Lentisphaeria,Victivallales,UBA1829,UBA11452
5.850959027,2.13841312,0.006216799,0.010568558,SAMEA104315429__metabat2_high_PE_029_contigs,Bacteria,Spirochaetota,Spirochaetia,Treponematales,Treponemataceae,Treponema_D
25.12730292,1.757183638,2.2e-46,1.84e-45,SAMEA104315430__metabat2_low_PE_026_contigs,Bacteria,Spirochaetota,Spirochaetia,Treponematales,Treponemataceae,Treponema_D
3.283964913,1.967548175,0.095104587,0.125766353,SAMEA104315430__metabat2_low_PE_045_contigs,Bacteria,Firmicutes,Bacilli,RF39,CAG-822,UBA5364
4.285659699,2.324071603,0.065178646,0.091748286,SAMEA104315430__metabat2_low_PE_047_contigs,Bacteria,Bacteroidota,Bacteroidia,Bacteroidales,P3,UBA3388
2.387415685,1.365678553,0.080437458,0.109958835,SAMEA104315430__metabat2_low_PE_049_contigs,Bacteria,Firmicutes_A,Clostridia,TANB77,CAG-508,CAG-492
25.3658377,2.626151558,4.51e-22,1.48e-21,SAMEA104315431__metabat2_low_PE_025_contigs,Bacteria,Firmicutes_A,Clostridia,Lachnospirales,Lachnospiraceae,Agathobacter
3.6229687,1.415653652,0.010490742,0.016964298,SAMEA104315432__metabat2_low_PE_014_contigs,Bacteria,Firmicutes_A,Clostridia,TANB77,CAG-508,CAG-273
3.249579407,2.280886501,0.154243887,0.194048761,SAMEA104315432__metabat2_low_PE_026_contigs,Bacteria,Firmicutes,Bacilli,RF39,UBA5348,CAG-1193
24.80231504,2.194038243,1.25e-29,5.75e-29,SAMEA104315432__metabat2_low_PE_031_contigs,Bacteria,Bacteroidota,Bacteroidia,Bacteroidales,Bacteroidaceae,Prevotella
1.349379896,2.463503741,0.583864768,0.627394394,SAMEA104315434__metabat2_low_PE_001_contigs,Bacteria,Firmicutes_A,Clostridia,Lachnospirales,Lachnospiraceae,Roseburia
23.9459357,2.412783341,3.25e-23,1.14e-22,SAMEA104315435__maxbin2_low_prob_001_contigs,Bacteria,Bacteroidota,Bacteroidia,Bacteroidales,F082,F082
23.34579791,1.929772439,1.09e-33,6e-33,SAMEA104315435__metabat2_high_PE_028_contigs,Bacteria,Spirochaetota,Spirochaetia,Treponematales,Treponemataceae,Treponema_D
3.374985341,1.628261876,0.038195235,0.056399646,SAMEA104315435__metabat2_low_PE_020_contigs,Bacteria,Firmicutes_A,Clostridia,Lachnospirales,Lachnospiraceae,
3.073206107,2.033187409,0.130655682,0.167877359,SAMEA104315436__maxbin2_low_prob_006_contigs,Bacteria,Firmicutes,Bacilli,RF39,CAG-302,
3.992910841,1.853279917,0.031200168,0.046694608,SAMEA104315436__metabat2_high_PE_030_contigs,Bacteria,Firmicutes_A,Clostridia,Lachnospirales,Lachnospiraceae,CAG-95
3.972081217,1.970822929,0.043858256,0.063213095,SAMEA104315436__metabat2_high_PE_048_contigs,Bacteria,Firmicutes,Bacilli,RF39,CAG-1000,CAG-460
8.05929708,1.886841346,1.94e-05,4.37e-05,SAMEA104315436__metabat2_low_PE_049_contigs,Bacteria,Firmicutes,Bacilli,RF39,CAG-1000,
6.01614741,2.363309632,0.010907604,0.017552771,SAMEA104315437__metabat2_high_PE_027_contigs,Bacteria,Bacteroidota,Bacteroidia,Bacteroidales,Bacteroidaceae,Prevotella
0.912114961,2.560795345,0.721702589,0.753525695,SAMEA104315437__metabat2_high_PE_043_contigs,Bacteria,Bacteroidota,Bacteroidia,Bacteroidales,Bacteroidaceae,Prevotella
26.81758314,2.673495361,1.11e-23,4.08e-23,SAMEA104315437__metabat2_low_PE_023_contigs,Bacteria,Spirochaetota,Spirochaetia,Treponematales,Treponemataceae,Treponema_D
25.94597864,2.333597236,1.02e-28,4.54e-28,SAMEA104315439__maxbin2_low_prob_028_contigs,Bacteria,Proteobacteria,Gammaproteobacteria,Enterobacterales,Succinivibrionaceae,Succinivibrio
4.770016537,0.963155771,7.33e-07,1.84e-06,SAMEA104315439__metabat2_high_PE_013_contigs,Bacteria,Firmicutes_A,Clostridia,Oscillospirales,Oscillospiraceae,Oscillibacter
30.0,2.626475459,3.24e-30,1.56e-29,SAMEA104404097__maxbin2_low_prob_009_contigs,Bacteria,Firmicutes_A,Clostridia,Oscillospirales,Acutalibacteraceae,CAG-180
25.06696887,1.795473825,2.69e-44,2.12e-43,SAMEA104404097__maxbin2_low_prob_047_contigs,Bacteria,Firmicutes_A,Clostridia,Oscillospirales,Ruminococcaceae,Faecalibacterium
4.875633516,2.6035508,0.061111737,0.086206557,SAMEA104404097__maxbin2_low_prob_066_contigs,Bacteria,Fusobacteriota,Fusobacteriia,Fusobacteriales,Fusobacteriaceae,Fusobacterium_B
3.265153111,1.278535876,0.010654769,0.017187621,SAMEA104404097__metabat2_low_PE_006_contigs,Bacteria,Firmicutes_A,Clostridia,TANB77,CAG-508,CAG-269
25.45865944,1.609006771,2.17e-56,2.29e-55,SAMEA104404100__maxbin2_high_prob_016_contigs,Bacteria,Firmicutes_A,Clostridia,Lachnospirales,Lachnospiraceae,Tyzzerella
30.0,2.06077714,5.22e-48,4.5e-47,SAMEA104404100__maxbin2_high_prob_028_contigs,Bacteria,Bacteroidota,Bacteroidia,Bacteroidales,UBA932,RC9
26.03233457,1.005596995,9.22e-148,5.56e-146,SAMEA104404100__maxbin2_low_prob_012_contigs,Bacteria,Firmicutes_A,Clostridia,Oscillospirales,Oscillospiraceae,Lawsonibacter
4.357792383,0.923322496,2.36e-06,5.61e-06,SAMEA104404100__maxbin2_low_prob_019_contigs,Bacteria,Bacteroidota,Bacteroidia,Bacteroidales,Bacteroidaceae,
4.449858675,2.720971309,0.101966593,0.134134626,SAMEA104404100__maxbin2_low_prob_032_contigs,Bacteria,Firmicutes_C,Negativicutes,Acidaminococcales,Acidaminococcaceae,
27.02270494,1.278990326,4.38e-99,1.08e-97,SAMEA104404100__maxbin2_low_prob_043_contigs,Bacteria,Firmicutes_A,Clostridia,Oscillospirales,Oscillospiraceae,
27.26086418,0.99101709,1.41e-166,1.17e-164,SAMEA104404100__metabat2_high_PE_013_contigs,Bacteria,Firmicutes_A,Clostridia,Oscillospirales,Oscillospiraceae,CAG-110
25.57636101,1.282432745,1.7e-88,3.42e-87,SAMEA104404100__metabat2_low_PE_082_contigs,Bacteria,Firmicutes_A,Clostridia,Oscillospirales,Oscillospiraceae,
5.30552002,0.997975636,1.06e-07,2.78e-07,SAMEA104404103__metabat2_high_PE_037_contigs,Bacteria,Firmicutes_A,Clostridia,Oscillospirales,Oscillospiraceae,Lawsonibacter
5.79271254,1.02914708,1.82e-08,4.89e-08,SAMEA104404103__metabat2_high_PE_047_contigs,Bacteria,Firmicutes_A,Clostridia,Oscillospirales,Oscillospiraceae,Lawsonibacter
27.60623907,0.936947405,8.33e-191,1.84e-188,SAMEA104404106__maxbin2_high_prob_062_contigs,Bacteria,Firmicutes_A,Clostridia,Oscillospirales,Oscillospiraceae,CAG-110
3.62670838,1.07164522,0.000713747,0.001375622,SAMEA104404106__maxbin2_low_prob_018_contigs,Bacteria,Firmicutes_A,Clostridia,TANB77,CAG-508,CAG-269
5.349926219,1.622948881,0.000979244,0.001865629,SAMEA104404106__metabat2_low_PE_044_contigs,Bacteria,Bacteroidota,Bacteroidia,Bacteroidales,Bacteroidaceae,Bacteroides_A
1.904268233,2.381715253,0.423979402,0.478058407,SAMEA3387437__metabat2_high_PE_012_contigs,Bacteria,Firmicutes_A,Clostridia,Oscillospirales,Ruminococcaceae,Gemmiger
3.148768498,1.854575701,0.089538403,0.119685405,SAMEA3387437__metabat2_low_PE_008_contigs,Bacteria,Firmicutes_A,Clostridia,Lachnospirales,Lachnospiraceae,Fusicatenibacter
24.87131932,2.638799147,4.29e-21,1.34e-20,SAMEA3387444__metabat2_low_PE_023_contigs,Bacteria,Firmicutes_A,Clostridia,Oscillospirales,Ruminococcaceae,Gemmiger
5.172598782,1.233399435,2.74e-05,6.1e-05,SAMEA3387450__maxbin2_low_prob_013_contigs,Bacteria,Firmicutes_A,Clostridia,Oscillospirales,Ruminococcaceae,Faecalibacterium
4.535735859,1.61910185,0.005088297,0.008808201,SAMEA3387450__metabat2_low_PE_003_contigs,Bacteria,Firmicutes_A,Clostridia,Lachnospirales,Lachnospiraceae,Coprococcus_B
24.08406143,2.53443003,2.04e-21,6.45e-21,SAMEA3387452__metabat2_high_PE_017_contigs,Bacteria,Firmicutes_A,Clostridia,Lachnospirales,Lachnospiraceae,Dorea
3.010366888,1.820804796,0.098266436,0.129524149,SAMEA3387455__metabat2_low_PE_004_contigs,Bacteria,Firmicutes_A,Clostridia,Lachnospirales,Lachnospiraceae,Anaerostipes
1.796705365,1.173007209,0.125594331,0.162002026,SAMEA3387464__metabat2_high_PE_014_contigs,Bacteria,Bacteroidota,Bacteroidia,Bacteroidales,Bacteroidaceae,Bacteroides_A
2.118182563,1.124973918,0.059717636,0.0844196,SAMEA3387464__metabat2_high_PE_048_contigs,Bacteria,Bacteroidota,Bacteroidia,Bacteroidales,Bacteroidaceae,Bacteroides
2.632706308,0.964233121,0.006326465,0.010727484,SAMEA3387464__metabat2_low_PE_022_contigs,Bacteria,Firmicutes_A,Clostridia,Oscillospirales,Oscillospiraceae,Lawsonibacter
5.528139945,1.406296565,8.46e-05,0.000180345,SAMEA3387467__maxbin2_low_prob_010_contigs,Bacteria,Bacteroidota,Bacteroidia,Bacteroidales,Bacteroidaceae,Prevotellamassilia
4.859720295,1.599603875,0.002380928,0.004289553,SAMEA3387467__metabat2_low_PE_031_contigs,Bacteria,Firmicutes_A,Clostridia,Lachnospirales,Lachnospiraceae,Eubacterium_E
4.324992479,1.38028008,0.00172784,0.003199883,SAMEA3387469__metabat2_low_PE_004_contigs,Bacteria,Firmicutes_A,Clostridia,TANB77,CAG-508,CAG-354
2.207074263,1.751682709,0.207678825,0.255456514,SAMEA3387471__maxbin2_low_prob_020_contigs,Bacteria,Firmicutes_A,Clostridia,Peptostreptococcales,Peptostreptococcaceae,Clostridium_U
26.63512611,1.230841322,7.59e-104,2.1e-102,SAMEA3387472__metabat2_high_PE_036_contigs,Bacteria,Firmicutes_A,Clostridia,Oscillospirales,Oscillospiraceae,CAG-110
24.47074103,2.506272648,1.61e-22,5.47e-22,SAMEA3387474__metabat2_low_PE_013_contigs,Bacteria,Firmicutes_A,Clostridia,Lachnospirales,Lachnospiraceae,Roseburia
5.222333938,1.080982539,1.36e-06,3.3e-06,SAMEA3387475__maxbin2_low_prob_025_contigs,Bacteria,Firmicutes_A,Clostridia,Oscillospirales,Oscillospiraceae,Ruminiclostridium_C
25.69084856,2.47943236,3.71e-25,1.46e-24,SAMEA3387475__metabat2_low_PE_037_contigs,Bacteria,Firmicutes_A,Clostridia,Lachnospirales,Lachnospiraceae,Tyzzerella
24.1432295,2.527691128,1.28e-21,4.07e-21,SAMEA3387475__metabat2_low_PE_040_contigs,Bacteria,Firmicutes_A,Clostridia,Peptostreptococcales,Anaerovoracaceae,Emergencia
8.445605287,2.323062189,0.00027739,0.000562414,SAMEA3387476__metabat2_high_PE_017_contigs,Bacteria,Firmicutes_A,Clostridia,Lachnospirales,Lachnospiraceae,Faecalicatena
3.923991253,2.083945948,0.059705503,0.0844196,SAMEA3387476__metabat2_low_PE_028_contigs,Bacteria,Firmicutes_A,Clostridia,Lachnospirales,Lachnospiraceae,Faecalicatena
1.754779804,2.661105834,0.509627696,0.555728886,SAMEA3387485__metabat2_high_PE_030_contigs,Bacteria,Firmicutes_A,Clostridia,Lachnospirales,Lachnospiraceae,Lachnospira
1.918577326,1.586801457,0.226630316,0.274189597,SAMEA3387485__metabat2_low_PE_020_contigs,Bacteria,Firmicutes_A,Clostridia,Lachnospirales,Lachnospiraceae,Agathobacter
25.86272866,1.67814732,1.37e-53,1.38e-52,SAMEA3387494__metabat2_low_PE_043_contigs,Bacteria,Firmicutes_A,Clostridia,Lachnospirales,Lachnospiraceae,Blautia_A
25.89851018,2.281068696,7.11e-30,3.34e-29,SAMEA3387495__metabat2_high_PE_036_contigs,Bacteria,Firmicutes_A,Clostridia,Lachnospirales,Lachnospiraceae,Blautia_A
1.811853832,1.140670632,0.112193421,0.146714474,SAMEA3387496__metabat2_low_PE_018_contigs,Bacteria,Bacteroidota,Bacteroidia,Bacteroidales,Tannerellaceae,Parabacteroides
-3.759870655,1.629909509,0.02106613,0.032632813,SAMEA3387498__metabat2_low_PE_007_contigs,Bacteria,Proteobacteria,Gammaproteobacteria,Enterobacterales,Enterobacteriaceae,Plesiomonas
6.509209658,2.091636391,0.001858133,0.003403155,SAMEA3387500__metabat2_high_PE_001_contigs,Bacteria,Firmicutes_A,Clostridia,Lachnospirales,Lachnospiraceae,Blautia
25.12364591,2.01110858,8.21e-36,4.95e-35,SAMEA3387500__metabat2_high_PE_009_contigs,Bacteria,Firmicutes_A,Clostridia,Lachnospirales,Lachnospiraceae,Clostridium_Q
3.914666994,1.505584499,0.009319719,0.015408911,SAMEA3387500__metabat2_high_PE_015_contigs,Bacteria,Firmicutes_A,Clostridia,Lachnospirales,Lachnospiraceae,Dorea
4.387665172,1.62445114,0.006912844,0.011603078,SAMEA3387500__metabat2_low_PE_011_contigs,Bacteria,Firmicutes_A,Clostridia,Lachnospirales,Lachnospiraceae,Blautia_A
3.97133721,1.372530158,0.003810439,0.00668339,SAMEA3387508__maxbin2_high_prob_017_contigs,Bacteria,Bacteroidota,Bacteroidia,Bacteroidales,Bacteroidaceae,Bacteroides_A
27.94825849,2.790879131,1.32e-23,4.79e-23,SAMEA3387508__maxbin2_high_prob_020_contigs,Bacteria,Firmicutes_A,Clostridia,Lachnospirales,Lachnospiraceae,Blautia
26.15900777,2.210832832,2.66e-32,1.38e-31,SAMEA3387508__metabat2_high_PE_018_contigs,Bacteria,Firmicutes_A,Clostridia,Lachnospirales,Lachnospiraceae,Blautia_A
1.673639621,2.140559063,0.434290784,0.488853632,SAMEA3387511__metabat2_low_PE_011_contigs,Bacteria,Firmicutes_A,Clostridia,Oscillospirales,Ruminococcaceae,Gemmiger
1.792407458,1.977834304,0.364804849,0.416291937,SAMEA3387512__maxbin2_low_prob_006_contigs,Bacteria,Bacteroidota,Bacteroidia,Bacteroidales,Bacteroidaceae,Prevotella
0.175104357,1.797618044,0.922401518,0.936527116,SAMEA3387515__metabat2_high_PE_030_contigs,Bacteria,Firmicutes,Bacilli,Erysipelotrichales,Erysipelatoclostridiaceae,Catenibacterium
-1.72595952,2.383189628,0.468929155,0.521615649,SAMEA3387519__metabat2_low_PE_021_contigs,Bacteria,Firmicutes,Bacilli,Lactobacillales,Lactobacillaceae,Lactobacillus_B
-2.42423443,2.376020539,0.30759006,0.360941964,SAMEA3663006__metabat2_high_PE_028_contigs,Bacteria,Firmicutes,Bacilli,Lactobacillales,Lactobacillaceae,Lactobacillus
3.501590121,1.582570236,0.026925444,0.040943966,SAMEA3663006__metabat2_low_PE_028_contigs,Bacteria,Firmicutes,Bacilli,RF39,CAG-822,UBA5364
5.092400482,1.095212683,3.32e-06,7.82e-06,SAMEA3663010__metabat2_high_PE_006_contigs,Bacteria,Firmicutes_A,Clostridia,Oscillospirales,Oscillospiraceae,CAG-83
24.38715162,1.867400591,5.62e-39,3.69e-38,SAMEA3663010__metabat2_high_PE_011_contigs,Bacteria,Spirochaetota,Spirochaetia,Treponematales,Treponemataceae,Treponema_D
25.52809636,2.58725855,5.8e-23,1.99e-22,SAMEA3663013__metabat2_low_PE_021_contigs,Bacteria,Bacteroidota,Bacteroidia,Bacteroidales,Bacteroidaceae,Prevotellamassilia
25.88992291,1.364847653,3.07e-80,5.66e-79,SAMEA3663015__maxbin2_high_prob_010_contigs,Bacteria,Bacteroidota,Bacteroidia,Bacteroidales,Muribaculaceae,UBA7173_A
26.25652376,2.194443702,5.42e-33,2.97e-32,SAMEA3663015__metabat2_low_PE_008_contigs,Bacteria,Bacteroidota,Bacteroidia,Bacteroidales,P3,UBA3388
26.18403961,1.788510221,1.56e-48,1.4e-47,SAMEA3663015__metabat2_low_PE_019_contigs,Bacteria,Bacteroidota,Bacteroidia,Bacteroidales,Bacteroidaceae,UBA4334
23.4268773,2.532913271,2.27e-20,6.89e-20,SAMEA3663015__metabat2_low_PE_032_contigs,Bacteria,Bacteroidota,Bacteroidia,Bacteroidales,Paludibacteraceae,
23.35651763,2.551241189,5.44e-20,1.64e-19,SAMEA3663023__maxbin2_low_prob_014_contigs,Bacteria,Bacteroidota,Bacteroidia,Bacteroidales,UBA932,RC9
2.749886249,1.271315267,0.030539285,0.045912802,SAMEA3663023__metabat2_low_PE_007_contigs,Bacteria,Firmicutes_A,Clostridia,Lachnospirales,Lachnospiraceae,Acetatifactor
23.96495206,2.375309226,6.17e-24,2.28e-23,SAMEA3663025__maxbin2_high_prob_021_contigs,Bacteria,Firmicutes_A,Clostridia,Oscillospirales,Ruminococcaceae,
26.10540266,1.518476285,3.06e-66,4.05e-65,SAMEA3663025__metabat2_low_PE_039_contigs,Bacteria,Bacteroidota,Bacteroidia,Bacteroidales,Muribaculaceae,C941
25.27522826,1.946286373,1.46e-38,9.5e-38,SAMEA3663025__metabat2_low_PE_053_contigs,Bacteria,Bacteroidota,Bacteroidia,Bacteroidales,UBA932,RC9
25.2164894,2.539795494,3.13e-23,1.1e-22,SAMEA3663026__maxbin2_low_prob_030_contigs,Bacteria,Firmicutes_A,Clostridia,Oscillospirales,Acutalibacteraceae,CAG-488
24.90597577,2.091817931,1.1e-32,5.82e-32,SAMEA3663026__metabat2_high_PE_017_contigs,Bacteria,Spirochaetota,Spirochaetia,Treponematales,Treponemataceae,Treponema_D
24.85092516,1.392104989,2.82e-71,4.35e-70,SAMEA3663026__metabat2_low_PE_012_contigs,Bacteria,Firmicutes_A,Clostridia,Lachnospirales,Lachnospiraceae,CAG-127
25.62523113,2.404399339,1.61e-26,6.61e-26,SAMEA3663026__metabat2_low_PE_014_contigs,Bacteria,Firmicutes,Bacilli,RF39,CAG-302,CAG-302
25.82927291,1.455934235,2.03e-70,3.07e-69,SAMEA3663028__metabat2_low_PE_034_contigs,Bacteria,Bacteroidota,Bacteroidia,Bacteroidales,UBA932,UBA1232
24.6926148,2.328639908,2.86e-26,1.16e-25,SAMEA3663036__metabat2_high_PE_014_contigs,Bacteria,Bacteroidota,Bacteroidia,Bacteroidales,Bacteroidaceae,Prevotella
10.1847196,1.982817376,2.8e-07,7.22e-07,SAMEA3663036__metabat2_high_PE_022_contigs,Bacteria,Bacteroidota,Bacteroidia,Bacteroidales,Bacteroidaceae,UBA4372
27.02736601,1.288524763,1.1e-97,2.51e-96,SAMEA3663036__metabat2_high_PE_029_contigs,Bacteria,Bacteroidota,Bacteroidia,Bacteroidales,UBA932,RC9
9.308297656,2.705119979,0.000579585,0.001126875,SAMEA3663036__metabat2_high_PE_031_contigs,Bacteria,Bacteroidota,Bacteroidia,Bacteroidales,Bacteroidaceae,Prevotella
25.39213996,1.553222872,4.49e-60,5.42e-59,SAMEA3663036__metabat2_high_PE_032_contigs,Bacteria,Bacteroidota,Bacteroidia,Bacteroidales,UBA932,RC9
25.30126882,2.45168928,5.73e-25,2.22e-24,SAMEA3663036__metabat2_low_PE_026_contigs,Bacteria,Bacteroidota,Bacteroidia,Bacteroidales,Muribaculaceae,CAG-873
24.60052395,2.405098279,1.48e-24,5.6e-24,SAMEA3663036__metabat2_low_PE_036_contigs,Bacteria,Bacteroidota,Bacteroidia,Bacteroidales,Paludibacteraceae,
24.98540281,1.701662912,8.29e-49,7.64e-48,SAMEA3663038__metabat2_low_PE_024_contigs,Bacteria,Firmicutes_A,Clostridia,Oscillospirales,Ruminococcaceae,HUN007
23.50333625,2.540095534,2.18e-20,6.67e-20,SAMEA3663038__metabat2_low_PE_030_contigs,Bacteria,Firmicutes_A,Clostridia,Lachnospirales,Lachnospiraceae,NK4A136
26.30235188,1.30161592,8.42e-91,1.74e-89,SAMEA3663039__metabat2_low_PE_029_contigs,Bacteria,Firmicutes_A,Clostridia,Oscillospirales,Acutalibacteraceae,Eubacterium_R
4.679476753,2.562326841,0.067811005,0.094849571,SAMEA3663047__metabat2_low_PE_007_contigs,Bacteria,Firmicutes_A,Clostridia,Lachnospirales,Lachnospiraceae,SZUA-378
-0.025137051,2.010139228,0.99002261,0.99002261,SAMEA3663048__metabat2_high_PE_014_contigs,Bacteria,Bacteroidota,Bacteroidia,Bacteroidales,Bacteroidaceae,Prevotella
25.30486727,2.625407865,5.5e-22,1.79e-21,SAMEA3663052__metabat2_low_PE_022_contigs,Bacteria,Firmicutes_A,Clostridia,Oscillospirales,Ruminococcaceae,Faecalibacterium
3.301398179,1.513502777,0.029161499,0.044041171,SAMEA3663057__metabat2_high_PE_009_contigs,Bacteria,Firmicutes_A,Clostridia,TANB77,CAG-508,CAG-492
24.07246833,2.189943932,4.16e-28,1.8e-27,SAMEA3663057__metabat2_low_PE_007_contigs,Bacteria,Spirochaetota,Spirochaetia,Treponematales,Treponemataceae,Treponema_D
4.726438754,1.978096089,0.016876476,0.026577443,SAMEA3663072__metabat2_low_PE_026_contigs,Bacteria,Bacteroidota,Bacteroidia,Bacteroidales,UBA932,RC9
27.84814983,2.394515138,2.9e-31,1.44e-30,SAMEA3663077__metabat2_low_PE_009_contigs,Bacteria,Proteobacteria,Alphaproteobacteria,Rs-D84,Rs-D84,Rs-D84
10.72068489,2.333760336,4.35e-06,1.02e-05,SAMEA3663083__metabat2_high_PE_004_contigs,Bacteria,Bacteroidota,Bacteroidia,Bacteroidales,Bacteroidaceae,Prevotella
3.200374479,2.606033134,0.219423087,0.268904819,SAMEA3663084__metabat2_high_PE_020_contigs,Bacteria,Firmicutes,Bacilli,RF39,CAG-611,CAG-710
24.63167739,2.28853222,5.14e-27,2.16e-26,SAMEA3663085__maxbin2_low_prob_021_contigs,Bacteria,Fibrobacterota,Fibrobacteria,Fibrobacterales,Fibrobacteraceae,Fibrobacter
3.050967845,2.514475777,0.224991678,0.273705472,SAMEA3663085__metabat2_high_PE_025_contigs,Bacteria,Bacteroidota,Bacteroidia,Bacteroidales,Bacteroidaceae,Prevotella
20.96484518,1.56212781,4.57e-41,3.3e-40,SAMEA3663085__metabat2_low_PE_011_contigs,Bacteria,Spirochaetota,Spirochaetia,Treponematales,Treponemataceae,Treponema_D
28.67647153,0.918111659,3.66e-214,1.21e-211,SAMEA3663092__metabat2_high_PE_027_contigs,Bacteria,Firmicutes_A,Clostridia,Oscillospirales,Oscillospiraceae,CAG-110
3.926435409,1.502922019,0.008987366,0.014896559,SAMEA3663096__metabat2_low_PE_010_contigs,Bacteria,Firmicutes_A,Clostridia,TANB77,CAG-508,CAG-273
9.918746226,3.158020481,0.001684806,0.003137714,SAMEA3663103__metabat2_low_PE_014_contigs,Bacteria,Bacteroidota,Bacteroidia,Bacteroidales,Bacteroidaceae,Prevotella
24.48776315,2.392990853,1.41e-24,5.4e-24,SAMEA3663112__metabat2_low_PE_018_contigs,Bacteria,Firmicutes_A,Clostridia,Lachnospirales,Lachnospiraceae,Blautia
25.16208118,1.885603151,1.28e-40,8.98e-40,SAMEA3663118__metabat2_high_PE_005_contigs,Bacteria,Bacteroidota,Bacteroidia,Bacteroidales,Muribaculaceae,CAG-485
2.873593334,1.974687485,0.145609962,0.184235505,SAMEA3663125__metabat2_high_PE_025_contigs,Bacteria,Firmicutes,Bacilli,RF39,CAG-611,CAG-877
23.16485222,2.159078745,7.44e-27,3.1e-26,SAMEA3663175__metabat2_low_PE_006_contigs,Bacteria,Spirochaetota,Spirochaetia,Treponematales,Treponemataceae,Treponema_D
1.444680438,2.170175586,0.505604479,0.553600681,SAMEA3663178__metabat2_low_PE_020_contigs,Bacteria,Firmicutes_A,Clostridia,Oscillospirales,Ruminococcaceae,Gemmiger
24.0689751,2.382183331,5.32e-24,1.99e-23,SAMEA3663186__metabat2_high_PE_009_contigs,Bacteria,Bacteroidota,Bacteroidia,Bacteroidales,UBA3663,UBA3663
24.1838801,2.485300548,2.23e-22,7.46e-22,SAMEA3663186__metabat2_low_PE_012_contigs,Bacteria,Firmicutes_A,Clostridia,Oscillospirales,Oscillospiraceae,F23-B02
1.785909793,2.474991638,0.470551416,0.521615649,SAMEA3663196__metabat2_high_PE_005_contigs,Bacteria,Firmicutes,Bacilli,Lactobacillales,Lactobacillaceae,Lactobacillus
5.265710806,1.109060703,2.06e-06,4.9e-06,SAMEA3663207__metabat2_low_PE_007_contigs,Bacteria,Firmicutes_A,Clostridia,Oscillospirales,Oscillospiraceae,CAG-83
3.694021091,1.362749693,0.006713904,0.01132651,SAMEA3663207__metabat2_low_PE_011_contigs,Bacteria,Firmicutes_A,Clostridia,TANB77,CAG-508,CAG-273
25.71485877,1.838129134,1.8e-44,1.45e-43,SAMEA3663207__metabat2_low_PE_015_contigs,Bacteria,Firmicutes_A,Clostridia,Christensenellales,CAG-138,
11.12886692,2.291786698,1.2e-06,2.92e-06,SAMEA3663208__metabat2_high_PE_004_contigs,Bacteria,Bacteroidota,Bacteroidia,Bacteroidales,Bacteroidaceae,Prevotella
24.6595588,1.863646405,5.74e-40,3.93e-39,SAMEA3663208__metabat2_high_PE_016_contigs,Bacteria,Spirochaetota,Spirochaetia,Treponematales,Treponemataceae,Treponema_D
10.32212853,2.113658659,1.04e-06,2.58e-06,SAMEA3663208__metabat2_low_PE_010_contigs,Bacteria,Bacteroidota,Bacteroidia,Bacteroidales,Bacteroidaceae,Prevotella
25.61547158,2.147958649,8.72e-33,4.7e-32,SAMEA3663208__metabat2_low_PE_018_contigs,Bacteria,Bacteroidota,Bacteroidia,Bacteroidales,UBA932,RC9
5.716629587,2.071964819,0.00579718,0.010009194,SAMEA3663223__maxbin2_low_prob_030_contigs,Bacteria,Firmicutes,Bacilli,RF39,CAG-302,CAG-914
25.61652742,2.439354334,8.51e-26,3.38e-25,SAMEA3663223__metabat2_high_PE_004_contigs,Bacteria,Bacteroidota,Bacteroidia,Bacteroidales,UBA932,RC9
28.1522229,0.900156094,1.03e-214,6.81e-212,SAMEA3663230__metabat2_low_PE_017_contigs,Bacteria,Firmicutes_A,Clostridia,Oscillospirales,Oscillospiraceae,CAG-110
3.382052491,1.48482096,0.022741415,0.034982733,SAMEA3663230__metabat2_low_PE_027_contigs,Bacteria,Firmicutes,Bacilli,RF39,CAG-611,UBA3789
26.75699847,1.227209779,2.17e-105,6.25e-104,SAMEA3663235__metabat2_high_PE_030_contigs,Archaea,Euryarchaeota,Methanobacteria,Methanobacteriales,Methanobacteriaceae,Methanobrevibacter_A
2.991065597,1.461487267,0.040698333,0.059565109,SAMEA3663241__metabat2_low_PE_011_contigs,Bacteria,Firmicutes_A,Clostridia,TANB77,CAG-508,CAG-492
24.08409965,1.31985543,2.16e-74,3.59e-73,SAMEA3663242__metabat2_high_PE_022_contigs,Bacteria,Firmicutes_A,Clostridia,Oscillospirales,Oscillospiraceae,F23-B02
-0.910468402,2.158431887,0.673156858,0.705060027,SAMEA3663243__metabat2_low_PE_027_contigs,Bacteria,Firmicutes,Bacilli,Lactobacillales,Streptococcaceae,Streptococcus
6.557805397,1.589669121,3.7e-05,8.08e-05,SAMEA3663246__metabat2_high_PE_017_contigs,Bacteria,Firmicutes_A,Clostridia,Oscillospirales,Acutalibacteraceae,CAG-177
25.51498557,2.041371504,7.57e-36,4.6e-35,SAMEA3663248__metabat2_high_PE_009_contigs,Bacteria,Firmicutes_A,Clostridia,Lachnospirales,Lachnospiraceae,UBA1712
28.49136356,1.010448011,6.41e-175,7.08e-173,SAMEA3663248__metabat2_low_PE_010_contigs,Bacteria,Firmicutes_A,Clostridia,Oscillospirales,Oscillospiraceae,CAG-110
5.205553602,0.898542275,6.9e-09,1.88e-08,SAMEA3663248__metabat2_low_PE_036_contigs,Bacteria,Firmicutes_A,Clostridia,Oscillospirales,Oscillospiraceae,UBA1777
27.4506069,1.991689329,3.24e-43,2.53e-42,SAMEA3663250__metabat2_low_PE_006_contigs,Bacteria,Firmicutes_A,Clostridia,Lachnospirales,Lachnospiraceae,UBA2868
6.250194006,1.551976431,5.64e-05,0.000121874,SAMEA3663257__metabat2_high_PE_019_contigs,Bacteria,Bacteroidota,Bacteroidia,Bacteroidales,Paludibacteraceae,RF16
23.89764695,2.515605737,2.1e-21,6.61e-21,SAMEA3663257__metabat2_low_PE_015_contigs,Bacteria,Bacteroidota,Bacteroidia,Bacteroidales,UBA3663,UBA3663
25.68077911,1.010324806,1.58e-142,8.74e-141,SAMEA3663260__metabat2_high_PE_016_contigs,Bacteria,Firmicutes_A,Clostridia,Oscillospirales,Oscillospiraceae,CAG-110
23.46988563,2.680335817,2.02e-18,5.89e-18,SAMEA3663260__metabat2_low_PE_011_contigs,Bacteria,Firmicutes,Bacilli,RF39,UBA5348,CAG-1193
5.913947264,1.01365498,5.4e-09,1.48e-08,SAMEA3663263__metabat2_high_PE_031_contigs,Bacteria,Firmicutes_A,Clostridia,Oscillospirales,Oscillospiraceae,Oscillibacter
24.66217476,1.373305436,4.14e-72,6.53e-71,SAMEA3663263__metabat2_low_PE_013_contigs,Bacteria,Firmicutes_A,Clostridia,Oscillospirales,Acutalibacteraceae,CAG-177
3.944240562,1.258285411,0.001720797,0.003195765,SAMEA3663267__metabat2_low_PE_011_contigs,Bacteria,Firmicutes_A,Clostridia,TANB77,CAG-508,
25.61009545,1.474074847,1.31e-67,1.84e-66,SAMEA3663267__metabat2_low_PE_017_contigs,Bacteria,Firmicutes_A,Clostridia,Lachnospirales,Lachnospiraceae,
5.467928026,1.177248771,3.41e-06,7.98e-06,SAMEA3663269__metabat2_high_PE_027_contigs,Bacteria,Firmicutes_A,Clostridia,Oscillospirales,Oscillospiraceae,CAG-83
24.23780151,2.285468058,2.82e-26,1.15e-25,SAMEA3663269__metabat2_low_PE_031_contigs,Bacteria,Firmicutes_A,Clostridia,Lachnospirales,Lachnospiraceae,UBA2882
4.544664297,2.560843979,0.075951662,0.104908233,SAMEA3663271__maxbin2_low_prob_005_contigs,Bacteria,Spirochaetota,Spirochaetia,Treponematales,Treponemataceae,Treponema_D
23.95239793,2.278202354,7.47e-26,3e-25,SAMEA3663273__metabat2_low_PE_012_contigs,Bacteria,Firmicutes,Bacilli,RF39,CAG-302,CAG-302
23.94003106,2.54039931,4.35e-21,1.36e-20,SAMEA3663276__metabat2_high_PE_019_contigs,Bacteria,Firmicutes_A,Clostridia,Lachnospirales,Lachnospiraceae,FD2005
24.50617671,2.530195272,3.48e-22,1.15e-21,SAMEA3663280__maxbin2_low_prob_023_contigs,Bacteria,Firmicutes_A,Clostridia,Oscillospirales,Oscillospiraceae,F23-B02
25.60003014,1.188146592,5.75e-103,1.52e-101,SAMEA3663280__metabat2_low_PE_020_contigs,Bacteria,Firmicutes_A,Clostridia,Lachnospirales,Lachnospiraceae,Acetatifactor
25.53006972,1.739790581,9.43e-49,8.56e-48,SAMEA3663283__metabat2_high_PE_009_contigs,Bacteria,Bacteroidota,Bacteroidia,Bacteroidales,UBA932,CAG-831
24.58735437,1.805199306,3.03e-42,2.29e-41,SAMEA3663283__metabat2_low_PE_007_contigs,Bacteria,Firmicutes_A,Clostridia,Oscillospirales,Acutalibacteraceae,CAG-177
23.64163349,2.284001424,4.14e-25,1.62e-24,SAMEA3663283__metabat2_low_PE_027_contigs,Bacteria,Firmicutes_A,Clostridia,Oscillospirales,Oscillospiraceae,F23-B02
24.7046626,1.811269492,2.33e-42,1.78e-41,SAMEA3663296__metabat2_high_PE_018_contigs,Bacteria,Firmicutes_A,Clostridia,Oscillospirales,Oscillospiraceae,CAG-110
3.508651101,2.041589578,0.08568944,0.115471746,SAMEA3663296__metabat2_low_PE_008_contigs,Bacteria,Firmicutes,Bacilli,RF39,CAG-822,UBA5026
24.34370132,2.161149844,1.97e-29,8.95e-29,SAMEA3663296__metabat2_low_PE_018_contigs,Bacteria,Spirochaetota,Spirochaetia,Treponematales,Treponemataceae,Treponema_D
5.150730857,1.150852836,7.62e-06,1.75e-05,SAMEA3663296__metabat2_low_PE_021_contigs,Bacteria,Firmicutes_A,Clostridia,Oscillospirales,Oscillospiraceae,ER4
25.50126745,2.140955689,1.04e-32,5.54e-32,SAMEA3663297__metabat2_high_PE_016_contigs,Bacteria,Bacteroidota,Bacteroidia,Bacteroidales,UBA932,RC9
5.52347702,1.147521765,1.48e-06,3.55e-06,SAMEA3663297__metabat2_low_PE_003_contigs,Bacteria,Bacteroidota,Bacteroidia,Bacteroidales,Bacteroidaceae,Bacteroides
26.01550614,1.213807689,6.58e-102,1.68e-100,SAMEA3663297__metabat2_low_PE_020_contigs,Bacteria,Firmicutes_A,Clostridia,Lachnospirales,Lachnospiraceae,CAG-95
25.98755038,1.001754445,2.24e-148,1.48e-146,SAMEA3663297__metabat2_low_PE_033_contigs,Bacteria,Firmicutes_A,Clostridia,Oscillospirales,Oscillospiraceae,CAG-110
24.36709317,2.096145584,3.09e-31,1.52e-30,SAMEA3663299__metabat2_low_PE_032_contigs,Bacteria,Firmicutes_A,Clostridia,Oscillospirales,Ruminococcaceae,Ruminococcus
-2.691873748,2.725385784,0.32329776,0.376707231,SAMEA5043680__maxbin2_low_prob_004_contigs,Bacteria,Firmicutes_A,Clostridia,Clostridiales,Clostridiaceae,Clostridium_P
3.07690742,2.420772597,0.203713152,0.25136553,Scooby_p2__metabat2_low_PE_040_contigs,Bacteria,Fusobacteriota,Fusobacteriia,Fusobacteriales,Fusobacteriaceae,Fusobacterium_B
25.72597695,1.508084507,3.01e-65,3.91e-64,Scrappy_p2__metabat2_high_PE_016_contigs,Bacteria,Firmicutes_A,Clostridia,Lachnospirales,Lachnospiraceae,Tyzzerella
25.84951074,1.963443297,1.39e-39,9.2e-39,Scrappy_p2__metabat2_low_PE_009_contigs,Bacteria,Firmicutes_A,Clostridia,Lachnospirales,Lachnospiraceae,Faecalicatena
26.81596743,1.074221344,1.54e-137,6.79e-136,Scrappy_p2__metabat2_low_PE_034_contigs,Bacteria,Firmicutes_A,Clostridia,Oscillospirales,Oscillospiraceae,CAG-110
2.453594245,1.838862454,0.182105545,0.226521531,Shorty_p1__maxbin2_high_prob_011_contigs,Bacteria,Firmicutes_A,Clostridia,Lachnospirales,Lachnospiraceae,Faecalicatena
1.667397945,1.366496919,0.222389509,0.272037352,Shorty_p1__maxbin2_high_prob_022_contigs,Bacteria,Firmicutes,Bacilli,Lactobacillales,Streptococcaceae,Streptococcus
5.620735516,2.45814244,0.022220441,0.034260819,Skinner_p2__maxbin2_high_prob_029_contigs,Bacteria,Firmicutes_A,Clostridia,Lachnospirales,Lachnospiraceae,Blautia_A
-0.205576791,1.343495472,0.878385372,0.897333592,Skinner_p2__metabat2_high_PE_010_contigs,Bacteria,Firmicutes_A,Clostridia,Peptostreptococcales,Peptostreptococcaceae,Romboutsia
3.444501641,1.993411438,0.083998417,0.113655001,Skinner_p2__metabat2_high_PE_027_contigs,Bacteria,Firmicutes_A,Clostridia,Lachnospirales,Lachnospiraceae,Faecalicatena
-3.25431488,2.680058021,0.22464452,0.273705472,Snoopy_p1__maxbin2_high_prob_025_contigs,Bacteria,Firmicutes,Bacilli,Haloplasmatales,Turicibacteraceae,Turicibacter
2.743736268,1.595326599,0.085458137,0.115394592,Snoopy_p1__metabat2_low_PE_026_contigs,Bacteria,Firmicutes_A,Clostridia,Lachnospirales,Lachnospiraceae,Tyzzerella
24.45663743,2.288280095,1.16e-26,4.81e-26,Snoopy_p2__maxbin2_low_prob_037_contigs,Bacteria,Firmicutes_A,Clostridia,Lachnospirales,Lachnospiraceae,Faecalicatena
9.93411793,2.388178055,3.19e-05,7e-05,Stewie_p2__metabat2_high_PE_008_contigs,Bacteria,Firmicutes_A,Clostridia,Lachnospirales,Lachnospiraceae,Blautia_A
27.91440217,1.329744275,7.71e-98,1.83e-96,Tibetan_p1__metabat2_high_PE_033_contigs,Bacteria,Bacteroidota,Bacteroidia,Bacteroidales,UBA932,RC9
4.432573434,3.116603848,0.154955214,0.194574445,Trix_p1__metabat2_low_PE_026_contigs,Bacteria,Firmicutes_A,Clostridia,Peptostreptococcales,Peptostreptococcaceae,Peptostreptococcus
26.18701867,2.396117586,8.38e-28,3.61e-27,Trix_p2__metabat2_low_PE_030_contigs,Bacteria,Bacteroidota,Bacteroidia,Bacteroidales,Muribaculaceae,UBA7173
10.21198571,1.773497072,8.51e-09,2.31e-08,UncleJesse_p2__metabat2_low_PE_019_contigs,Bacteria,Firmicutes_A,Clostridia,Lachnospirales,Lachnospiraceae,Blautia
3.704733981,1.397686345,0.008034442,0.013350464,Virginia_p1__maxbin2_low_prob_017_contigs,Bacteria,Bacteroidota,Bacteroidia,Bacteroidales,Bacteroidaceae,Bacteroides_A
0.366847441,1.9537902,0.851063272,0.874813874,Virginia_p1__metabat2_high_PE_027_contigs,Bacteria,Firmicutes_A,Clostridia,Peptostreptococcales,Peptostreptococcaceae,Clostridium_U
-1.57215208,1.392908762,0.259031692,0.309437859,Virginia_p1__metabat2_low_PE_013_contigs,Bacteria,Firmicutes_A,Clostridia,Clostridiales,Clostridiaceae,Clostridium
23.99151504,2.106486664,4.72e-30,2.25e-29,X1_Eurasian_Beaver__metabat2_high_PE_005_contigs,Bacteria,Bacteroidota,Bacteroidia,Bacteroidales,Muribaculaceae,CAG-873
1.450488533,2.784095476,0.602373079,0.642079343,X1_Eurasian_Beaver__metabat2_low_PE_008_contigs,Bacteria,Bacteroidota,Bacteroidia,Bacteroidales,UBA7332,UBA7332
30.0,2.392545521,4.57e-36,2.81e-35,X101_Horse__maxbin2_high_prob_001_contigs,Bacteria,Bacteroidota,Bacteroidia,Bacteroidales,Bacteroidaceae,UBA1786
-5.89541861,1.178859224,5.7e-07,1.45e-06,X103_Eurasian_Blackcap__maxbin2_high_prob_002_contigs,Bacteria,Proteobacteria,Gammaproteobacteria,Enterobacterales,Enterobacteriaceae,Klebsiella_B
4.66550468,2.161524419,0.030894217,0.046341325,X108_Striped_Desert_Hamster__metabat2_low_PE_001_contigs,Bacteria,Bacteroidota,Bacteroidia,Bacteroidales,Muribaculaceae,CAG-485
4.767473491,1.265835486,0.000165707,0.000343324,X120_Alpine_Shrew__metabat2_high_PE_003_contigs,Bacteria,Firmicutes_A,Clostridia,TANB77,CAG-508,
-7.189201268,1.092537372,4.7e-11,1.32e-10,X125_Common_Carp__maxbin2_low_prob_001_contigs,Bacteria,Proteobacteria,Gammaproteobacteria,Enterobacterales,Aeromonadaceae,Aeromonas
3.828082237,2.109700375,0.069598529,0.097144895,X127_Alpine_Marmot__maxbin2_low_prob_009_contigs,Bacteria,Firmicutes_A,Clostridia,Oscillospirales,Ruminococcaceae,CAG-115
3.872844929,2.169576939,0.074250096,0.102772054,X127_Alpine_Marmot__metabat2_high_PE_012_contigs,Bacteria,Verrucomicrobiota,Verrucomicrobiae,Verrucomicrobiales,Akkermansiaceae,Akkermansia
3.261685343,2.061792056,0.113657287,0.148336184,X127_Alpine_Marmot__metabat2_high_PE_013_contigs,Bacteria,Bacteroidota,Bacteroidia,Bacteroidales,Rikenellaceae,Alistipes
7.96400852,1.577365805,4.44e-07,1.14e-06,X129_Alpine_Ibex__metabat2_low_PE_004_contigs,Bacteria,Bacteroidota,Bacteroidia,Bacteroidales,Rikenellaceae,Alistipes
4.675613917,1.873961038,0.012594176,0.020071969,X129_Alpine_Ibex__metabat2_low_PE_007_contigs,Bacteria,Bacteroidota,Bacteroidia,Bacteroidales,Bacteroidaceae,UBA4372
4.906196911,1.510037849,0.001157888,0.002174731,X130_Alpine_Ibex__metabat2_high_PE_003_contigs,Bacteria,Bacteroidota,Bacteroidia,Bacteroidales,UBA932,UBA1232
-0.167079054,1.080278072,0.877086996,0.897333592,X133_Domestic_Goat__maxbin2_high_prob_002_contigs,Bacteria,Proteobacteria,Gammaproteobacteria,Pseudomonadales,Moraxellaceae,Acinetobacter
30.0,1.895367722,1.99e-56,2.13e-55,X134_Domestic_Goat__metabat2_high_PE_002_contigs,Bacteria,Firmicutes_A,Clostridia,Oscillospirales,Ruminococcaceae,
6.589989662,2.005986017,0.001019236,0.001930725,X136_Domestic_Pig__maxbin2_high_prob_007_contigs,Bacteria,Spirochaetota,Spirochaetia,Treponematales,Treponemataceae,Treponema_D
6.846781943,1.730383201,7.6e-05,0.000162457,X136_Domestic_Pig__metabat2_low_PE_007_contigs,Bacteria,Firmicutes_A,Clostridia,Peptostreptococcales,Anaerovoracaceae,UBA1191
3.991063526,1.818523623,0.028187109,0.042666788,X137_Gaur__metabat2_high_PE_003_contigs,Bacteria,Proteobacteria,Gammaproteobacteria,Pseudomonadales,Pseudomonadaceae,Pseudomonas_E
10.32914452,1.945387142,1.1e-07,2.87e-07,X137_Gaur__metabat2_high_PE_006_contigs,Bacteria,Bacteroidota,Bacteroidia,Chitinophagales,Saprospiraceae,
3.592546815,1.763702329,0.041656567,0.060566456,X139_Sambar__maxbin2_low_prob_005_contigs,Bacteria,Proteobacteria,Gammaproteobacteria,Xanthomonadales,Xanthomonadaceae,Stenotrophomonas
-3.5130491,1.99424316,0.078137722,0.107479896,X157_Grey_Heron__metabat2_low_PE_010_contigs,Bacteria,Firmicutes_A,Clostridia,Lachnospirales,Anaerotignaceae,An114
-3.170042175,1.118967639,0.00461125,0.008045418,X172_European_Greenfinch__maxbin2_low_prob_001_contigs,Bacteria,Firmicutes,Bacilli,Lactobacillales,Enterococcaceae,Enterococcus_B
-4.093707963,1.996551604,0.04032646,0.059282579,X172_European_Greenfinch__metabat2_low_PE_006_contigs,Bacteria,Firmicutes,Bacilli,Lactobacillales,Lactobacillaceae,Leuconostoc
3.745895721,1.443135699,0.009440827,0.015531683,X18_West_European_Hedgehog__maxbin2_low_prob_002_contigs,Bacteria,Fusobacteriota,Fusobacteriia,Fusobacteriales,Fusobacteriaceae,Fusobacterium_A
-0.657475996,0.989117106,0.50623602,0.553600681,X18_West_European_Hedgehog__maxbin2_low_prob_003_contigs,Bacteria,Proteobacteria,Gammaproteobacteria,Enterobacterales,Enterobacteriaceae,Proteus
-10.58267404,2.033465822,1.95e-07,5.06e-07,X183_European_Chub__maxbin2_low_prob_001_contigs,Bacteria,Firmicutes,Bacilli,Mycoplasmatales,UBA3375,
5.545566063,1.910824322,0.003705694,0.00651691,X19_European_Ground_Squirrel__metabat2_low_PE_003_contigs,Bacteria,Firmicutes,Bacilli,RF39,CAG-611,
-6.488372403,1.69946883,0.000134602,0.000282409,X190_Common_House_Gecko__metabat2_low_PE_001_contigs,Bacteria,Actinobacteriota,Actinobacteria,Mycobacteriales,Pseudonocardiaceae,Saccharopolyspora
3.234031598,1.579687044,0.04063247,0.059565109,X199_Human__maxbin2_high_prob_002_contigs,Bacteria,Firmicutes_A,Clostridia,Oscillospirales,Acutalibacteraceae,Ruminococcus_E
1.920311341,1.51168588,0.203973838,0.25136553,X199_Human__maxbin2_low_prob_003_contigs,Bacteria,Firmicutes_A,Clostridia,Oscillospirales,Ruminococcaceae,Ruminiclostridium_E
2.902050104,1.386169557,0.036297845,0.053837744,X199_Human__metabat2_high_PE_003_contigs,Bacteria,Firmicutes_A,Clostridia,Lachnospirales,Lachnospiraceae,CAG-45
3.077062188,1.970627323,0.118414483,0.153637578,X199_Human__metabat2_high_PE_009_contigs,Bacteria,Firmicutes,Bacilli,RF39,CAG-302,CAG-302
1.921738125,1.300354549,0.139446047,0.17813628,X199_Human__metabat2_high_PE_027_contigs,Bacteria,Bacteroidota,Bacteroidia,Bacteroidales,Rikenellaceae,Alistipes
-1.44183856,1.93223477,0.455545053,0.509319343,X199_Human__metabat2_low_PE_011_contigs,Bacteria,Firmicutes,Bacilli,ML615J-28,CAG-313,CAG-313
2.893236613,1.298812884,0.025907148,0.039577048,X199_Human__metabat2_low_PE_023_contigs,Bacteria,Bacteroidota,Bacteroidia,Bacteroidales,Rikenellaceae,Alistipes
3.964485353,1.943286314,0.041341036,0.060372482,X208_Red_Sheep__metabat2_high_PE_002_contigs,Bacteria,Bacteroidota,Bacteroidia,Bacteroidales,P3,UBA3388
4.75535139,1.520213202,0.001759512,0.00324946,X208_Red_Sheep__metabat2_low_PE_001_contigs,Bacteria,Firmicutes,Bacilli,RF39,CAG-1000,
30.0,2.641159126,6.72e-30,3.18e-29,X21_Yellow_necked_Field_Mouse__maxbin2_high_prob_002_contigs,Bacteria,Campylobacterota,Campylobacteria,Campylobacterales,Helicobacteraceae,NHYN01
0.126123639,1.986705298,0.949381244,0.956595387,X213_Goose__maxbin2_high_prob_003_contigs,Bacteria,Campylobacterota,Campylobacteria,Campylobacterales,Helicobacteraceae,NHYM01
6.567268357,2.843884826,0.02092918,0.032496595,X22_European_Rabbit__metabat2_high_PE_013_contigs,Bacteria,Bacteroidota,Bacteroidia,Bacteroidales,UBA932,RC9
12.59030932,2.523720775,6.08e-07,1.54e-06,X22_European_Rabbit__metabat2_low_PE_003_contigs,Bacteria,Firmicutes_A,Clostridia,Lachnospirales,Lachnospiraceae,Eisenbergiella
7.116509712,1.549516496,4.37e-06,1.02e-05,X231_Brown_Bear__maxbin2_low_prob_001_contigs,Bacteria,Firmicutes_A,Clostridia,Peptostreptococcales,Peptostreptococcaceae,Romboutsia
-0.201420267,1.884654911,0.914889084,0.930324329,X235_Pygmy_Slow_Loris__metabat2_low_PE_001_contigs,Bacteria,Spirochaetota,Spirochaetia,Sphaerochaetales,Sphaerochaetaceae,Spiro-01
-0.161903651,2.072613997,0.937736035,0.949189299,X236_Pygmy_Slow_Loris__metabat2_high_PE_002_contigs,Bacteria,Firmicutes_A,Clostridia,Lachnospirales,Lachnospiraceae,Hungatella
0.911829324,1.722826209,0.596622553,0.639031911,X237_Red_shanked_Douc_Langur__metabat2_high_PE_002_contigs,Bacteria,Proteobacteria,Gammaproteobacteria,Xanthomonadales,Xanthomonadaceae,Stenotrophomonas
-3.546434722,1.181471548,0.00268468,0.004823693,X241_Italian_wall_lizard__maxbin2_high_prob_002_contigs,Bacteria,Proteobacteria,Gammaproteobacteria,Enterobacterales,Enterobacteriaceae,Citrobacter
-1.779843529,2.611257302,0.495489359,0.54388981,X244_Common_House_Martin__maxbin2_low_prob_002_contigs,Bacteria,Firmicutes,Bacilli,Mycoplasmatales,Mycoplasmoidaceae,
1.370804152,1.914039666,0.473877881,0.522763785,X244_Common_House_Martin__metabat2_low_PE_005_contigs,Bacteria,Fusobacteriota,Fusobacteriia,Fusobacteriales,Fusobacteriaceae,Fusobacterium_B
2.401274458,2.250681227,0.286012449,0.336813949,X247_Common_Hamster__maxbin2_high_prob_003_contigs,Bacteria,Bacteroidota,Bacteroidia,Bacteroidales,Muribaculaceae,Duncaniella
-0.350729426,2.827966645,0.901298039,0.919324,X247_Common_Hamster__metabat2_high_PE_003_contigs,Bacteria,Bacteroidota,Bacteroidia,Bacteroidales,Muribaculaceae,CAG-485
-6.46278426,1.45906042,9.45e-06,2.16e-05,X256_Zander__metabat2_high_PE_003_contigs,Bacteria,Firmicutes_A,Clostridia,Clostridiales,Clostridiaceae,Clostridium_AH
-2.563933656,0.752215412,0.000653187,0.001262575,X257_Eurasian_Woodcock__maxbin2_low_prob_002_contigs,Bacteria,Proteobacteria,Gammaproteobacteria,Enterobacterales,Enterobacteriaceae,Escherichia
-4.350411559,1.234686574,0.000425896,0.000842892,X263_White_Stork__maxbin2_low_prob_001_contigs,Bacteria,Firmicutes,Bacilli,Lactobacillales,Catellicoccaceae,
-4.048788612,2.091910331,0.052935054,0.075801168,X276_Barnacle_Goose__maxbin2_high_prob_005_contigs,Bacteria,Firmicutes_A,Clostridia,Peptostreptococcales,Peptostreptococcaceae,Terrisporobacter
-3.492033916,1.311414321,0.007749348,0.012941607,X276_Barnacle_Goose__maxbin2_low_prob_002_contigs,Bacteria,Proteobacteria,Gammaproteobacteria,Pseudomonadales,Moraxellaceae,Psychrobacter
-2.193195419,1.297874887,0.091059377,0.121229653,X276_Barnacle_Goose__metabat2_high_PE_012_contigs,Bacteria,Firmicutes_A,Clostridia,Clostridiales,Clostridiaceae,Clostridium
-1.753167069,1.527488459,0.251073895,0.301016261,X276_Barnacle_Goose__metabat2_low_PE_010_contigs,Bacteria,Firmicutes_A,Clostridia,Clostridiales,Clostridiaceae,Clostridium
8.102684043,1.609098813,4.76e-07,1.22e-06,X279_Western_Grey_Kangaroo__metabat2_high_PE_001_contigs,Bacteria,Firmicutes_A,Clostridia,Oscillospirales,Oscillospiraceae,
8.601399174,1.987695328,1.51e-05,3.42e-05,X279_Western_Grey_Kangaroo__metabat2_high_PE_006_contigs,Bacteria,Firmicutes_A,Clostridia,Oscillospirales,Acutalibacteraceae,RUG806
3.665056828,1.898594322,0.05355662,0.076498617,X285_Short_beaked_Echidna__metabat2_high_PE_004_contigs,Bacteria,Firmicutes,Bacilli,Lactobacillales,Lactobacillaceae,Pediococcus
2.498798674,2.681994556,0.351494604,0.403883747,X285_Short_beaked_Echidna__metabat2_high_PE_005_contigs,Bacteria,Bacteroidota,Bacteroidia,Bacteroidales,Paludibacteraceae,
8.3401385,0.991400405,4.01e-17,1.15e-16,X285_Short_beaked_Echidna__metabat2_high_PE_017_contigs,Bacteria,Firmicutes_A,Clostridia,Oscillospirales,Oscillospiraceae,CAG-110
-3.546843201,2.555999994,0.165242479,0.206708988,X285_Short_beaked_Echidna__metabat2_low_PE_001_contigs,Bacteria,Actinobacteriota,Actinobacteria,Actinomycetales,Microbacteriaceae,Leifsonia
28.50044442,2.2923056,1.73e-35,1.03e-34,X287_Common_Brushtail__metabat2_high_PE_016_contigs,Bacteria,Firmicutes_A,Clostridia,Oscillospirales,Ruminococcaceae,CAG-115
29.34619079,2.453893214,5.82e-33,3.16e-32,X287_Common_Brushtail__metabat2_low_PE_001_contigs,Bacteria,Firmicutes_A,Clostridia,Lachnospirales,Lachnospiraceae,Lachnobacterium
27.59618299,2.505552947,3.27e-28,1.43e-27,X287_Common_Brushtail__metabat2_low_PE_002_contigs,Bacteria,Firmicutes_A,Clostridia,Lachnospirales,Lachnospiraceae,Eubacterium_S
14.27342292,2.553296787,2.27e-08,6.09e-08,X287_Common_Brushtail__metabat2_low_PE_009_contigs,Bacteria,Firmicutes_A,Clostridia,Lachnospirales,Lachnospiraceae,
30.0,2.454119455,2.3e-34,1.33e-33,X288_Common_Brushtail__metabat2_high_PE_006_contigs,Bacteria,Bacteroidota,Bacteroidia,Bacteroidales,Bacteroidaceae,Prevotella
30.0,2.421611859,3.02e-35,1.79e-34,X288_Common_Brushtail__metabat2_high_PE_008_contigs,Bacteria,Firmicutes_A,Clostridia,Oscillospirales,Oscillospiraceae,CAG-110
7.910334201,1.627041032,1.16e-06,2.86e-06,X289_Eastern_Grey_Kangaroo__maxbin2_low_prob_001_contigs,Bacteria,Verrucomicrobiota,Kiritimatiellae,RFP12,UBA1067,UBA1067
9.577042591,2.193434102,1.26e-05,2.87e-05,X289_Eastern_Grey_Kangaroo__metabat2_low_PE_002_contigs,Bacteria,Bacteroidota,Bacteroidia,Bacteroidales,Porphyromonadaceae,Porphyromonas
8.855592442,1.363026895,8.19e-11,2.3e-10,X3_Alpine_Chamois__metabat2_high_PE_002_contigs,Bacteria,Bacteroidota,Bacteroidia,Bacteroidales,Rikenellaceae,Alistipes
-0.174641197,3.081239874,0.954801006,0.960596459,X301_European_Hare__metabat2_high_PE_015_contigs,Bacteria,Spirochaetota,Spirochaetia,Sphaerochaetales,Sphaerochaetaceae,UBA9732
5.149075355,2.047730508,0.011919189,0.019087977,X301_European_Hare__metabat2_low_PE_011_contigs,Bacteria,Firmicutes_A,Clostridia,Lachnospirales,Lachnospiraceae,COE1
-0.558579348,3.057580904,0.855043856,0.87754501,X301_European_Hare__metabat2_low_PE_012_contigs,Bacteria,Firmicutes_A,Clostridia,Oscillospirales,Acutalibacteraceae,UBA1213
4.245931664,1.172433452,0.000292935,0.000589162,X314_Red_Deer__metabat2_high_PE_002_contigs,Bacteria,Firmicutes_A,Clostridia,Lachnospirales,Lachnospiraceae,Roseburia
-3.311862597,1.086629691,0.002305003,0.004164078,X32_Greylag_Goose__maxbin2_low_prob_001_contigs,Bacteria,Firmicutes_A,Clostridia,Clostridiales,Clostridiaceae,Clostridium
-6.362006568,1.935370552,0.001011785,0.001922101,X327_Silver_Bream__metabat2_high_PE_005_contigs,Bacteria,Fusobacteriota,Fusobacteriia,Fusobacteriales,Fusobacteriaceae,Cetobacterium_A
-4.050335681,1.212392021,0.000835432,0.001605483,X328_Prussian_Carp__metabat2_low_PE_002_contigs,Bacteria,Proteobacteria,Gammaproteobacteria,Pseudomonadales,Moraxellaceae,Acinetobacter
-1.641385221,2.663620615,0.537747119,0.581609037,X329_Bleak__metabat2_low_PE_005_contigs,Bacteria,Fusobacteriota,Fusobacteriia,Fusobacteriales,Fusobacteriaceae,
-0.810013553,0.738881848,0.272960901,0.323744324,X332_Harbor_Porpoise__maxbin2_low_prob_001_contigs,Bacteria,Fusobacteriota,Fusobacteriia,Fusobacteriales,Fusobacteriaceae,Fusobacterium_A
11.50017526,2.746394336,2.82e-05,6.26e-05,X339_White_beaked_Dolphin__metabat2_high_PE_003_contigs,Bacteria,Proteobacteria,Gammaproteobacteria,Enterobacterales,Vibrionaceae,Photobacterium
2.321333764,1.919235459,0.226467115,0.274189597,X340_Western_Lowland_Gorilla__metabat2_low_PE_002_contigs,Bacteria,Firmicutes_A,Clostridia,Oscillospirales,Oscillospiraceae,CAG-103
3.519829388,0.961993741,0.00025331,0.000516752,X341_Western_Lowland_Gorilla__maxbin2_low_prob_002_contigs,Archaea,Euryarchaeota,Methanobacteria,Methanobacteriales,Methanobacteriaceae,Methanobrevibacter_A
3.930827586,2.468882677,0.111351366,0.145901098,X341_Western_Lowland_Gorilla__metabat2_low_PE_002_contigs,Bacteria,Bacteroidota,Bacteroidia,Bacteroidales,Muribaculaceae,CAG-873
3.343860198,2.764102719,0.226376652,0.274189597,X353_Raccoon__metabat2_high_PE_003_contigs,Bacteria,Actinobacteriota,Actinobacteria,Actinomycetales,Bifidobacteriaceae,Bifidobacterium
2.064370765,1.99367098,0.300453151,0.353192268,X353_Raccoon__metabat2_low_PE_005_contigs,Bacteria,Firmicutes_A,Clostridia,Christensenellales,CAG-74,
3.824340417,0.95480077,6.19e-05,0.000133284,X355_Hoffmanns_Two_toed_Sloth__metabat2_high_PE_003_contigs,Bacteria,Firmicutes_A,Clostridia,Oscillospirales,Oscillospiraceae,
2.82931972,1.387603138,0.041450249,0.060398934,X355_Hoffmanns_Two_toed_Sloth__metabat2_high_PE_009_contigs,Bacteria,Bacteroidota,Bacteroidia,Bacteroidales,Rikenellaceae,Alistipes
3.726381624,1.315033441,0.004601564,0.008045418,X355_Hoffmanns_Two_toed_Sloth__metabat2_high_PE_021_contigs,Bacteria,Verrucomicrobiota,Verrucomicrobiae,Verrucomicrobiales,Akkermansiaceae,Akkermansia
1.774652052,2.068426801,0.390907986,0.443787662,X355_Hoffmanns_Two_toed_Sloth__metabat2_high_PE_023_contigs,Bacteria,Firmicutes_A,Clostridia,Oscillospirales,Ruminococcaceae,Gemmiger
0.872139975,1.756542125,0.619534937,0.657202661,X355_Hoffmanns_Two_toed_Sloth__metabat2_low_PE_021_contigs,Bacteria,Bacteroidota,Bacteroidia,Bacteroidales,Dysgonomonadaceae,Dysgonomonas
5.210329341,1.501063504,0.000518347,0.001013758,X357_Northern_Tamandua__metabat2_low_PE_004_contigs,Bacteria,Firmicutes_A,Clostridia,Lachnospirales,Lachnospiraceae,Faecalicatena
7.010184265,0.990368112,1.46e-12,4.17e-12,X359_Brown_throated_Sloth__maxbin2_low_prob_002_contigs,Bacteria,Firmicutes_A,Clostridia,Oscillospirales,Acutalibacteraceae,Ruminococcus_E
-5.013948657,1.848989157,0.006693426,0.011320769,X36_Agile_Frog__metabat2_low_PE_001_contigs,Bacteria,Proteobacteria,Gammaproteobacteria,Diplorickettsiales,Diplorickettsiaceae,Rickettsiella
8.199103202,1.808673397,5.81e-06,1.34e-05,X363_Desmarests_Spiny_Pocket_Mouse__maxbin2_high_prob_007_contigs,Bacteria,Bacteroidota,Bacteroidia,Bacteroidales,Muribaculaceae,CAG-485
30.0,2.059973443,4.81e-48,4.19e-47,X363_Desmarests_Spiny_Pocket_Mouse__maxbin2_high_prob_022_contigs,Bacteria,Bacteroidota,Bacteroidia,Bacteroidales,Muribaculaceae,UBA7173
30.0,2.068111323,1.11e-47,9.44e-47,X363_Desmarests_Spiny_Pocket_Mouse__maxbin2_high_prob_028_contigs,Bacteria,Bacteroidota,Bacteroidia,Bacteroidales,Muribaculaceae,CAG-873
7.213756116,2.111617365,0.000634962,0.001230935,X363_Desmarests_Spiny_Pocket_Mouse__maxbin2_low_prob_004_contigs,Bacteria,Firmicutes_A,Clostridia,Oscillospirales,Ruminococcaceae,Ruminococcus_D
8.933384051,1.828394677,1.03e-06,2.56e-06,X363_Desmarests_Spiny_Pocket_Mouse__maxbin2_low_prob_014_contigs,Bacteria,Bacteroidota,Bacteroidia,Bacteroidales,Muribaculaceae,K10
30.0,2.00862309,1.93e-50,1.81e-49,X363_Desmarests_Spiny_Pocket_Mouse__maxbin2_low_prob_023_contigs,Bacteria,Firmicutes_A,Clostridia,Oscillospirales,Acutalibacteraceae,Ruminococcus_E
30.0,3.138001552,1.18e-21,3.76e-21,X363_Desmarests_Spiny_Pocket_Mouse__metabat2_high_PE_001_contigs,Bacteria,Bacteroidota,Bacteroidia,Bacteroidales,Muribaculaceae,CAG-485
30.0,2.537675007,3.01e-32,1.54e-31,X363_Desmarests_Spiny_Pocket_Mouse__metabat2_high_PE_004_contigs,Bacteria,Bacteroidota,Bacteroidia,Bacteroidales,Muribaculaceae,CAG-873
8.014653073,1.974651928,4.93e-05,0.000106887,X363_Desmarests_Spiny_Pocket_Mouse__metabat2_high_PE_013_contigs,Bacteria,Bacteroidota,Bacteroidia,Bacteroidales,Muribaculaceae,CAG-873
9.262416459,1.986589941,3.12e-06,7.37e-06,X363_Desmarests_Spiny_Pocket_Mouse__metabat2_high_PE_020_contigs,Bacteria,Firmicutes_A,Clostridia,Oscillospirales,Acutalibacteraceae,Eubacterium_R
5.605168714,1.698602826,0.000967296,0.001848176,X363_Desmarests_Spiny_Pocket_Mouse__metabat2_low_PE_006_contigs,Bacteria,Bacteroidota,Bacteroidia,Bacteroidales,Bacteroidaceae,
30.0,2.535166499,2.62e-32,1.37e-31,X363_Desmarests_Spiny_Pocket_Mouse__metabat2_low_PE_030_contigs,Bacteria,Bacteroidota,Bacteroidia,Bacteroidales,Paludibacteraceae,RF16
7.323784972,1.060508002,4.99e-12,1.42e-11,X363_Desmarests_Spiny_Pocket_Mouse__metabat2_low_PE_031_contigs,Bacteria,Firmicutes_A,Clostridia,Oscillospirales,Oscillospiraceae,UBA9475
3.843621714,2.224047619,0.083950551,0.113655001,X368_European_Ground_Squirrel__maxbin2_low_prob_002_contigs,Bacteria,Firmicutes_A,Clostridia,Oscillospirales,Ruminococcaceae,
1.65124535,2.156344778,0.443818353,0.497046568,X368_European_Ground_Squirrel__metabat2_low_PE_002_contigs,Bacteria,Firmicutes_A,Clostridia,Oscillospirales,Ruminococcaceae,Ruminococcus_D
9.15114372,1.855953567,8.19e-07,2.05e-06,X369_Koala__maxbin2_low_prob_001_contigs,Bacteria,Firmicutes,Bacilli,Erysipelotrichales,Erysipelotrichaceae,UBA636
7.217953673,2.31155014,0.001792856,0.003292698,X369_Koala__metabat2_high_PE_004_contigs,Bacteria,Bacteroidota,Bacteroidia,Bacteroidales,Paludibacteraceae,RF16
9.702743467,2.132638311,5.37e-06,1.25e-05,X369_Koala__metabat2_high_PE_008_contigs,Bacteria,Bacteroidota,Bacteroidia,Bacteroidales,Bacteroidaceae,UBA4372
6.471904557,1.327522239,1.09e-06,2.68e-06,X371_Linnaeus_Two_toed_Sloth__maxbin2_high_prob_017_contigs,Bacteria,Firmicutes_A,Clostridia,Christensenellales,CAG-138,
5.991365674,1.240440905,1.37e-06,3.3e-06,X371_Linnaeus_Two_toed_Sloth__maxbin2_low_prob_012_contigs,Bacteria,Firmicutes_A,Clostridia,Oscillospirales,Ruminococcaceae,
6.105549472,1.256277888,1.17e-06,2.87e-06,X371_Linnaeus_Two_toed_Sloth__metabat2_high_PE_002_contigs,Bacteria,Firmicutes_A,Clostridia,Oscillospirales,Acutalibacteraceae,
5.668079987,1.354426312,2.85e-05,6.31e-05,X371_Linnaeus_Two_toed_Sloth__metabat2_low_PE_006_contigs,Bacteria,Firmicutes,Bacilli,RF39,CAG-611,CAG-877
5.477745102,1.51823248,0.000308596,0.000618124,X378_Fat_Sand_Rat__metabat2_high_PE_001_contigs,Bacteria,Bacteroidota,Bacteroidia,Bacteroidales,Muribaculaceae,Muribaculum
4.442896672,2.126387817,0.036670802,0.054269513,X378_Fat_Sand_Rat__metabat2_low_PE_004_contigs,Bacteria,Bacteroidota,Bacteroidia,Bacteroidales,Muribaculaceae,CAG-485
5.438619965,2.093872283,0.009393298,0.015491931,X378_Fat_Sand_Rat__metabat2_low_PE_008_contigs,Bacteria,Bacteroidota,Bacteroidia,Bacteroidales,Muribaculaceae,UBA3263
4.371353083,1.873398345,0.01962813,0.030619883,X394_Przewalski_horse__metabat2_high_PE_006_contigs,Bacteria,Spirochaetota,Spirochaetia,Treponematales,Treponemataceae,Treponema_D
-1.331087548,2.043553213,0.514814527,0.560463106,X396_Morelets_crocodile__metabat2_low_PE_001_contigs,Bacteria,Bacteroidota,Bacteroidia,Bacteroidales,Tannerellaceae,UBA12018
-7.21404274,2.631344409,0.006114436,0.010448121,X398_Eurasian_Reed_Warbler__metabat2_low_PE_003_contigs,Bacteria,Firmicutes,Bacilli,Lactobacillales,Streptococcaceae,Streptococcus
9.670452877,0.977202854,4.33e-23,1.5e-22,X4_Red_Fox__metabat2_low_PE_004_contigs,Bacteria,Firmicutes_A,Clostridia,Oscillospirales,Oscillospiraceae,CAG-110
5.960046818,1.621379082,0.000237001,0.000484975,X40_Bactrian_Camel__metabat2_high_PE_006_contigs,Bacteria,Bacteroidota,Bacteroidia,Bacteroidales,UBA932,
28.4920347,1.273820603,8.18e-111,2.71e-109,X40_Bactrian_Camel__metabat2_low_PE_002_contigs,Bacteria,Firmicutes_A,Clostridia,Oscillospirales,Acutalibacteraceae,DTU089_A
0.505649911,2.145377301,0.813671083,0.842912388,X404_Brown_Greater_Galago__maxbin2_high_prob_002_contigs,Bacteria,Firmicutes_C,Negativicutes,Selenomonadales,Selenomonadaceae,
-7.490351441,1.932532964,0.000106221,0.000224998,X405_Nile_Crocodile__maxbin2_low_prob_001_contigs,Bacteria,Campylobacterota,Campylobacteria,Campylobacterales,Campylobacteraceae,
6.679548617,1.054935796,2.42e-10,6.78e-10,X409_Impala__metabat2_high_PE_002_contigs,Bacteria,Firmicutes_A,Clostridia,Christensenellales,CAG-74,UBA11524
13.08166485,1.398426935,8.4e-21,2.59e-20,X409_Impala__metabat2_low_PE_002_contigs,Bacteria,Firmicutes_A,Clostridia,Lachnospirales,Lachnospiraceae,
30.0,1.705481025,2.92e-69,4.3e-68,X409_Impala__metabat2_low_PE_015_contigs,Bacteria,Firmicutes_A,Clostridia,Lachnospirales,Lachnospiraceae,G11
-1.412088281,2.709926861,0.602311148,0.642079343,X41_Pika__metabat2_high_PE_003_contigs,Bacteria,Firmicutes,Bacilli,RFN20,CAG-449,
6.034408223,1.452749889,3.27e-05,7.16e-05,X410_Impala__metabat2_high_PE_006_contigs,Bacteria,Firmicutes,Bacilli,Bacillales,Bacillaceae_A,FJAT-27916
30.0,1.797310743,1.51e-62,1.92e-61,X410_Impala__metabat2_low_PE_001_contigs,Bacteria,Firmicutes_A,Clostridia,Saccharofermentanales,Saccharofermentanaceae,Saccharofermentans
5.179832198,2.738326112,0.058543589,0.083114345,X411_Leopard__metabat2_low_PE_002_contigs,Bacteria,Firmicutes_A,Clostridia,TANB77,CAG-465,
8.380310772,2.183799849,0.000124298,0.000261618,X415_White_Rhinoceros__metabat2_high_PE_001_contigs,Bacteria,Firmicutes_A,Clostridia,Lachnospirales,Lachnospiraceae,
8.613890665,2.06378047,3e-05,6.6e-05,X415_White_Rhinoceros__metabat2_low_PE_004_contigs,Bacteria,Bacteroidota,Bacteroidia,Bacteroidales,P3,UBA1711
7.996081902,2.282068856,0.000458542,0.000902117,X415_White_Rhinoceros__metabat2_low_PE_005_contigs,Bacteria,Bacteroidota,Bacteroidia,Bacteroidales,F082,F082
7.021324181,1.116732461,3.23e-10,8.99e-10,X418_Giraffe__metabat2_high_PE_001_contigs,Bacteria,Bacteroidota,Bacteroidia,Bacteroidales,UBA932,RC9
7.422244304,1.364755863,5.37e-08,1.42e-07,X418_Giraffe__metabat2_high_PE_004_contigs,Bacteria,Firmicutes_A,Clostridia,Oscillospirales,Acutalibacteraceae,Ruminococcus_E
7.638907642,1.223491637,4.28e-10,1.19e-09,X42_Goitered_Gazelle__metabat2_low_PE_005_contigs,Bacteria,Firmicutes_A,Clostridia,Lachnospirales,Lachnospiraceae,Agathobacter
6.092435982,1.353223649,6.73e-06,1.55e-05,X42_Goitered_Gazelle__metabat2_low_PE_007_contigs,Bacteria,Bacteroidota,Bacteroidia,Bacteroidales,Rikenellaceae,Alistipes
-6.129430654,2.070167644,0.003068034,0.005482768,X426_Ural_Owl__maxbin2_high_prob_001_contigs,Bacteria,Firmicutes,Bacilli,Bacillales_A,Planococcaceae,Sporosarcina_A
-10.35987253,1.946055675,1.02e-07,2.68e-07,X426_Ural_Owl__maxbin2_high_prob_003_contigs,Bacteria,Proteobacteria,Gammaproteobacteria,Enterobacterales,Aeromonadaceae,Oceanisphaera
7.847972608,1.377575242,1.22e-08,3.3e-08,X430_Giraffe__maxbin2_high_prob_008_contigs,Bacteria,Bacteroidota,Bacteroidia,Bacteroidales,F082,F082
4.48262414,1.632170017,0.00602496,0.010321831,X430_Giraffe__maxbin2_low_prob_013_contigs,Bacteria,Proteobacteria,Alphaproteobacteria,Rs-D84,Rs-D84,Rs-D84
4.351521592,1.327825725,0.001048502,0.001980503,X430_Giraffe__metabat2_high_PE_005_contigs,Bacteria,Bacteroidota,Bacteroidia,Bacteroidales,Bacteroidaceae,UBA4372
3.591023608,1.387141843,0.009631287,0.0158058,X430_Giraffe__metabat2_high_PE_008_contigs,Bacteria,Bacteroidota,Bacteroidia,Bacteroidales,Bacteroidaceae,Prevotella
4.819051943,1.327787887,0.000284099,0.00057426,X430_Giraffe__metabat2_low_PE_013_contigs,Bacteria,Firmicutes,Bacilli,ML615J-28,CAG-313,
28.08835607,3.160991418,6.34e-19,1.86e-18,X431_Quagga__metabat2_high_PE_003_contigs,Bacteria,Bacteroidota,Bacteroidia,Bacteroidales,P3,UBA1711
7.77929876,1.980625851,8.58e-05,0.000182247,X431_Quagga__metabat2_low_PE_006_contigs,Bacteria,Bacteroidota,Bacteroidia,Bacteroidales,F082,F082
5.728631974,1.581973892,0.000293248,0.000589162,X434_Blue_Wildebeest__maxbin2_low_prob_001_contigs,Bacteria,Verrucomicrobiota,Verrucomicrobiae,Verrucomicrobiales,Akkermansiaceae,Akkermansia
-2.191333211,1.287645224,0.088790162,0.118925005,X44_Meadow_Viper__maxbin2_low_prob_001_contigs,Bacteria,Proteobacteria,Gammaproteobacteria,Pseudomonadales,Pseudomonadaceae,Pseudomonas
-0.987804005,1.06270595,0.35262085,0.404476857,X46_European_Nightjar__metabat2_low_PE_001_contigs,Bacteria,Firmicutes,Bacilli,Lactobacillales,Enterococcaceae,Enterococcus
3.883565047,1.97322173,0.049052606,0.070546373,X5_European_Hare__metabat2_low_PE_003_contigs,Bacteria,Bacteroidota,Bacteroidia,Bacteroidales,UBA932,UBA1232
5.373664293,1.750134655,0.002137515,0.003882664,X66_Mouflon__metabat2_high_PE_002_contigs,Bacteria,Bacteroidota,Bacteroidia,Bacteroidales,Bacteroidaceae,
28.42162951,1.295945665,1.31e-106,4.13e-105,X66_Mouflon__metabat2_high_PE_003_contigs,Bacteria,Firmicutes_A,Clostridia,Oscillospirales,Acutalibacteraceae,CAG-177
29.06274472,1.437719442,7.3e-91,1.56e-89,X67_European_Roe__metabat2_low_PE_011_contigs,Bacteria,Bacteroidota,Bacteroidia,Bacteroidales,Muribaculaceae,
-2.469969117,2.081766129,0.235433698,0.283804621,X72_Ural_Owl__metabat2_high_PE_004_contigs,Bacteria,Firmicutes_A,Clostridia,Oscillospirales,Acutalibacteraceae,DTU089
7.93376716,2.105237096,0.000164175,0.000341216,X73_One_humped_Camel__maxbin2_low_prob_008_contigs,Bacteria,Bacteroidota,Bacteroidia,Bacteroidales,F082,F082
7.560171321,1.506886608,5.25e-07,1.34e-06,X73_One_humped_Camel__metabat2_high_PE_013_contigs,Bacteria,Firmicutes_A,Clostridia,Christensenellales,CAG-138,
7.27127179,1.177575788,6.63e-10,1.82e-09,X73_One_humped_Camel__metabat2_low_PE_005_contigs,Bacteria,Firmicutes_A,Clostridia,Lachnospirales,Lachnospiraceae,UBA11957
8.665462935,1.256670529,5.36e-12,1.52e-11,X73_One_humped_Camel__metabat2_low_PE_007_contigs,Bacteria,Firmicutes_A,Clostridia,Lachnospirales,Anaerotignaceae,Anaerotignum
30.0,2.564113472,1.28e-31,6.36e-31,X77_Onager__metabat2_low_PE_001_contigs,Bacteria,Firmicutes_A,Clostridia,Oscillospirales,Acutalibacteraceae,RUG420
-1.145368992,1.998633832,0.566593267,0.611809993,X81_Wolf__maxbin2_low_prob_004_contigs,Bacteria,Firmicutes,Bacilli,Bacillales_A,Planococcaceae,Planococcus_A
-1.851156609,0.743541225,0.012786934,0.020330305,X81_Wolf__metabat2_low_PE_002_contigs,Bacteria,Firmicutes_A,Clostridia,Clostridiales,Clostridiaceae,Clostridium_P
-0.342195259,1.481618869,0.817345581,0.845398003,X84_Common_Chiffchaff__metabat2_high_PE_001_contigs,Bacteria,Proteobacteria,Gammaproteobacteria,Diplorickettsiales,Diplorickettsiaceae,
0.188779879,2.67123415,0.943659277,0.953728812,X87_Garden_Dormouse__metabat2_low_PE_003_contigs,Bacteria,Firmicutes,Bacilli,Staphylococcales,Salinicoccaceae,Jeotgalicoccus
-2.455909058,1.965098813,0.2113859,0.25953491,X87_Garden_Dormouse__metabat2_low_PE_004_contigs,Bacteria,Firmicutes,Bacilli,Staphylococcales,Staphylococcaceae,Staphylococcus_A
-3.489424434,1.994890447,0.08025974,0.109942578,X90_Water_Rail__maxbin2_high_prob_001_contigs,Bacteria,Firmicutes,Bacilli,Lactobacillales,Catellicoccaceae,
-3.838404012,1.071782384,0.000341852,0.000682606,X95_Meadow_Viper__metabat2_low_PE_002_contigs,Bacteria,Proteobacteria,Gammaproteobacteria,Enterobacterales,Enterobacteriaceae,Citrobacter
1.957346925,2.012839452,0.330836313,0.384140938,X96_European_Hare__metabat2_high_PE_013_contigs,Bacteria,Firmicutes_A,Clostridia,Oscillospirales,Oscillospiraceae,UBA5446
