log2FoldChange,lfcSE,pvalue,padj,SGB,Domain,Phylum,Class,Order,Family,Genus
27.18590888,0.878231333,2.16e-210,1.16e-209,artificially_reared_1__metabat2_low_PE_002_contigs,Bacteria,Bacteroidota,Bacteroidia,Bacteroidales,Bacteroidaceae,Bacteroides_A
25.09277366,0.74350481,1.09e-249,7.9e-249,artificially_reared_2__metabat2_high_PE_035_contigs,Bacteria,Bacteroidota,Bacteroidia,Bacteroidales,Bacteroidaceae,Bacteroides_A
26.67116444,0.913857001,2.98e-187,1.19e-186,artificially_reared_2__metabat2_low_PE_015_contigs,Bacteria,Firmicutes,Bacilli,Haloplasmatales,Turicibacteraceae,Turicibacter
30.0,0.790974641,0.0,0.0,Ash_p2__metabat2_high_PE_017_contigs,Bacteria,Actinobacteriota,Actinobacteria,Actinomycetales,Bifidobacteriaceae,Bifidobacterium
29.43574883,0.624061862,0.0,0.0,Avalanche_p1__metabat2_low_PE_018_contigs,Bacteria,Firmicutes_A,Clostridia,Lachnospirales,Lachnospiraceae,Roseburia
28.91578564,0.624103805,0.0,0.0,Belle_p2__metabat2_low_PE_017_contigs,Bacteria,Firmicutes,Bacilli,Erysipelotrichales,Erysipelotrichaceae,Dubosiella
9.229527195,0.570437044,7.01e-59,8.39e-59,Bissell_p1__maxbin2_high_prob_028_contigs,Bacteria,Firmicutes_A,Clostridia,Peptostreptococcales,Peptostreptococcaceae,Romboutsia
28.33257071,0.885756453,1.66e-224,9.97e-224,Bissell_p1__metabat2_low_PE_001_contigs,Bacteria,Firmicutes,Bacilli,Erysipelotrichales,Erysipelatoclostridiaceae,Erysipelatoclostridium
28.72285092,0.891422735,8.86e-228,5.49e-227,Bissell_p2__metabat2_high_PE_001_contigs,Bacteria,Firmicutes_A,Clostridia,Lachnospirales,Lachnospiraceae,Tyzzerella
25.41392963,1.570945275,7.27e-59,8.69e-59,C__urophasianus_2_cecum__metabat2_low_PE_006_contigs,Bacteria,Firmicutes_C,Negativicutes,Selenomonadales,Selenomonadaceae,Megamonas
30.0,1.543526036,3.83e-84,5.23e-84,C__urophasianus_2_cecum__metabat2_low_PE_008_contigs,Bacteria,Bacteroidota,Bacteroidia,Bacteroidales,Bacteroidaceae,Prevotella
30.0,1.430886965,1.34e-97,1.96e-97,C__urophasianus_4_cecum__metabat2_high_PE_002_contigs,Bacteria,Bacteroidota,Bacteroidia,Bacteroidales,Bacteroidaceae,Prevotella
28.09954375,0.8990949,2.02e-214,1.13e-213,Cam_p2__metabat2_low_PE_027_contigs,Bacteria,Proteobacteria,Gammaproteobacteria,Burkholderiales,Burkholderiaceae,Parasutterella
10.60481651,0.474057528,7.66e-111,1.23e-110,CBJMC01400__metabat2_high_PE_029_contigs,Bacteria,Firmicutes_A,Clostridia,Lachnospirales,Lachnospiraceae,Faecalicatena
28.06516484,1.900759237,2.45e-49,2.8e-49,CBJMC01400__metabat2_low_PE_018_contigs,Bacteria,Firmicutes_A,Clostridia,Lachnospirales,Lachnospiraceae,Sellimonas
9.745904927,0.599725306,2.21e-59,2.65e-59,CBJMC01400__metabat2_low_PE_023_contigs,Bacteria,Firmicutes_A,Clostridia,Lachnospirales,Lachnospiraceae,Blautia_A
27.20950246,1.092697977,7.22e-137,1.6e-136,CBJMC01400__metabat2_low_PE_039_contigs,Bacteria,Firmicutes_A,Clostridia,Lachnospirales,Lachnospiraceae,
-4.480969982,0.556405068,8.05e-16,8.71e-16,CBJMI02800__metabat2_low_PE_003_contigs,Bacteria,Actinobacteriota,Actinobacteria,Streptomycetales,Streptomycetaceae,Kitasatospora
29.49276042,1.244430604,3.62e-124,6.78e-124,CBJMI02800__metabat2_low_PE_005_contigs,Bacteria,Campylobacterota,Campylobacteria,Campylobacterales,Campylobacteraceae,Campylobacter_D
26.56958202,1.471060901,6.4e-73,8.18e-73,Cebus_capucinus_imitator_PRJNA485217_SSR012__metabat2_high_PE_008_contigs,Bacteria,Firmicutes,Bacilli,Erysipelotrichales,Erysipelatoclostridiaceae,Erysipelatoclostridium
26.98054289,0.892885011,1.41e-200,6.69e-200,Cebus_capucinus_imitator_PRJNA485217_SSR024__maxbin2_low_prob_004_contigs,Bacteria,Bacteroidota,Bacteroidia,Bacteroidales,Bacteroidaceae,Bacteroides
11.29324387,0.851747214,4.01e-40,4.5e-40,Cebus_capucinus_imitator_PRJNA485217_SSR024__metabat2_high_PE_013_contigs,Bacteria,Bacteroidota,Bacteroidia,Bacteroidales,Bacteroidaceae,Bacteroides_B
27.88761379,1.140416277,4.58e-132,9.58e-132,Cebus_capucinus_imitator_PRJNA485217_SSR024__metabat2_low_PE_009_contigs,Bacteria,Actinobacteriota,Coriobacteriia,Coriobacteriales,Coriobacteriaceae,Collinsella
-4.697326112,0.889893599,1.3e-07,1.37e-07,Cebus_capucinus_imitator_PRJNA485217_SSR047__metabat2_high_PE_004_contigs,Bacteria,Proteobacteria,Gammaproteobacteria,Xanthomonadales,Xanthomonadaceae,Xylella
-4.477973144,1.428219274,0.001716468,0.001767651,Cebus_capucinus_imitator_PRJNA485217_SSR047__metabat2_low_PE_001_contigs,Bacteria,Actinobacteriota,Actinobacteria,Mycobacteriales,Mycobacteriaceae,Gordonia
26.2378844,1.684433882,1.05e-54,1.22e-54,Cebus_capucinus_imitator_PRJNA485217_SSR056__maxbin2_low_prob_007_contigs,Bacteria,Firmicutes,Bacilli,Lactobacillales,Streptococcaceae,Streptococcus
9.647922726,0.493028905,2.86e-85,3.93e-85,Cebus_capucinus_imitator_PRJNA485217_SSR056__maxbin2_low_prob_010_contigs,Bacteria,Firmicutes_A,Clostridia,Lachnospirales,Lachnospiraceae,Clostridium_M
25.56062381,1.096611986,3.62e-120,6.41e-120,Cebus_capucinus_imitator_PRJNA485217_SSR056__maxbin2_low_prob_012_contigs,Bacteria,Firmicutes_C,Negativicutes,Selenomonadales,Selenomonadaceae,Megamonas
26.50166888,1.063709766,5.2e-137,1.16e-136,Cebus_capucinus_imitator_PRJNA485217_SSR056__metabat2_high_PE_007_contigs,Bacteria,Actinobacteriota,Actinobacteria,Actinomycetales,Bifidobacteriaceae,Bifidobacterium
28.87591407,1.105788429,2.57e-150,6.64e-150,Cebus_capucinus_imitator_PRJNA485217_SSR056__metabat2_low_PE_012_contigs,Bacteria,Actinobacteriota,Coriobacteriia,Coriobacteriales,Coriobacteriaceae,Collinsella
24.48541745,1.673004421,1.67e-48,1.89e-48,Cebus_capucinus_imitator_PRJNA485217_SSR091__maxbin2_high_prob_005_contigs,Bacteria,Firmicutes_A,Clostridia,Clostridiales,Clostridiaceae,Clostridium_P
30.0,1.704285553,2.35e-69,2.95e-69,Cebus_capucinus_imitator_PRJNA485217_SSR091__metabat2_high_PE_016_contigs,Bacteria,Firmicutes,Bacilli,Lactobacillales,Streptococcaceae,Lactococcus
28.55118424,1.071382193,1.84e-156,5.13e-156,Cebus_capucinus_imitator_PRJNA485217_SSR093__metabat2_high_PE_006_contigs,Bacteria,Actinobacteriota,Actinobacteria,Actinomycetales,Bifidobacteriaceae,Bifidobacterium
8.996249045,0.632370449,6.3e-46,7.12e-46,Cebus_capucinus_imitator_PRJNA485217_SSR098__maxbin2_low_prob_011_contigs,Bacteria,Bacteroidota,Bacteroidia,Bacteroidales,Bacteroidaceae,Prevotella
25.96108325,1.175903677,5.19e-108,8.19e-108,Cebus_capucinus_imitator_PRJNA485217_SSR098__metabat2_high_PE_006_contigs,Bacteria,Actinobacteriota,Coriobacteriia,Coriobacteriales,Atopobiaceae,Libanicoccus
27.0722256,1.054225028,1.97e-145,4.84e-145,Cebus_capucinus_imitator_PRJNA485217_SSR105__metabat2_low_PE_004_contigs,Bacteria,Firmicutes_A,Clostridia,Lachnospirales,Lachnospiraceae,
-3.396035708,1.371717782,0.013295517,0.013561989,Cebus_capucinus_imitator_PRJNA485217_SSR105__metabat2_low_PE_013_contigs,Bacteria,Proteobacteria,Gammaproteobacteria,Burkholderiales,Burkholderiaceae,Sutterella
26.60695326,1.367595532,2.63e-84,3.6e-84,CHCFC05602__maxbin2_low_prob_016_contigs,Bacteria,Firmicutes_A,Clostridia,Oscillospirales,Oscillospiraceae,UBA9475
24.32446899,1.434980613,1.89e-64,2.32e-64,CHCFC05602__metabat2_high_PE_021_contigs,Bacteria,Firmicutes_A,Clostridia,Christensenellales,CAG-74,
26.02617754,0.98549003,1.07e-153,2.89e-153,CHCFR05602__metabat2_high_PE_010_contigs,Bacteria,Firmicutes_A,Clostridia,Oscillospirales,Oscillospiraceae,UBA5446
28.20418775,1.383161625,2.01e-92,2.84e-92,CHCFR05602__metabat2_low_PE_004_contigs,Bacteria,Firmicutes_A,Clostridia,Lachnospirales,Lachnospiraceae,Dorea
30.0,1.669762997,3.56e-72,4.53e-72,CHCFR05602__metabat2_low_PE_021_contigs,Bacteria,Bacteroidota,Bacteroidia,Bacteroidales,Rikenellaceae,Alistipes
29.55385715,0.581597831,0.0,0.0,CHCFR05602__metabat2_low_PE_022_contigs,Bacteria,Bacteroidota,Bacteroidia,Bacteroidales,Bacteroidaceae,Bacteroides
25.8450455,0.988383088,1.02e-150,2.64e-150,Cinder_p2__metabat2_low_PE_021_contigs,Bacteria,Bacteroidota,Bacteroidia,Bacteroidales,Bacteroidaceae,Bacteroides
25.47236689,1.257887554,3.54e-91,5e-91,Cinder_p2__metabat2_low_PE_026_contigs,Bacteria,Bacteroidota,Bacteroidia,Bacteroidales,Bacteroidaceae,CAG-462
10.22262142,0.491386108,4.01e-96,5.78e-96,Cobain_p2__metabat2_high_PE_012_contigs,Bacteria,Firmicutes_A,Clostridia,Lachnospirales,Lachnospiraceae,Eisenbergiella
6.445766907,1.311132149,8.82e-07,9.23e-07,Cobain_p2__metabat2_low_PE_016_contigs,Bacteria,Actinobacteriota,Coriobacteriia,Coriobacteriales,Coriobacteriaceae,Collinsella
30.0,1.282073986,4.32e-121,7.7e-121,Connie_p1__metabat2_low_PE_017_contigs,Bacteria,Bacteroidota,Bacteroidia,Bacteroidales,Muribaculaceae,Muribaculum
-0.901063818,0.865579718,0.297878051,0.300050079,DGYFD06202__metabat2_high_PE_016_contigs,Bacteria,Actinobacteriota,Actinobacteria,Actinomycetales,Dermatophilaceae,Janibacter
5.979411993,1.65106784,0.000292852,0.000303524,DGYFI06202__metabat2_high_PE_029_contigs,Bacteria,Actinobacteriota,Actinobacteria,Mycobacteriales,Mycobacteriaceae,Corynebacterium
24.7008579,1.673033439,2.5e-49,2.84e-49,DGYFI06202__metabat2_high_PE_032_contigs,Bacteria,Bacteroidota,Bacteroidia,Bacteroidales,Bacteroidaceae,Bacteroides
10.26637428,1.759468167,5.38e-09,5.69e-09,DGYFI06202__metabat2_high_PE_036_contigs,Bacteria,Desulfobacterota_A,Desulfovibrionia,Desulfovibrionales,Desulfovibrionaceae,Desulfovibrio
1.80779926,1.418915307,0.202638151,0.20454185,DGYFI06202__metabat2_low_PE_038_contigs,Bacteria,Actinobacteriota,Actinobacteria,Mycobacteriales,Mycobacteriaceae,Dietzia
2.224910012,1.344263578,0.097901293,0.099027773,DGYFI06203__metabat2_high_PE_041_contigs,Bacteria,Actinobacteriota,Actinobacteria,Mycobacteriales,Mycobacteriaceae,Corynebacterium
25.8205627,1.03166849,3.03e-138,6.9e-138,DGYFI06203__metabat2_low_PE_020_contigs,Bacteria,Bacteroidota,Bacteroidia,Bacteroidales,Bacteroidaceae,Bacteroides_A
9.874416147,0.481538619,1.9e-93,2.72e-93,DGYFI06203__metabat2_low_PE_023_contigs,Bacteria,Firmicutes,Bacilli,Erysipelotrichales,Erysipelatoclostridiaceae,Massiliomicrobiota
-2.387834658,1.105872041,0.030832147,0.031252292,DGYFJ06201__metabat2_high_PE_006_contigs,Bacteria,Actinobacteriota,Actinobacteria,Actinomycetales,Microbacteriaceae,Microbacterium
27.86417017,1.508434504,3.45e-76,4.51e-76,DGYFJ06201__metabat2_high_PE_017_contigs,Bacteria,Bacteroidota,Bacteroidia,Bacteroidales,UBA932,RC9
30.0,0.705148189,0.0,0.0,DGYFR06201__maxbin2_high_prob_025_contigs,Bacteria,Firmicutes_A,Clostridia,Oscillospirales,Ruminococcaceae,Faecalibacterium
9.396358957,0.540309125,9.7e-68,1.21e-67,DGYFR06201__maxbin2_high_prob_042_contigs,Bacteria,Firmicutes_A,Clostridia,Lachnospirales,Lachnospiraceae,Faecalicatena
28.17227916,0.696302505,0.0,0.0,DGYFR06201__metabat2_high_PE_040_contigs,Bacteria,Firmicutes_A,Clostridia,Oscillospirales,Butyricicoccaceae,Agathobaculum
27.19047696,1.156523267,3.18e-122,5.76e-122,DGYFR06201__metabat2_high_PE_044_contigs,Bacteria,Firmicutes_A,Clostridia,Oscillospirales,Oscillospiraceae,UBA5446
27.0650681,0.984087806,1.63e-166,5.05e-166,DGYFR06201__metabat2_high_PE_046_contigs,Bacteria,Actinobacteriota,Coriobacteriia,Coriobacteriales,Atopobiaceae,Olsenella_E
29.099585,1.088458962,1.86e-157,5.28e-157,DGYFR06201__metabat2_high_PE_048_contigs,Bacteria,Firmicutes_A,Clostridia,Lachnospirales,Lachnospiraceae,Blautia
26.81857899,1.464477042,6.55e-75,8.47e-75,DGYFR06201__metabat2_low_PE_030_contigs,Bacteria,Firmicutes_A,Clostridia,Oscillospirales,Acutalibacteraceae,Acutalibacter
25.8587688,1.145222158,6.86e-113,1.12e-112,DGYMJ06203__metabat2_high_PE_015_contigs,Bacteria,Actinobacteriota,Coriobacteriia,Coriobacteriales,Coriobacteriaceae,Collinsella
24.36688691,1.690695734,4.33e-47,4.9e-47,DGYMJ06203__metabat2_high_PE_035_contigs,Bacteria,Actinobacteriota,Coriobacteriia,Coriobacteriales,Eggerthellaceae,Rubneribacter
3.366800645,1.26890593,0.007970666,0.008139001,DGYMJ06203__metabat2_high_PE_045_contigs,Bacteria,Actinobacteriota,Coriobacteriia,Coriobacteriales,Eggerthellaceae,
27.1363974,0.742366439,1.55e-292,1.59e-291,DGYMR06203__metabat2_high_PE_011_contigs,Bacteria,Firmicutes_A,Clostridia,Oscillospirales,Oscillospiraceae,
27.63536862,1.026951599,1.67e-159,4.89e-159,DGYMR06203__metabat2_high_PE_052_contigs,Bacteria,Firmicutes_A,Clostridia,Lachnospirales,Lachnospiraceae,CAG-81
29.39982927,0.966220002,2.37e-203,1.15e-202,DGYMR06203__metabat2_low_PE_012_contigs,Bacteria,Bacteroidota,Bacteroidia,Bacteroidales,Tannerellaceae,Parabacteroides
26.85331754,0.847930902,4.12e-220,2.4e-219,DGYMR06203__metabat2_low_PE_036_contigs,Bacteria,Firmicutes_A,Clostridia,Oscillospirales,Oscillospiraceae,NK3B98
28.521189,0.988105682,3.33e-183,1.25e-182,DGYMR06203__metabat2_low_PE_044_contigs,Bacteria,Bacteroidota,Bacteroidia,Bacteroidales,Bacteroidaceae,Prevotella
30.0,0.758951049,0.0,0.0,DHCFD07801__metabat2_high_PE_009_contigs,Bacteria,Firmicutes,Bacilli,Lactobacillales,Lactobacillaceae,Lactobacillus_H
-1.374310582,1.00492857,0.171446582,0.173238082,DHCFD07801__metabat2_high_PE_018_contigs,Bacteria,Actinobacteriota,Actinobacteria,Mycobacteriales,Mycobacteriaceae,Dietzia
0.819932554,1.043599328,0.432056424,0.434302039,DHCFD07801__metabat2_low_PE_002_contigs,Bacteria,Actinobacteriota,Actinobacteria,Mycobacteriales,Mycobacteriaceae,Dietzia
6.62624213,1.742356549,0.000142934,0.000148781,DHCFD07801__metabat2_low_PE_007_contigs,Bacteria,Actinobacteriota,Actinobacteria,Actinomycetales,Dermabacteraceae,Brachybacterium
-0.730783503,1.08574116,0.50090059,0.501938726,DHCFD07801__metabat2_low_PE_023_contigs,Bacteria,Actinobacteriota,Actinobacteria,Actinomycetales,Microbacteriaceae,Microbacterium
3.771859866,1.225079051,0.002077869,0.002137553,DHCFD07801__metabat2_low_PE_026_contigs,Bacteria,Actinobacteriota,Actinobacteria,Actinomycetales,Brevibacteriaceae,Brevibacterium
30.0,1.318061806,1.12e-114,1.86e-114,DHCMC07803__maxbin2_low_prob_008_contigs,Bacteria,Firmicutes_C,Negativicutes,Acidaminococcales,Acidaminococcaceae,Phascolarctobacterium
28.40405975,0.650837103,0.0,0.0,DHCMC07803__metabat2_high_PE_053_contigs,Bacteria,Firmicutes_A,Clostridia,Oscillospirales,Oscillospiraceae,Flavonifractor
27.36827002,1.068784864,1.28e-144,3.12e-144,DHCMC07803__metabat2_low_PE_003_contigs,Bacteria,Actinobacteriota,Coriobacteriia,Coriobacteriales,Coriobacteriaceae,Collinsella
28.52729008,0.66516382,0.0,0.0,DHCMC07803__metabat2_low_PE_017_contigs,Bacteria,Firmicutes_A,Clostridia,Oscillospirales,Oscillospiraceae,Intestinimonas
24.21126673,1.184919506,8.54e-93,1.21e-92,DHCMC07803__metabat2_low_PE_050_contigs,Bacteria,Actinobacteriota,Coriobacteriia,Coriobacteriales,Coriobacteriaceae,Enorma
30.0,1.350777851,2.78e-109,4.44e-109,DHCMJ07802__maxbin2_high_prob_018_contigs,Bacteria,Firmicutes,Bacilli,Staphylococcales,Salinicoccaceae,Jeotgalicoccus
30.0,1.985845351,1.46e-51,1.68e-51,DHCMJ07802__maxbin2_low_prob_003_contigs,Bacteria,Firmicutes,Bacilli,Lactobacillales,Lactobacillaceae,Lactobacillus_H
3.148778707,0.951098254,0.000930707,0.000959482,DHCMJ07802__metabat2_high_PE_028_contigs,Bacteria,Actinobacteriota,Actinobacteria,Actinomycetales,Dermabacteraceae,Brachybacterium
2.208236583,0.928232376,0.017361109,0.017671781,DHCMJ07802__metabat2_low_PE_013_contigs,Bacteria,Actinobacteriota,Actinobacteria,Mycobacteriales,Mycobacteriaceae,Corynebacterium
26.51645809,1.251582533,1.28e-99,1.9e-99,DHKFC23501__metabat2_high_PE_052_contigs,Bacteria,Actinobacteriota,Coriobacteriia,Coriobacteriales,Coriobacteriaceae,An2-A
27.28651559,0.93729029,2.52e-186,9.79e-186,DHKFC23501__metabat2_low_PE_030_contigs,Bacteria,Bacteroidota,Bacteroidia,Bacteroidales,Bacteroidaceae,Bacteroides
30.0,1.250184446,3.03e-127,5.88e-127,DHKFJ23503__metabat2_low_PE_016_contigs,Bacteria,Firmicutes,Bacilli,Lactobacillales,Lactobacillaceae,Lactobacillus_H
25.07442649,1.682171973,3.01e-50,3.45e-50,DHKFR23501__metabat2_low_PE_021_contigs,Bacteria,Firmicutes_A,Clostridia,Lachnospirales,Lachnospiraceae,Dorea
30.0,0.776648224,0.0,0.0,DHKFR23503__metabat2_high_PE_003_contigs,Bacteria,Firmicutes_A,Clostridia,Peptostreptococcales,Peptostreptococcaceae,Romboutsia
27.25192029,1.403822605,6.03e-84,8.21e-84,DSLFC04101__maxbin2_high_prob_036_contigs,Bacteria,Firmicutes_A,Clostridia,Christensenellales,Christensenellaceae,
26.26509226,1.307002115,8.05e-90,1.13e-89,DSLFC04101__metabat2_high_PE_045_contigs,Bacteria,Firmicutes_A,Clostridia,Lachnospirales,Lachnospiraceae,Dorea
28.55069257,0.774035632,7.89e-298,8.67e-297,DSLFC04101__metabat2_low_PE_021_contigs,Bacteria,Firmicutes_A,Clostridia,Oscillospirales,Oscillospiraceae,CAG-110
26.46309377,1.196752681,2.4e-108,3.79e-108,DSLFC04101__metabat2_low_PE_048_contigs,Bacteria,Firmicutes_A,Clostridia,Christensenellales,CAG-74,
28.42205048,0.803873553,8e-274,7.17e-273,DSLFC04101__metabat2_low_PE_049_contigs,Bacteria,Firmicutes_A,Clostridia,Oscillospirales,Oscillospiraceae,CAG-110
29.03068487,0.932609943,9.93e-213,5.52e-212,DSLFC04102__maxbin2_low_prob_041_contigs,Bacteria,Firmicutes_A,Clostridia,Oscillospirales,Oscillospiraceae,CAG-110
29.08888003,0.707287782,0.0,0.0,DSLFC04102__metabat2_high_PE_002_contigs,Bacteria,Firmicutes_A,Clostridia,Oscillospirales,Ruminococcaceae,Gemmiger
27.47064367,0.716015368,0.0,0.0,DSLFC04102__metabat2_high_PE_037_contigs,Bacteria,Firmicutes_A,Clostridia,Oscillospirales,Ruminococcaceae,Fournierella
26.79621261,0.833254636,6.72e-227,4.11e-226,DSLFC04102__metabat2_low_PE_004_contigs,Bacteria,Firmicutes_A,Clostridia,Christensenellales,CAG-74,
27.00945933,0.830735473,7.05e-232,4.49e-231,DSLFC04102__metabat2_low_PE_028_contigs,Bacteria,Firmicutes_A,Clostridia,Oscillospirales,Oscillospiraceae,UBA9475
28.60056779,0.660502685,0.0,0.0,DSLFC04102__metabat2_low_PE_037_contigs,Bacteria,Firmicutes_A,Clostridia,Oscillospirales,Oscillospiraceae,
30.0,1.766695533,1.14e-64,1.4e-64,DSLFD04101__metabat2_high_PE_003_contigs,Bacteria,Firmicutes,Bacilli,Lactobacillales,Lactobacillaceae,Lactobacillus_H
25.10330686,0.935809402,1.64e-158,4.75e-158,DSLFI04101__metabat2_low_PE_004_contigs,Bacteria,Firmicutes_A,Clostridia,Oscillospirales,Butyricicoccaceae,Agathobaculum
24.85980233,1.062317903,4.13e-121,7.38e-121,DSLFR04102__maxbin2_low_prob_027_contigs,Bacteria,Bacteroidota,Bacteroidia,Bacteroidales,Rikenellaceae,Tidjanibacter
26.09982399,0.994892135,1.09e-151,2.87e-151,DSLFR04102__metabat2_low_PE_033_contigs,Bacteria,Firmicutes_A,Clostridia,Christensenellales,CAG-74,
28.17847308,0.735031036,0.0,0.0,DSLMC04102__metabat2_low_PE_001_contigs,Bacteria,Firmicutes_A,Clostridia,TANB77,CAG-508,UBA7001
26.93255863,1.595801671,6.63e-64,8.1e-64,DSLMC04102__metabat2_low_PE_041_contigs,Bacteria,Actinobacteriota,Coriobacteriia,Coriobacteriales,Eggerthellaceae,Rubneribacter
27.55695428,0.70268073,0.0,0.0,DSLMC04103__metabat2_high_PE_018_contigs,Bacteria,Firmicutes_A,Clostridia,Lachnospirales,Lachnospiraceae,Blautia_A
6.904180042,0.590362444,1.35e-31,1.51e-31,DSLMC04103__metabat2_high_PE_037_contigs,Bacteria,Firmicutes_A,Clostridia,Oscillospirales,Oscillospiraceae,Ruminiclostridium_C
28.12795709,1.028368716,1.02e-164,3.12e-164,DSLMC04103__metabat2_high_PE_040_contigs,Bacteria,Firmicutes_A,Clostridia,Oscillospirales,Oscillospiraceae,CAG-110
27.75523378,0.976432139,9.89e-178,3.51e-177,DSLMC04103__metabat2_low_PE_013_contigs,Bacteria,Firmicutes_A,Clostridia,Lachnospirales,Lachnospiraceae,Eubacterium_E
27.88771865,1.359099112,1.45e-93,2.07e-93,DSTFC04002__metabat2_high_PE_021_contigs,Bacteria,Firmicutes_A,Clostridia,Lachnospirales,Lachnospiraceae,
27.71111742,0.738253576,0.0,0.0,DSTFC04002__metabat2_high_PE_043_contigs,Bacteria,Firmicutes_A,Clostridia,Lachnospirales,Lachnospiraceae,UBA2856
0.144616686,0.715293302,0.839777444,0.839777444,DSTFI04002__maxbin2_high_prob_004_contigs,Bacteria,Proteobacteria,Gammaproteobacteria,Pseudomonadales,Pseudomonadaceae,Pseudomonas_E
30.0,1.137766966,3.24e-153,8.68e-153,DSTFI04003__metabat2_high_PE_012_contigs,Bacteria,Firmicutes,Bacilli,Lactobacillales,Lactobacillaceae,Lactobacillus_H
27.15564607,0.962222458,3.16e-175,1.1e-174,DSTMC04003__maxbin2_low_prob_011_contigs,Bacteria,Firmicutes_A,Clostridia,Oscillospirales,Acutalibacteraceae,CAG-180
27.71939159,1.31035915,2.53e-99,3.76e-99,DSTMC04003__metabat2_high_PE_016_contigs,Bacteria,Firmicutes_A,Clostridia,Lachnospirales,Lachnospiraceae,Dorea
29.11539113,0.835999786,9.48e-266,8.19e-265,DSTMC04003__metabat2_high_PE_023_contigs,Bacteria,Firmicutes_A,Clostridia,Lachnospirales,Lachnospiraceae,Fusicatenibacter
27.78187744,1.526058972,4.71e-74,6.08e-74,DSTMC04003__metabat2_high_PE_041_contigs,Bacteria,Firmicutes_A,Clostridia,Lachnospirales,Lachnospiraceae,Faecalicatena
26.12872495,0.94966388,1.21e-166,3.75e-166,DSTMC04003__metabat2_low_PE_033_contigs,Bacteria,Firmicutes_A,Clostridia,Oscillospirales,Ruminococcaceae,Ruthenibacterium
26.2709578,0.851709699,6.54e-209,3.46e-208,DSTMC04003__metabat2_low_PE_048_contigs,Bacteria,Firmicutes_A,Clostridia,Christensenellales,CAG-74,
30.0,1.296527659,1.89e-118,3.26e-118,DSTMI04001__maxbin2_low_prob_005_contigs,Bacteria,Actinobacteriota,Actinobacteria,Mycobacteriales,Mycobacteriaceae,Corynebacterium
30.0,0.925827049,2.45e-230,1.55e-229,DSTMR04002__maxbin2_high_prob_021_contigs,Bacteria,Firmicutes_A,Clostridia,Oscillospirales,Acutalibacteraceae,UBA4871
30.0,0.795193492,0.0,0.0,DSTMR04002__maxbin2_low_prob_029_contigs,Bacteria,Actinobacteriota,Actinobacteria,Actinomycetales,Bifidobacteriaceae,Bifidobacterium
30.0,1.609112812,1.42e-77,1.88e-77,DSTMR04002__maxbin2_low_prob_037_contigs,Bacteria,Firmicutes_A,Clostridia,Lachnospirales,Lachnospiraceae,Anaerostipes
29.99090727,1.405603882,5.19e-101,7.79e-101,DSTMR04002__metabat2_high_PE_016_contigs,Bacteria,Firmicutes_A,Clostridia,Lachnospirales,Lachnospiraceae,
30.0,1.356385417,2.14e-108,3.39e-108,DSTMR04002__metabat2_high_PE_019_contigs,Bacteria,Firmicutes,Bacilli,Lactobacillales,Lactobacillaceae,Lactobacillus_B
25.46904407,1.063511187,9.68e-127,1.86e-126,DSTMR04002__metabat2_high_PE_025_contigs,Bacteria,Bacteroidota,Bacteroidia,Bacteroidales,Rikenellaceae,Alistipes
28.16077893,1.453649098,1.32e-83,1.79e-83,DSTMR04002__metabat2_high_PE_036_contigs,Bacteria,Firmicutes_A,Clostridia,Oscillospirales,Acutalibacteraceae,Acutalibacter
29.12253011,1.197444277,1.19e-130,2.41e-130,DSTMR04002__metabat2_high_PE_039_contigs,Bacteria,Firmicutes_A,Clostridia,Oscillospirales,Ruminococcaceae,Gemmiger
28.40181528,0.70077787,0.0,0.0,DSTMR04002__metabat2_high_PE_045_contigs,Bacteria,Firmicutes_A,Clostridia,Oscillospirales,Acutalibacteraceae,Anaeromassilibacillus
30.0,1.007393778,7.13e-195,3.21e-194,DSTMR04002__metabat2_low_PE_040_contigs,Bacteria,Firmicutes_A,Clostridia,Oscillospirales,Acutalibacteraceae,Acutalibacter
26.18833007,0.895240698,4.13e-188,1.66e-187,Dunbar_p2__metabat2_high_PE_041_contigs,Bacteria,Actinobacteriota,Actinobacteria,Actinomycetales,Bifidobacteriaceae,Bifidobacterium
28.98664311,1.151172325,6.62e-140,1.53e-139,Ed_p1__metabat2_low_PE_004_contigs,Bacteria,Bacteroidota,Bacteroidia,Bacteroidales,Muribaculaceae,CAG-279
24.50267241,1.551643525,3.56e-56,4.21e-56,Elaine_p2__metabat2_high_PE_037_contigs,Bacteria,Firmicutes_A,Clostridia,Lachnospirales,Anaerotignaceae,Anaerotignum
25.47844869,1.063186886,6.57e-127,1.27e-126,Elaine_p2__metabat2_low_PE_007_contigs,Bacteria,Firmicutes_A,Clostridia,Lachnospirales,Lachnospiraceae,Blautia_A
12.63855357,0.717636197,2.02e-69,2.53e-69,Escalade_p1__maxbin2_low_prob_011_contigs,Bacteria,Bacteroidota,Bacteroidia,Bacteroidales,Bacteroidaceae,Prevotella
25.91556594,1.008596098,1.34e-145,3.32e-145,Escalade_p2__maxbin2_low_prob_018_contigs,Bacteria,Proteobacteria,Gammaproteobacteria,Burkholderiales,Burkholderiaceae,Sutterella
30.0,1.413753151,6.23e-100,9.28e-100,F241_Great_Cormorant__maxbin2_low_prob_005_contigs,Bacteria,Firmicutes,Bacilli,Lactobacillales,Lactobacillaceae,Lactobacillus_B
27.44058574,0.774022099,2.71e-275,2.45e-274,F42_Fallow_Deer__metabat2_low_PE_003_contigs,Bacteria,Firmicutes_A,Clostridia,Lachnospirales,Lachnospiraceae,Acetatifactor
5.646355614,1.007333114,2.08e-08,2.19e-08,Faulkner_p2__maxbin2_high_prob_012_contigs,Bacteria,Proteobacteria,Gammaproteobacteria,Burkholderiales,Burkholderiaceae,Sutterella
30.0,1.059212064,1.8e-176,6.32e-176,Flurry_p1__metabat2_high_PE_018_contigs,Bacteria,Bacteroidota,Bacteroidia,Bacteroidales,Bacteroidaceae,Bacteroides_A
29.55453187,0.633364068,0.0,0.0,Freddie_p2__metabat2_low_PE_029_contigs,Bacteria,Firmicutes_A,Clostridia,Lachnospirales,Lachnospiraceae,Clostridium_M
26.68784644,0.866415944,2.42e-208,1.26e-207,Garnier_p1__metabat2_high_PE_021_contigs,Bacteria,Firmicutes_A,Clostridia,Lachnospirales,Lachnospiraceae,Roseburia
25.22052116,1.358077717,5.54e-77,7.3e-77,Garnier_p2__metabat2_high_PE_025_contigs,Bacteria,Bacteroidota,Bacteroidia,Bacteroidales,Bacteroidaceae,Prevotellamassilia
23.90713832,1.41843006,9.7e-64,1.18e-63,Garnier_p2__metabat2_high_PE_037_contigs,Bacteria,Proteobacteria,Gammaproteobacteria,Enterobacterales,Succinivibrionaceae,Anaerobiospirillum
26.4471933,1.147710798,1.71e-117,2.91e-117,Garnier_p2__metabat2_low_PE_022_contigs,Bacteria,Firmicutes_C,Negativicutes,Selenomonadales,Selenomonadaceae,Megamonas
25.81952215,1.29845011,5.5e-88,7.61e-88,Garth_p2__metabat2_low_PE_031_contigs,Bacteria,Firmicutes_C,Negativicutes,Acidaminococcales,Acidaminococcaceae,Phascolarctobacterium_A
30.0,0.691636672,0.0,0.0,Garth_p2__metabat2_low_PE_037_contigs,Bacteria,Firmicutes_A,Clostridia,Lachnospirales,Lachnospiraceae,Blautia_A
8.3963242,0.706793794,1.51e-32,1.69e-32,Glacier_p2__maxbin2_low_prob_007_contigs,Bacteria,Firmicutes_A,Clostridia,Oscillospirales,Ruminococcaceae,Faecalibacterium
29.27395117,1.201537362,4.15e-131,8.51e-131,Gold_p2__metabat2_low_PE_010_contigs,Bacteria,Proteobacteria,Gammaproteobacteria,Enterobacterales,Succinivibrionaceae,Succinivibrio
25.55195559,1.009877645,3.03e-141,7.14e-141,HBJMC02800__metabat2_high_PE_027_contigs,Bacteria,Firmicutes_A,Clostridia,Oscillospirales,Oscillospiraceae,UBA5446
26.7453219,0.961305163,2.36e-170,7.65e-170,HHCFC01400__metabat2_high_PE_014_contigs,Bacteria,Firmicutes_A,Clostridia,Lachnospirales,Lachnospiraceae,UBA7160
27.84280535,1.214574798,2.68e-116,4.48e-116,HHCFC01400__metabat2_high_PE_022_contigs,Bacteria,Firmicutes_A,Clostridia,Oscillospirales,Acutalibacteraceae,CAG-180
28.12195424,0.707763534,0.0,0.0,HHCFC01400__metabat2_high_PE_029_contigs,Bacteria,Firmicutes_A,Clostridia,Oscillospirales,Ruminococcaceae,Faecalibacterium
2.510103758,1.096037479,0.022011908,0.022335273,HHCFC01400__metabat2_high_PE_058_contigs,Bacteria,Actinobacteriota,Coriobacteriia,Coriobacteriales,Eggerthellaceae,Raoultibacter
2.893005965,1.175005454,0.013811794,0.014073767,HHCFC01400__metabat2_low_PE_042_contigs,Bacteria,Actinobacteriota,Coriobacteriia,Coriobacteriales,Eggerthellaceae,Gordonibacter
28.07088735,1.471459702,3.93e-81,5.3e-81,HHCFC02800__metabat2_high_PE_058_contigs,Bacteria,Firmicutes_A,Clostridia,Lachnospirales,Lachnospiraceae,Faecalicatena
28.90763731,1.43912877,9.61e-90,1.35e-89,HHCFJ05602__maxbin2_low_prob_015_contigs,Bacteria,Firmicutes,Bacilli,Lactobacillales,Lactobacillaceae,Lactobacillus
27.17657759,1.556151427,2.7e-68,3.38e-68,HHCFJ05602__metabat2_low_PE_014_contigs,Bacteria,Firmicutes,Bacilli,Lactobacillales,Lactobacillaceae,Lactobacillus_B
30.0,1.33238363,2.89e-112,4.7e-112,HHCFJ05603__metabat2_high_PE_022_contigs,Bacteria,Firmicutes,Bacilli,Lactobacillales,Lactobacillaceae,Lactobacillus_B
27.15948941,1.097658608,3.68e-135,7.96e-135,HHCFR02800__metabat2_high_PE_013_contigs,Bacteria,Firmicutes_A,Clostridia,Oscillospirales,Oscillospiraceae,CAG-110
5.394223598,1.060275255,3.63e-07,3.81e-07,HHCFR02800__metabat2_high_PE_019_contigs,Bacteria,Firmicutes_A,Clostridia,Oscillospirales,Oscillospiraceae,UBA5446
25.39519544,1.681025637,1.46e-51,1.68e-51,HHCFR02800__metabat2_high_PE_036_contigs,Bacteria,Firmicutes_A,Clostridia,Oscillospirales,Acutalibacteraceae,Eubacterium_R
30.0,1.169006753,3.04e-145,7.45e-145,HHCFR02800__metabat2_low_PE_073_contigs,Bacteria,Bacteroidota,Bacteroidia,Bacteroidales,Rikenellaceae,Alistipes
30.0,1.739740612,1.24e-66,1.54e-66,HHCFR05603__metabat2_high_PE_041_contigs,Bacteria,Firmicutes_A,Clostridia,Lachnospirales,Lachnospiraceae,Faecalicatena
29.51183942,1.205931247,2.92e-132,6.16e-132,HHCFR05603__metabat2_low_PE_033_contigs,Bacteria,Firmicutes_A,Clostridia,Lachnospirales,Lachnospiraceae,UBA7182
24.8740785,0.719885501,1.29e-261,1.08e-260,Juniper_p1__metabat2_low_PE_029_contigs,Bacteria,Bacteroidota,Bacteroidia,Bacteroidales,Bacteroidaceae,Bacteroides_A
28.74723329,0.944384201,1.62e-203,7.93e-203,Kenny_p2__metabat2_high_PE_004_contigs,Bacteria,Bacteroidota,Bacteroidia,Bacteroidales,Bacteroidaceae,Bacteroides
12.0259037,0.516822815,9.16e-120,1.61e-119,Kit_p2__metabat2_high_PE_005_contigs,Bacteria,Firmicutes_A,Clostridia,Lachnospirales,Lachnospiraceae,CAG-81
28.62839313,0.818186142,3.19e-268,2.77e-267,Kit_p2__metabat2_high_PE_020_contigs,Bacteria,Firmicutes_A,Clostridia,Lachnospirales,Lachnospiraceae,UBA9502
29.00950062,1.041130804,7.4e-171,2.43e-170,Kit_p2__metabat2_high_PE_038_contigs,Bacteria,Firmicutes_A,Clostridia,Lachnospirales,Lachnospiraceae,Clostridium_Q
27.98788205,1.145726722,8.61e-132,1.79e-131,LBJMC04200__metabat2_high_PE_003_contigs,Bacteria,Firmicutes_A,Clostridia,Oscillospirales,Ruminococcaceae,Negativibacillus
23.19466355,1.477939085,1.66e-55,1.96e-55,LBJMC04200__metabat2_low_PE_012_contigs,Bacteria,Firmicutes_A,Clostridia,Christensenellales,CAG-74,
10.24899247,0.479629519,2.62e-101,3.94e-101,LBJMC04200__metabat2_low_PE_022_contigs,Bacteria,Firmicutes_A,Clostridia,Lachnospirales,Lachnospiraceae,Blautia_A
27.29933879,0.996694639,3.62e-165,1.12e-164,LBJMC04202__metabat2_high_PE_010_contigs,Bacteria,Firmicutes_A,Clostridia,Oscillospirales,Acutalibacteraceae,Acutalibacter
24.43918208,1.192862579,2.76e-93,3.94e-93,LBJMC04202__metabat2_low_PE_018_contigs,Bacteria,Desulfobacterota_A,Desulfovibrionia,Desulfovibrionales,Desulfovibrionaceae,Mailhella
-4.090752802,1.372253733,0.002872647,0.002945758,LBJMI02800__metabat2_high_PE_016_contigs,Bacteria,Proteobacteria,Alphaproteobacteria,Rhizobiales,Rhizobiaceae,Ochrobactrum_A
30.0,1.40294522,1.9e-101,2.86e-101,LBJMJ02800__metabat2_high_PE_018_contigs,Bacteria,Firmicutes,Bacilli,Lactobacillales,Lactobacillaceae,Lactobacillus_B
27.50736188,0.766535709,5.18e-282,4.82e-281,LBJMR02800__maxbin2_low_prob_028_contigs,Bacteria,Firmicutes_A,Clostridia,Lachnospirales,Lachnospiraceae,Faecalicatena
26.91013792,0.733422595,1.01e-294,1.08e-293,LBJMR02800__metabat2_high_PE_018_contigs,Bacteria,Firmicutes_A,Clostridia,Oscillospirales,Oscillospiraceae,
28.09474816,0.772175242,7.65e-290,7.79e-289,LBJMR02800__metabat2_high_PE_031_contigs,Bacteria,Firmicutes_A,Clostridia,Oscillospirales,Oscillospiraceae,
9.575064149,0.562267835,4.97e-65,6.13e-65,LBJMR02800__metabat2_low_PE_006_contigs,Bacteria,Firmicutes_A,Clostridia,Oscillospirales,Oscillospiraceae,
27.79397984,0.707998589,0.0,0.0,LBJMR02800__metabat2_low_PE_023_contigs,Bacteria,Firmicutes_A,Clostridia,Oscillospirales,Oscillospiraceae,
27.57471238,0.89536299,2.85e-208,1.48e-207,LBJMR02800__metabat2_low_PE_051_contigs,Bacteria,Bacteroidota,Bacteroidia,Bacteroidales,Rikenellaceae,Alistipes
25.90298167,1.195452228,4.12e-104,6.31e-104,LBJMR02800__metabat2_low_PE_053_contigs,Bacteria,Firmicutes_A,Clostridia,Oscillospirales,Ruminococcaceae,Anaerotruncus
25.39747873,1.578207408,2.87e-58,3.43e-58,LHCFC01400__metabat2_low_PE_025_contigs,Bacteria,Firmicutes_A,Clostridia,Christensenellales,CAG-74,
27.99623475,0.918958008,7.54e-204,3.72e-203,LHCFC01400__metabat2_low_PE_055_contigs,Bacteria,Firmicutes_A,Clostridia,Oscillospirales,Oscillospiraceae,CAG-110
29.70886261,0.802464218,5.06e-300,5.63e-299,LHCFC04200__maxbin2_low_prob_010_contigs,Bacteria,Bacteroidota,Bacteroidia,Bacteroidales,Rikenellaceae,Tidjanibacter
9.52409583,0.556257686,1.02e-65,1.27e-65,LHCFC04200__metabat2_high_PE_045_contigs,Bacteria,Firmicutes_A,Clostridia,Oscillospirales,Ruminococcaceae,Gemmiger
30.0,0.609430219,0.0,0.0,LHCFC04200__metabat2_low_PE_042_contigs,Bacteria,Firmicutes_A,Clostridia,Oscillospirales,Oscillospiraceae,
29.3581541,0.593701656,0.0,0.0,LHCFR01400__maxbin2_low_prob_037_contigs,Bacteria,Firmicutes_A,Clostridia,Oscillospirales,Ruminococcaceae,Gemmiger
30.0,0.995269595,1.34e-199,6.36e-199,LHCFR01400__metabat2_high_PE_023_contigs,Bacteria,Firmicutes,Bacilli,Lactobacillales,Lactobacillaceae,Lactobacillus
26.08825959,1.498320309,6.73e-68,8.41e-68,LHCFR01400__metabat2_low_PE_032_contigs,Bacteria,Firmicutes_A,Clostridia,Oscillospirales,Butyricicoccaceae,Butyricicoccus
11.65391146,0.480151586,3.94e-130,7.93e-130,LHCFR02800__metabat2_low_PE_042_contigs,Bacteria,Firmicutes_A,Clostridia,Oscillospirales,Oscillospiraceae,Oscillibacter
30.0,1.260910147,4.01e-125,7.59e-125,Magnolia_p2__maxbin2_low_prob_021_contigs,Bacteria,Proteobacteria,Gammaproteobacteria,Enterobacterales,Succinivibrionaceae,Anaerobiospirillum
29.29966289,0.742478449,0.0,0.0,MBJMJ04200__maxbin2_low_prob_020_contigs,Bacteria,Firmicutes,Bacilli,Lactobacillales,Enterococcaceae,Enterococcus_E
27.53950657,1.376618833,4.96e-89,6.92e-89,MHCFC02800__metabat2_high_PE_048_contigs,Bacteria,Bacteroidota,Bacteroidia,Bacteroidales,Rikenellaceae,Alistipes_A
27.14857847,0.90544355,1.6e-197,7.47e-197,MHCFC02800__metabat2_low_PE_014_contigs,Bacteria,Firmicutes_A,Clostridia,Christensenellales,CAG-74,
-9.802906121,0.487350638,5.49e-90,7.73e-90,MHCFD02800__metabat2_low_PE_007_contigs,Bacteria,Proteobacteria,Gammaproteobacteria,Burkholderiales,Burkholderiaceae,Aquabacterium
26.44159223,1.325263903,1.44e-88,2e-88,MHCFR00700__metabat2_low_PE_034_contigs,Bacteria,Firmicutes_A,Clostridia,Lachnospirales,Lachnospiraceae,Faecalicatena
28.84767444,0.647879967,0.0,0.0,MHCFR00700__metabat2_low_PE_037_contigs,Bacteria,Firmicutes_A,Clostridia,Oscillospirales,Ruminococcaceae,Gemmiger
25.87180691,0.870899531,6.24e-194,2.75e-193,MHCFR04200__metabat2_high_PE_011_contigs,Bacteria,Firmicutes_A,Clostridia,Oscillospirales,Ruminococcaceae,Faecalibacterium
27.16862632,1.418509975,9.15e-82,1.24e-81,MHCFR04200__metabat2_high_PE_065_contigs,Bacteria,Firmicutes_A,Clostridia,Oscillospirales,Oscillospiraceae,UBA5446
27.45774366,0.981424579,3.06e-172,1.03e-171,MHCFR04200__metabat2_low_PE_027_contigs,Bacteria,Firmicutes_A,Clostridia,Christensenellales,CAG-74,
30.0,1.289946061,1.21e-119,2.14e-119,MHCFR05601__maxbin2_low_prob_004_contigs,Bacteria,Firmicutes,Bacilli,Lactobacillales,Lactobacillaceae,Lactobacillus_B
24.6018373,1.576243759,6.43e-55,7.54e-55,MHCFR05601__maxbin2_low_prob_006_contigs,Bacteria,Firmicutes_A,Clostridia,Christensenellales,CAG-74,
27.40276539,1.094069284,1.9e-138,4.33e-138,MHCFR05601__metabat2_high_PE_003_contigs,Bacteria,Firmicutes_A,Clostridia,Lachnospirales,Lachnospiraceae,Lachnoclostridium_A
29.57962101,0.861618425,2.77e-258,2.22e-257,MHCFR05601__metabat2_high_PE_011_contigs,Bacteria,Firmicutes_A,Clostridia,Oscillospirales,Ruminococcaceae,Gemmiger
28.33764173,1.283678305,5.45e-108,8.59e-108,MHCFR05601__metabat2_high_PE_026_contigs,Bacteria,Firmicutes_A,Clostridia,Lachnospirales,Lachnospiraceae,Ruminococcus_G
6.470382343,0.988731035,5.98e-11,6.39e-11,MHCFR05601__metabat2_high_PE_031_contigs,Bacteria,Desulfobacterota_A,Desulfovibrionia,Desulfovibrionales,Desulfovibrionaceae,Desulfovibrio
6.267732677,1.008219511,5.08e-10,5.42e-10,MHCFR05601__metabat2_low_PE_030_contigs,Bacteria,Firmicutes_A,Clostridia,Christensenellales,CAG-74,OEMS01
8.770213085,0.684135376,1.28e-37,1.43e-37,MJGMD1__maxbin2_high_prob_001_contigs,Bacteria,Proteobacteria,Gammaproteobacteria,Enterobacterales,Enterobacteriaceae,Escherichia
9.572831622,0.486068239,2.41e-86,3.32e-86,MJGMD1__maxbin2_high_prob_004_contigs,Bacteria,Bacteroidota,Bacteroidia,Bacteroidales,Bacteroidaceae,Bacteroides
11.30181268,0.485510235,7.37e-120,1.3e-119,MJGMD1__metabat2_low_PE_006_contigs,Bacteria,Firmicutes_A,Clostridia,Oscillospirales,Oscillospiraceae,Flavonifractor
26.90689762,0.988902629,5.1e-163,1.53e-162,MJGMD1__metabat2_low_PE_010_contigs,Bacteria,Bacteroidota,Bacteroidia,Bacteroidales,Tannerellaceae,Parabacteroides
27.68508513,1.000411759,1.45e-168,4.59e-168,MJGMD1__metabat2_low_PE_014_contigs,Bacteria,Firmicutes,Bacilli,Lactobacillales,Streptococcaceae,Streptococcus
10.83308953,0.4372738,1.7e-135,3.72e-135,MJGMH1__maxbin2_low_prob_007_contigs,Bacteria,Firmicutes_A,Clostridia,Oscillospirales,Butyricicoccaceae,Butyricicoccus
11.02658229,0.374082976,5.8e-191,2.45e-190,MJGMH1__maxbin2_low_prob_015_contigs,Bacteria,Firmicutes_A,Clostridia,Lachnospirales,Lachnospiraceae,Clostridium_Q
30.0,0.640577597,0.0,0.0,MJGMH1__metabat2_high_PE_009_contigs,Bacteria,Firmicutes_A,Clostridia,Lachnospirales,Lachnospiraceae,Tyzzerella
27.74537651,0.651946592,0.0,0.0,MJGMH1__metabat2_high_PE_019_contigs,Bacteria,Bacteroidota,Bacteroidia,Bacteroidales,Bacteroidaceae,Bacteroides
24.36652113,1.394211925,2.15e-68,2.69e-68,MJGMH2__maxbin2_high_prob_002_contigs,Bacteria,Firmicutes_A,Clostridia,Clostridiales,Clostridiaceae,Clostridium
7.211935751,1.242192524,6.41e-09,6.77e-09,MJGMH2__maxbin2_low_prob_020_contigs,Bacteria,Proteobacteria,Gammaproteobacteria,Enterobacterales,Enterobacteriaceae,Morganella
12.06893758,0.487399727,2.31e-135,5.03e-135,MJGMH2__maxbin2_low_prob_021_contigs,Bacteria,Bacteroidota,Bacteroidia,Bacteroidales,Bacteroidaceae,Bacteroides
27.42320377,0.730851543,0.0,0.0,Mya_p2__maxbin2_low_prob_016_contigs,Bacteria,Firmicutes_A,Clostridia,Oscillospirales,Oscillospiraceae,CAG-110
30.0,1.998393541,6.12e-51,7.04e-51,N__albigula_665_foregut__metabat2_high_PE_001_contigs,Bacteria,Firmicutes_A,Clostridia,Lachnospirales,Lachnospiraceae,UBA7050
26.57672952,1.853419991,1.24e-46,1.41e-46,N__stephensi_703_cecum__metabat2_low_PE_008_contigs,Bacteria,Firmicutes_A,Clostridia,Lachnospirales,Lachnospiraceae,NK4A136
29.22355355,1.834249796,3.79e-57,4.5e-57,N__stephensi_708_cecum__metabat2_low_PE_003_contigs,Bacteria,Firmicutes_A,Clostridia,Lachnospirales,Lachnospiraceae,
28.59724122,1.855648465,1.38e-53,1.6e-53,N__stephensi_708_cecum__metabat2_low_PE_007_contigs,Bacteria,Firmicutes_A,Clostridia,Lachnospirales,Lachnospiraceae,Agathobacter
25.7280885,1.044236751,4.93e-134,1.06e-133,N__stephensi_708_cecum__metabat2_low_PE_009_contigs,Bacteria,Firmicutes,Bacilli,RF39,CAG-611,UBA3789
28.67435718,1.749144078,2.13e-60,2.57e-60,N__stephensi_709_cecum__metabat2_low_PE_006_contigs,Bacteria,Firmicutes_A,Clostridia,Lachnospirales,Lachnospiraceae,
30.0,1.868398971,5.15e-58,6.14e-58,N__stephensi_709_foregut__metabat2_high_PE_003_contigs,Bacteria,Firmicutes_A,Clostridia,Lachnospirales,Lachnospiraceae,Acetatifactor
27.65423261,1.649624465,4.48e-63,5.45e-63,N__stephensi_709_foregut__metabat2_low_PE_005_contigs,Bacteria,Bacteroidota,Bacteroidia,Bacteroidales,Muribaculaceae,CAG-873
29.41153537,1.340461614,1.05e-106,1.64e-106,N__stephensi_709_foregut__metabat2_low_PE_012_contigs,Bacteria,Firmicutes_A,Clostridia,Lachnospirales,Lachnospiraceae,UBA2882
30.0,1.005492143,1.33e-195,6.03e-195,N__stephensi_711_cecum__metabat2_high_PE_008_contigs,Bacteria,Firmicutes_A,Clostridia,Lachnospirales,Lachnospiraceae,Acetatifactor
26.67851685,1.038510399,1.54e-145,3.81e-145,NBJMC04201__maxbin2_low_prob_026_contigs,Bacteria,Bacteroidota,Bacteroidia,Bacteroidales,Rikenellaceae,Alistipes
29.78317216,0.875436861,1.09e-253,8.19e-253,NBJMC04201__maxbin2_low_prob_028_contigs,Bacteria,Bacteroidota,Bacteroidia,Bacteroidales,Rikenellaceae,Alistipes
27.45919703,0.792283426,3.35e-263,2.84e-262,NBJMC04201__metabat2_high_PE_001_contigs,Bacteria,Firmicutes,Bacilli,RF39,CAG-822,CAG-878
28.05312492,0.732287863,0.0,0.0,NBJMC04201__metabat2_high_PE_018_contigs,Bacteria,Firmicutes_A,Clostridia,Oscillospirales,Ruminococcaceae,Gemmiger
25.25343605,1.365587512,2.36e-76,3.1e-76,NBJMC04201__metabat2_high_PE_023_contigs,Bacteria,Firmicutes_B,Dehalobacteriia,UBA7702,UBA7702,
9.054600862,0.745001437,5.48e-34,6.12e-34,NBJMC04201__metabat2_low_PE_012_contigs,Bacteria,Bacteroidota,Bacteroidia,Bacteroidales,Bacteroidaceae,Bacteroides
26.82063832,1.235006452,1.42e-104,2.19e-104,NBJMC04201__metabat2_low_PE_017_contigs,Bacteria,Firmicutes_A,Clostridia,Christensenellales,CAG-74,
27.70234724,1.034467026,5.62e-158,1.61e-157,NBJMC04202__maxbin2_low_prob_008_contigs,Bacteria,Firmicutes_A,Clostridia,Oscillospirales,Ruminococcaceae,Fournierella
29.29171687,0.962508071,2.03e-203,9.91e-203,NBJMC04202__metabat2_high_PE_053_contigs,Bacteria,Firmicutes_A,Clostridia,Lachnospirales,Lachnospiraceae,Eisenbergiella
28.51654592,1.241789332,1.07e-116,1.78e-116,NBJMC04202__metabat2_low_PE_039_contigs,Bacteria,Firmicutes_A,Clostridia,Oscillospirales,Butyricicoccaceae,Butyricicoccus
30.0,0.900417311,2.13e-243,1.46e-242,NBJMC04203__maxbin2_low_prob_004_contigs,Bacteria,Firmicutes_C,Negativicutes,Selenomonadales,Selenomonadaceae,Megamonas
27.76276216,0.700285747,0.0,0.0,NBJMR02800__maxbin2_low_prob_015_contigs,Bacteria,Bacteroidota,Bacteroidia,Bacteroidales,Barnesiellaceae,Barnesiella
27.46247407,1.484030163,1.87e-76,2.46e-76,NBJMR02800__metabat2_high_PE_022_contigs,Bacteria,Desulfobacterota_A,Desulfovibrionia,Desulfovibrionales,Desulfovibrionaceae,Bilophila
28.2162455,0.940228967,7.27e-198,3.43e-197,NBJMR02800__metabat2_high_PE_027_contigs,Bacteria,Firmicutes_A,Clostridia,Oscillospirales,Butyricicoccaceae,Agathobaculum
30.0,0.592461718,0.0,0.0,NBJMR02800__metabat2_high_PE_046_contigs,Bacteria,Firmicutes_A,Clostridia,Oscillospirales,Oscillospiraceae,Flavonifractor
30.0,0.566974633,0.0,0.0,NBJMR02800__metabat2_low_PE_003_contigs,Bacteria,Firmicutes_A,Clostridia,Oscillospirales,Oscillospiraceae,Lawsonibacter
27.92675743,1.176939767,1.84e-124,3.47e-124,NBJMR02800__metabat2_low_PE_040_contigs,Bacteria,Firmicutes_A,Clostridia,Lachnospirales,Lachnospiraceae,Lachnoclostridium_A
30.0,1.043137326,6.91e-182,2.57e-181,NBJMR02800__metabat2_low_PE_044_contigs,Bacteria,Firmicutes_A,Clostridia,Oscillospirales,Ruminococcaceae,Faecalibacterium
27.67156818,1.020142475,4.97e-162,1.49e-161,NHCFC00100__metabat2_high_PE_013_contigs,Bacteria,Firmicutes,Bacilli,Lactobacillales,Enterococcaceae,Enterococcus_A
8.250218983,0.681333633,9.47e-34,1.06e-33,NHCFC00100__metabat2_low_PE_019_contigs,Bacteria,Firmicutes_A,Clostridia,Lachnospirales,Lachnospiraceae,Blautia
27.7606272,1.092763347,2.27e-142,5.44e-142,NHCFC04200__maxbin2_high_prob_014_contigs,Bacteria,Bacteroidota,Bacteroidia,Bacteroidales,Rikenellaceae,Alistipes
27.66010129,0.829815087,1.29e-243,8.92e-243,NHCFC04200__metabat2_high_PE_075_contigs,Bacteria,Firmicutes_A,Clostridia,Oscillospirales,Oscillospiraceae,UBA1777
27.63550037,1.178911194,1.61e-121,2.9e-121,NHCFC04200__metabat2_low_PE_026_contigs,Bacteria,Actinobacteriota,Coriobacteriia,Coriobacteriales,Coriobacteriaceae,Enorma
24.43717548,1.165942432,1.55e-97,2.26e-97,NHCFC04200__metabat2_low_PE_055_contigs,Bacteria,Desulfobacterota_A,Desulfovibrionia,Desulfovibrionales,Desulfovibrionaceae,Desulfovibrio
-5.268348698,0.525807113,1.25e-23,1.38e-23,NHCFD04200__maxbin2_low_prob_004_contigs,Bacteria,Proteobacteria,Alphaproteobacteria,Rhizobiales,Beijerinckiaceae,Methylobacterium
-3.930277991,1.104024768,0.000370919,0.000384024,NHCFD04200__metabat2_high_PE_015_contigs,Bacteria,Actinobacteriota,Actinobacteria,Actinomycetales,Dermatophilaceae,Dermacoccus
3.070084227,1.33004463,0.020984872,0.021315516,NHCFD04200__metabat2_high_PE_017_contigs,Bacteria,Actinobacteriota,Actinobacteria,Mycobacteriales,Mycobacteriaceae,Corynebacterium
1.122860284,1.293335417,0.385290578,0.387696138,NHCFD04200__metabat2_low_PE_020_contigs,Bacteria,Actinobacteriota,Actinobacteria,Actinomycetales,Dermabacteraceae,Brachybacterium
29.69299596,0.864459709,1.48e-258,1.2e-257,NHCFI00100__maxbin2_low_prob_004_contigs,Bacteria,Firmicutes,Bacilli,Lactobacillales,Lactobacillaceae,Weissella
24.01865129,1.464765059,1.99e-60,2.4e-60,NHCFI02800__metabat2_high_PE_010_contigs,Bacteria,Firmicutes_A,Clostridia,Oscillospirales,Ruminococcaceae,
-3.246569623,0.948986517,0.000623704,0.000643673,NHCFI05602__metabat2_high_PE_006_contigs,Bacteria,Actinobacteriota,Actinobacteria,Propionibacteriales,Propionibacteriaceae,Luteococcus
-3.769980308,1.01176977,0.000194446,0.000201748,NHCFJ02800__metabat2_high_PE_002_contigs,Bacteria,Actinobacteriota,Actinobacteria,Propionibacteriales,Propionibacteriaceae,Microlunatus_A
5.090375481,1.348430322,0.000159983,0.000166348,NHCFJ02800__metabat2_low_PE_015_contigs,Bacteria,Actinobacteriota,Actinobacteria,Actinomycetales,Dermabacteraceae,Brachybacterium
30.0,1.74019756,1.34e-66,1.67e-66,NHCFJ05603__metabat2_low_PE_001_contigs,Bacteria,Actinobacteriota,Actinobacteria,Mycobacteriales,Mycobacteriaceae,Corynebacterium
9.78403537,0.527881426,1.09e-76,1.43e-76,NHCFR00700__metabat2_high_PE_007_contigs,Bacteria,Firmicutes_A,Clostridia,Oscillospirales,Oscillospiraceae,
28.65816662,0.699550032,0.0,0.0,NHCFR00700__metabat2_high_PE_034_contigs,Bacteria,Firmicutes_A,Clostridia,Oscillospirales,Butyricicoccaceae,Butyricicoccus
27.11046296,0.930754634,1.62e-186,6.32e-186,NHCFR00700__metabat2_high_PE_054_contigs,Bacteria,Firmicutes_A,Clostridia,Oscillospirales,Ruminococcaceae,Anaerofilum
27.16703906,0.732628665,5.56e-301,6.26e-300,NHCFR00700__metabat2_high_PE_065_contigs,Bacteria,Firmicutes_A,Clostridia,Oscillospirales,Ruminococcaceae,Fournierella
27.82720698,0.864755914,3.44e-227,2.12e-226,NHCFR00700__metabat2_high_PE_066_contigs,Bacteria,Firmicutes_A,Clostridia,Oscillospirales,Acutalibacteraceae,UBA1417
28.66395299,0.606537355,0.0,0.0,NHCFR00700__metabat2_low_PE_032_contigs,Bacteria,Firmicutes_A,Clostridia,Oscillospirales,Oscillospiraceae,Flavonifractor
26.78539613,0.909622189,1.39e-190,5.78e-190,NHCFR01400__metabat2_high_PE_048_contigs,Bacteria,Firmicutes_A,Clostridia,Lachnospirales,Lachnospiraceae,Blautia
27.29783506,1.651654112,2.32e-61,2.82e-61,NHCFR01400__metabat2_high_PE_061_contigs,Bacteria,Firmicutes_A,Clostridia,Lachnospirales,Lachnospiraceae,Faecalicatena
29.10621199,0.91419557,1.93e-222,1.14e-221,NHCFR05603__maxbin2_high_prob_035_contigs,Bacteria,Firmicutes_A,Clostridia,Oscillospirales,Ruminococcaceae,Faecalibacterium
28.23937336,1.081498096,2.71e-150,6.99e-150,NHCFR05603__maxbin2_high_prob_044_contigs,Bacteria,Bacteroidota,Bacteroidia,Bacteroidales,Rikenellaceae,Alistipes
2.079741861,1.73846542,0.231575991,0.233507803,NHCFR05603__metabat2_high_PE_044_contigs,Bacteria,Firmicutes_A,Clostridia,Christensenellales,CAG-74,
29.20291284,0.747627366,0.0,0.0,NHCFR05603__metabat2_high_PE_050_contigs,Bacteria,Firmicutes_A,Clostridia,Oscillospirales,Oscillospiraceae,UBA9475
27.41051848,0.865565037,4.32e-220,2.5e-219,NHCFR05603__metabat2_low_PE_044_contigs,Bacteria,Firmicutes_A,Clostridia,Oscillospirales,Ruminococcaceae,Fournierella
30.0,0.926444886,4.94e-230,3.1e-229,Oklahoma_p2__metabat2_low_PE_026_contigs,Bacteria,Firmicutes_A,Clostridia,Oscillospirales,Ruminococcaceae,
24.05389036,1.256557515,1.11e-81,1.5e-81,Oklahoma_p2__metabat2_low_PE_029_contigs,Bacteria,Bacteroidota,Bacteroidia,Bacteroidales,Bacteroidaceae,Paraprevotella
29.41053974,0.609174777,0.0,0.0,Peterbilt_p2__metabat2_high_PE_039_contigs,Bacteria,Firmicutes_A,Clostridia,Lachnospirales,Lachnospiraceae,Blautia
9.5330793,0.579361814,7.79e-61,9.42e-61,Peterbilt_p2__metabat2_low_PE_018_contigs,Bacteria,Firmicutes_A,Clostridia,Oscillospirales,Ruminococcaceae,Fournierella
26.48988716,1.120124774,1.21e-123,2.24e-123,R02__maxbin2_low_prob_043_contigs,Bacteria,Bacteroidota,Bacteroidia,Bacteroidales,Bacteroidaceae,Prevotella
25.91956716,1.054711763,2.34e-133,5.03e-133,R03__maxbin2_low_prob_006_contigs,Bacteria,Firmicutes_A,Clostridia,Oscillospirales,Oscillospiraceae,ER4
27.72914607,0.932538538,2.7e-194,1.21e-193,R03__maxbin2_low_prob_041_contigs,Bacteria,Firmicutes_A,Clostridia,Oscillospirales,Oscillospiraceae,CAG-83
26.22753271,1.183845999,9.44e-109,1.5e-108,R03__metabat2_high_PE_065_contigs,Bacteria,Firmicutes_A,Clostridia,Christensenellales,CAG-74,
27.00898843,1.081975632,1.56e-137,3.51e-137,R03__metabat2_low_PE_024_contigs,Bacteria,Bacteroidota,Bacteroidia,Bacteroidales,Bacteroidaceae,Prevotella
25.89678516,1.150019827,2.73e-112,4.45e-112,R04__metabat2_high_PE_020_contigs,Bacteria,Firmicutes_A,Clostridia,Oscillospirales,Oscillospiraceae,
26.51245144,0.91752529,1.36e-183,5.14e-183,R05__maxbin2_low_prob_008_contigs,Bacteria,Bacteroidota,Bacteroidia,Bacteroidales,Muribaculaceae,C941
29.02859617,1.019708489,2.96e-178,1.07e-177,R05__metabat2_low_PE_032_contigs,Bacteria,Firmicutes_A,Clostridia,Oscillospirales,Ruminococcaceae,Ruminococcus
30.0,1.594136792,5.28e-79,7.04e-79,R06__metabat2_low_PE_001_contigs,Bacteria,Bacteroidota,Bacteroidia,Bacteroidales,Bacteroidaceae,Prevotella
25.93624513,1.40679043,6.7e-76,8.72e-76,R11__maxbin2_low_prob_023_contigs,Bacteria,Firmicutes_A,Clostridia,Lachnospirales,Lachnospiraceae,Parasporobacterium
26.38983161,1.112465837,2.14e-124,4.03e-124,R11__metabat2_high_PE_049_contigs,Bacteria,Firmicutes_A,Clostridia,Christensenellales,CAG-74,UBA11524
24.6482552,1.571729619,2e-55,2.35e-55,R11__metabat2_high_PE_057_contigs,Bacteria,Firmicutes_A,Clostridia,Lachnospirales,Lachnospiraceae,
25.2192772,1.258085585,2.2e-89,3.07e-89,R11__metabat2_low_PE_023_contigs,Bacteria,Verrucomicrobiota,Kiritimatiellae,RFP12,UBA1067,UBA1067
25.99398516,1.239770879,1.32e-97,1.93e-97,R11__metabat2_low_PE_064_contigs,Bacteria,Firmicutes_A,Clostridia,Oscillospirales,Oscillospiraceae,ER4
27.26285764,0.935610553,1.15e-186,4.51e-186,R12__metabat2_high_PE_039_contigs,Bacteria,Bacteroidota,Bacteroidia,Bacteroidales,Bacteroidaceae,Prevotella
28.43210098,1.011134711,5.74e-174,1.97e-173,R14__maxbin2_high_prob_015_contigs,Bacteria,Fibrobacterota,Fibrobacteria,Fibrobacterales,Fibrobacteraceae,Fibrobacter_A
26.58245194,1.032004916,2.62e-146,6.51e-146,R14__metabat2_high_PE_015_contigs,Bacteria,Firmicutes_A,Clostridia,Christensenellales,CAG-74,UBA11524
29.34242831,1.268944341,2.69e-118,4.62e-118,R14__metabat2_high_PE_017_contigs,Bacteria,Bacteroidota,Bacteroidia,Bacteroidales,UBA3663,UBA3663
25.95523658,1.238592375,1.67e-97,2.44e-97,R14__metabat2_high_PE_020_contigs,Bacteria,Firmicutes_A,Clostridia,Christensenellales,CAG-74,
25.10718181,1.329857293,1.68e-79,2.24e-79,R14__metabat2_high_PE_026_contigs,Bacteria,Firmicutes_A,Clostridia,Christensenellales,CAG-74,UBA11524
26.42307841,1.067682961,3.25e-135,7.05e-135,R14__metabat2_high_PE_034_contigs,Bacteria,Firmicutes_A,Clostridia,Christensenellales,CAG-74,
6.920892743,0.663489042,1.79e-25,1.97e-25,R14__metabat2_high_PE_046_contigs,Bacteria,Firmicutes_A,Clostridia,Lachnospirales,Lachnospiraceae,UBA3775
27.25268891,1.666770211,4.31e-60,5.18e-60,R14__metabat2_low_PE_009_contigs,Bacteria,Firmicutes,Bacilli,Erysipelotrichales,Erysipelotrichaceae,
29.48738914,0.857736725,5.35e-259,4.39e-258,R14__metabat2_low_PE_047_contigs,Bacteria,Firmicutes_A,Clostridia,Oscillospirales,Oscillospiraceae,ER4
28.53542536,1.366926953,8.92e-97,1.29e-96,R16__maxbin2_low_prob_005_contigs,Bacteria,Firmicutes,Bacilli,Lactobacillales,Streptococcaceae,Streptococcus
24.60927577,1.059880123,2.93e-119,5.14e-119,R16__maxbin2_low_prob_010_contigs,Bacteria,Firmicutes_A,Clostridia,Lachnospirales,Lachnospiraceae,
25.47242648,1.571547842,4.39e-59,5.26e-59,R16__metabat2_high_PE_006_contigs,Bacteria,Verrucomicrobiota,Kiritimatiellae,RFP12,UBA1067,UBA1067
25.80198665,1.364419685,9.33e-80,1.25e-79,R17__maxbin2_high_prob_029_contigs,Bacteria,Firmicutes_A,Clostridia,Christensenellales,CAG-74,
26.33615967,1.214407746,2.76e-104,4.24e-104,R17__metabat2_high_PE_024_contigs,Bacteria,Firmicutes_A,Clostridia,Oscillospirales,Oscillospiraceae,UBA1777
28.67886348,1.184758665,1.9e-129,3.81e-129,R18__metabat2_high_PE_031_contigs,Bacteria,Bacteroidota,Bacteroidia,Bacteroidales,Bacteroidaceae,UBA4372
25.53689016,1.435754654,9.01e-71,1.14e-70,R18__metabat2_low_PE_004_contigs,Bacteria,Firmicutes_A,Clostridia,Oscillospirales,Oscillospiraceae,
25.69678857,1.350245141,9.41e-81,1.27e-80,R18__metabat2_low_PE_019_contigs,Bacteria,Actinobacteriota,Coriobacteriia,Coriobacteriales,Eggerthellaceae,
25.25801074,1.267298901,2.21e-88,3.07e-88,R19__maxbin2_low_prob_025_contigs,Archaea,Halobacterota,Methanomicrobia,Methanomicrobiales,Methanocorpusculaceae,Methanocorpusculum
26.83238901,1.018095629,4.44e-153,1.19e-152,R19__metabat2_high_PE_001_contigs,Bacteria,Firmicutes_A,Clostridia,Oscillospirales,Acutalibacteraceae,RUG420
25.93082813,1.330278671,1.26e-84,1.73e-84,R19__metabat2_high_PE_014_contigs,Bacteria,Firmicutes_A,Clostridia,Oscillospirales,Oscillospiraceae,UBA1777
25.4903504,1.341312834,1.58e-80,2.12e-80,R19__metabat2_high_PE_023_contigs,Bacteria,Verrucomicrobiota,Kiritimatiellae,RFP12,UBA1067,UBA1067
26.38230278,1.116359735,1.79e-123,3.31e-123,R19__metabat2_low_PE_030_contigs,Bacteria,Firmicutes_A,Clostridia,Christensenellales,CAG-74,
26.53941074,0.919414353,3.23e-183,1.22e-182,R19__metabat2_low_PE_041_contigs,Bacteria,Firmicutes_A,Clostridia,Christensenellales,CAG-74,UBA4246
25.6200231,1.522805539,1.62e-63,1.98e-63,R20__maxbin2_low_prob_016_contigs,Bacteria,Bacteroidota,Bacteroidia,Bacteroidales,UBA932,RC9
25.15990461,1.39468682,9.48e-73,1.21e-72,R20__metabat2_high_PE_002_contigs,Bacteria,Firmicutes_A,Clostridia,Oscillospirales,Oscillospiraceae,CAG-83
30.0,0.935617657,1.38e-225,8.36e-225,R20__metabat2_low_PE_030_contigs,Bacteria,Bacteroidota,Bacteroidia,Bacteroidales,Bacteroidaceae,UBA4334
30.0,0.909530917,1.38e-238,9.18e-238,R21__metabat2_high_PE_018_contigs,Bacteria,Bacteroidota,Bacteroidia,Bacteroidales,Bacteroidaceae,Prevotella
29.34802522,1.681188769,3.06e-68,3.83e-68,R21__metabat2_high_PE_034_contigs,Bacteria,Firmicutes_A,Clostridia,Christensenellales,CAG-74,UBA2943
24.55859819,1.349937835,5.93e-74,7.63e-74,R21__metabat2_high_PE_066_contigs,Bacteria,Firmicutes_A,Clostridia,Oscillospirales,Acutalibacteraceae,
25.57730599,1.387095099,6.34e-76,8.26e-76,R21__metabat2_low_PE_012_contigs,Bacteria,Firmicutes,Bacilli,RF39,CAG-1000,
25.58897038,1.259953346,1.06e-91,1.5e-91,R21__metabat2_low_PE_019_contigs,Bacteria,Firmicutes_A,Clostridia,Oscillospirales,Oscillospiraceae,F23-B02
30.0,1.337828693,2.28e-111,3.66e-111,R21__metabat2_low_PE_043_contigs,Bacteria,Firmicutes_A,Clostridia,Lachnospirales,Lachnospiraceae,CAG-791
26.93362642,1.020206241,1.36e-153,3.67e-153,R21__metabat2_low_PE_059_contigs,Bacteria,Firmicutes_A,Clostridia,Christensenellales,CAG-74,
26.0687489,1.269310436,9.91e-94,1.42e-93,R21__metabat2_low_PE_066_contigs,Bacteria,Firmicutes_A,Clostridia,Christensenellales,CAG-138,CAG-1024
25.26577046,1.397220504,4.35e-73,5.57e-73,R22__maxbin2_high_prob_019_contigs,Bacteria,Firmicutes,Bacilli,RF39,CAG-611,UBA3789
30.0,1.030703474,2.98e-186,1.15e-185,R22__maxbin2_high_prob_022_contigs,Bacteria,Firmicutes_A,Clostridia,Christensenellales,CAG-138,RUG472
28.23535972,1.064152306,4.01e-155,1.11e-154,R22__maxbin2_high_prob_028_contigs,Bacteria,Firmicutes_A,Clostridia,Oscillospirales,Ruminococcaceae,Firm-04
30.0,1.623033599,2.78e-76,3.64e-76,R22__metabat2_high_PE_045_contigs,Bacteria,Spirochaetota,Spirochaetia,Treponematales,Treponemataceae,Treponema_D
30.0,1.152985992,2.99e-149,7.64e-149,R22__metabat2_high_PE_057_contigs,Bacteria,Bacteroidota,Bacteroidia,Bacteroidales,UBA932,RC9
27.3512976,1.302464509,6.61e-98,9.71e-98,R22__metabat2_low_PE_006_contigs,Bacteria,Bacteroidota,Bacteroidia,Bacteroidales,Bacteroidaceae,UBA1189
25.77056394,1.204581054,1.53e-101,2.3e-101,R22__metabat2_low_PE_020_contigs,Bacteria,Firmicutes_A,Clostridia,Oscillospirales,Oscillospiraceae,CAG-83
26.91103314,1.044459919,2.16e-146,5.39e-146,R22__metabat2_low_PE_043_contigs,Bacteria,Spirochaetota,Spirochaetia,Treponematales,Treponemataceae,Treponema_D
30.0,1.334179677,5.73e-112,9.24e-112,R22__metabat2_low_PE_056_contigs,Bacteria,Bacteroidota,Bacteroidia,Bacteroidales,UBA932,RC9
25.63450351,1.201800522,5.97e-101,8.95e-101,R23__maxbin2_high_prob_017_contigs,Bacteria,Firmicutes_A,Clostridia,Oscillospirales,Oscillospiraceae,CAG-83
30.0,0.856976706,1.77e-268,1.56e-267,R23__maxbin2_high_prob_044_contigs,Bacteria,Bacteroidota,Bacteroidia,Bacteroidales,Bacteroidaceae,UBA4372
25.92483589,1.265257413,2.66e-93,3.79e-93,R23__maxbin2_low_prob_047_contigs,Bacteria,Firmicutes_A,Clostridia,Christensenellales,CAG-74,UBA11524
29.13264209,0.947995248,2.21e-207,1.14e-206,R23__metabat2_high_PE_006_contigs,Bacteria,Bacteroidota,Bacteroidia,Bacteroidales,Bacteroidaceae,UBA3839
30.0,1.024428198,1.63e-188,6.67e-188,R23__metabat2_high_PE_030_contigs,Bacteria,Bacteroidota,Bacteroidia,Bacteroidales,Bacteroidaceae,Prevotella
30.0,1.003289246,1.87e-196,8.63e-196,R23__metabat2_high_PE_035_contigs,Bacteria,Bacteroidota,Bacteroidia,Bacteroidales,Bacteroidaceae,Prevotella
27.20037376,1.093983912,1.84e-136,4.09e-136,R23__metabat2_low_PE_041_contigs,Bacteria,Verrucomicrobiota,Kiritimatiellae,RFP12,UBA1067,UBA1067
30.0,0.968413444,1.05e-210,5.77e-210,R24__maxbin2_high_prob_003_contigs,Bacteria,Bacteroidota,Bacteroidia,Bacteroidales,Bacteroidaceae,UBA4372
29.69124743,0.9820294,8.32e-201,4e-200,R24__maxbin2_high_prob_033_contigs,Bacteria,Bacteroidota,Bacteroidia,Bacteroidales,Bacteroidaceae,Prevotella
30.0,1.475289924,6.31e-92,8.91e-92,R24__metabat2_high_PE_033_contigs,Bacteria,Bacteroidota,Bacteroidia,Bacteroidales,UBA932,RC9
30.0,0.97526457,8.75e-208,4.52e-207,R24__metabat2_low_PE_011_contigs,Bacteria,Bacteroidota,Bacteroidia,Bacteroidales,Bacteroidaceae,Ga6A1
27.18567301,0.972089906,4.19e-172,1.4e-171,R24__metabat2_low_PE_020_contigs,Bacteria,Spirochaetota,Spirochaetia,Treponematales,Treponemataceae,Treponema_D
28.31913359,0.929288793,5.76e-204,2.86e-203,R24__metabat2_low_PE_026_contigs,Bacteria,Bacteroidota,Bacteroidia,Bacteroidales,Bacteroidaceae,UBA4334
27.5801813,0.934112491,1.35e-191,5.74e-191,R24__metabat2_low_PE_034_contigs,Bacteria,Firmicutes_A,Clostridia,Oscillospirales,Ruminococcaceae,Angelakisella
27.82318268,1.188145635,2.85e-121,5.11e-121,R24__metabat2_low_PE_050_contigs,Bacteria,Bacteroidota,Bacteroidia,Bacteroidales,UBA932,RC9
30.0,1.599290179,1.66e-78,2.2e-78,R25__metabat2_high_PE_017_contigs,Bacteria,Bacteroidota,Bacteroidia,Bacteroidales,P3,UBA1711
29.29099206,0.956189753,4.45e-206,2.26e-205,R25__metabat2_high_PE_055_contigs,Bacteria,Bacteroidota,Bacteroidia,Bacteroidales,Bacteroidaceae,UBA3839
30.0,1.683728677,5.16e-71,6.54e-71,R25__metabat2_low_PE_004_contigs,Archaea,Euryarchaeota,Methanobacteria,Methanobacteriales,Methanobacteriaceae,Methanobrevibacter_A
25.49577279,1.359781346,1.94e-78,2.57e-78,R25__metabat2_low_PE_026_contigs,Bacteria,Firmicutes_A,Clostridia,Oscillospirales,Oscillospiraceae,CAG-110
29.53736108,0.933452728,9.43e-220,5.43e-219,R25__metabat2_low_PE_048_contigs,Bacteria,Bacteroidota,Bacteroidia,Bacteroidales,Bacteroidaceae,Prevotella
27.58320065,1.024808283,1.45e-159,4.24e-159,R26__maxbin2_high_prob_014_contigs,Archaea,Euryarchaeota,Methanobacteria,Methanobacteriales,Methanobacteriaceae,Methanobrevibacter_A
30.0,1.891339667,1.17e-56,1.38e-56,R26__maxbin2_low_prob_015_contigs,Bacteria,Bacteroidota,Bacteroidia,Bacteroidales,Muribaculaceae,C941
24.97672477,1.61516973,6.09e-54,7.08e-54,R26__maxbin2_low_prob_020_contigs,Bacteria,Bacteroidota,Bacteroidia,Bacteroidales,Bacteroidaceae,F0040
30.0,1.112496495,3.67e-160,1.09e-159,R26__metabat2_high_PE_018_contigs,Bacteria,Bacteroidota,Bacteroidia,Bacteroidales,Bacteroidaceae,Prevotella
27.27658474,1.185394246,3.65e-117,6.18e-117,R26__metabat2_high_PE_025_contigs,Bacteria,Verrucomicrobiota,Kiritimatiellae,RFP12,UBA1067,UBA1067
28.71978525,1.065690921,5.79e-160,1.71e-159,R26__metabat2_high_PE_030_contigs,Bacteria,Verrucomicrobiota,Kiritimatiellae,RFP12,UBA1067,UBA3624
28.16315467,1.422064412,2.73e-87,3.77e-87,R26__metabat2_high_PE_046_contigs,Bacteria,Firmicutes_A,Clostridia,Lachnospirales,,
29.89852542,1.164842421,2.7e-145,6.63e-145,R26__metabat2_high_PE_047_contigs,Bacteria,Firmicutes_A,Clostridia,Christensenellales,CAG-74,GCA-900199385
25.94187352,1.12966958,1.06e-116,1.78e-116,R26__metabat2_high_PE_058_contigs,Bacteria,Firmicutes_A,Clostridia,Lachnospirales,Lachnospiraceae,UBA2868
28.16022887,0.961649556,1.69e-188,6.86e-188,R26__metabat2_low_PE_011_contigs,Bacteria,Bacteroidota,Bacteroidia,Bacteroidales,Bacteroidaceae,Prevotella
27.82741874,0.940493288,2.13e-192,9.13e-192,R26__metabat2_low_PE_037_contigs,Bacteria,Firmicutes_A,Clostridia,Oscillospirales,Oscillospiraceae,CAG-110
26.89480023,1.463417337,1.97e-75,2.55e-75,R26__metabat2_low_PE_056_contigs,Bacteria,Firmicutes_A,Clostridia,Oscillospirales,Acutalibacteraceae,UBA1227
24.55686782,1.576130006,9.88e-55,1.16e-54,R27__maxbin2_high_prob_011_contigs,Bacteria,Firmicutes_A,Clostridia,Peptostreptococcales,Anaerovoracaceae,UBA1191
25.8205506,0.975796332,2.73e-154,7.43e-154,R27__maxbin2_low_prob_018_contigs,Bacteria,Firmicutes_A,Clostridia,Oscillospirales,Oscillospiraceae,CAG-110
27.00622026,1.347442693,2.34e-89,3.27e-89,R27__maxbin2_low_prob_044_contigs,Bacteria,Firmicutes_A,Clostridia,Christensenellales,CAG-74,
27.3001907,0.921597283,7.63e-193,3.34e-192,R27__metabat2_high_PE_015_contigs,Bacteria,Bacteroidota,Bacteroidia,Bacteroidales,UBA932,RC9
28.41986633,1.234984524,3.51e-117,5.94e-117,R27__metabat2_high_PE_017_contigs,Bacteria,Bacteroidota,Bacteroidia,Bacteroidales,UBA932,RC9
30.0,1.902237976,4.93e-56,5.83e-56,R27__metabat2_high_PE_018_contigs,Bacteria,Bacteroidota,Bacteroidia,Bacteroidales,UBA932,RC9
27.02300214,0.960090402,2.66e-174,9.15e-174,R27__metabat2_high_PE_044_contigs,Bacteria,Bacteroidota,Bacteroidia,Bacteroidales,Bacteroidaceae,UBA1179
25.82881731,1.055740937,3.48e-132,7.29e-132,R27__metabat2_high_PE_050_contigs,Bacteria,Firmicutes_A,Clostridia,Oscillospirales,Oscillospiraceae,
30.0,1.428383176,6.19e-98,9.11e-98,R27__metabat2_low_PE_024_contigs,Archaea,Euryarchaeota,Methanobacteria,Methanobacteriales,Methanobacteriaceae,Methanobrevibacter_A
28.49892835,0.962498641,1.13e-192,4.94e-192,R27__metabat2_low_PE_027_contigs,Bacteria,Bacteroidota,Bacteroidia,Bacteroidales,Muribaculaceae,C941
26.56009389,1.012017097,8.21e-152,2.16e-151,R27__metabat2_low_PE_046_contigs,Bacteria,Firmicutes_A,Clostridia,Lachnospirales,Lachnospiraceae,UBA2868
26.58741869,0.990109029,7.78e-159,2.26e-158,R27__metabat2_low_PE_056_contigs,Bacteria,Firmicutes_A,Clostridia,TANB77,CAG-508,CAG-492
25.95753701,1.058312554,7.56e-133,1.61e-132,R28__maxbin2_low_prob_006_contigs,Bacteria,Firmicutes_A,Clostridia,Oscillospirales,Oscillospiraceae,CAG-110
26.37855684,1.113266087,4.08e-124,7.63e-124,R28__metabat2_low_PE_026_contigs,Bacteria,Firmicutes_A,Clostridia,Christensenellales,CAG-74,
27.33905155,1.407248329,4.54e-84,6.18e-84,Rahab_p1__maxbin2_low_prob_022_contigs,Bacteria,Bacteroidota,Bacteroidia,Bacteroidales,Muribaculaceae,K10
27.38573282,1.147056568,5.6e-126,1.06e-125,SAMEA103957793__metabat2_high_PE_001_contigs,Bacteria,Firmicutes_A,Clostridia,Peptostreptococcales,Peptostreptococcaceae,Terrisporobacter
30.0,1.021355916,1.23e-189,5.04e-189,SAMEA103957793__metabat2_low_PE_003_contigs,Bacteria,Firmicutes,Bacilli,Lactobacillales,Enterococcaceae,Enterococcus_B
7.990526814,1.306535432,9.61e-10,1.02e-09,SAMEA104315420__maxbin2_high_prob_017_contigs,Bacteria,Firmicutes_A,Clostridia,Christensenellales,CAG-138,Phil1
25.30574452,1.361287613,3.9e-77,5.15e-77,SAMEA104315420__metabat2_high_PE_020_contigs,Bacteria,Spirochaetota,Spirochaetia,Sphaerochaetales,Sphaerochaetaceae,UBA9732
27.40859688,1.124714054,3.61e-131,7.43e-131,SAMEA104315420__metabat2_high_PE_021_contigs,Bacteria,Firmicutes_A,Clostridia,4C28d-15,CAG-727,UBA10281
28.80694788,0.879844699,4.09e-235,2.63e-234,SAMEA104315420__metabat2_high_PE_032_contigs,Bacteria,Firmicutes_A,Clostridia,Oscillospirales,Oscillospiraceae,CAG-83
27.26061456,0.97964161,2.04e-170,6.66e-170,SAMEA104315420__metabat2_high_PE_040_contigs,Bacteria,Cyanobacteria,Vampirovibrionia,Gastranaerophilales,Gastranaerophilaceae,Zag1
30.0,0.638486886,0.0,0.0,SAMEA104315420__metabat2_low_PE_001_contigs,Bacteria,Firmicutes_A,Clostridia,Lachnospirales,Lachnospiraceae,Agathobacter
11.06596706,1.301459903,1.85e-17,2.01e-17,SAMEA104315420__metabat2_low_PE_006_contigs,Bacteria,Firmicutes_A,Clostridia,Oscillospirales,Acutalibacteraceae,CAG-177
28.03188064,1.207672707,3.49e-119,6.08e-119,SAMEA104315420__metabat2_low_PE_009_contigs,Bacteria,Firmicutes_A,Clostridia,4C28d-15,CAG-917,CAG-475
29.46649643,1.14010133,2.73e-147,6.88e-147,SAMEA104315420__metabat2_low_PE_011_contigs,Bacteria,Firmicutes_A,Clostridia,Christensenellales,CAG-138,PeH17
27.83571152,1.209489212,3.34e-117,5.67e-117,SAMEA104315420__metabat2_low_PE_012_contigs,Bacteria,Firmicutes_A,Clostridia,Oscillospirales,Acutalibacteraceae,
6.320394564,0.598228465,4.32e-26,4.77e-26,SAMEA104315420__metabat2_low_PE_030_contigs,Bacteria,Firmicutes_A,Clostridia,Oscillospirales,Oscillospiraceae,CAG-83
25.49255729,0.914706832,6.23e-171,2.05e-170,SAMEA104315421__maxbin2_low_prob_007_contigs,Bacteria,Firmicutes_A,Clostridia,Christensenellales,CAG-138,CAG-1024
27.1583867,1.187782052,1.04e-115,1.73e-115,SAMEA104315421__maxbin2_low_prob_033_contigs,Bacteria,Firmicutes,Bacilli,RF39,CAG-1000,CAG-533
25.82593943,1.213842605,1.89e-100,2.82e-100,SAMEA104315421__metabat2_high_PE_028_contigs,Bacteria,Cyanobacteria,Vampirovibrionia,Gastranaerophilales,Gastranaerophilaceae,RUG841
28.90633996,1.0721875,4.34e-160,1.28e-159,SAMEA104315421__metabat2_low_PE_015_contigs,Bacteria,Bacteroidota,Bacteroidia,Bacteroidales,UBA932,RC9
27.35300517,1.081086122,3.08e-141,7.23e-141,SAMEA104315421__metabat2_low_PE_020_contigs,Bacteria,Cyanobacteria,Vampirovibrionia,Gastranaerophilales,Gastranaerophilaceae,UBA6984
27.56167143,0.83383845,1.36e-239,9.22e-239,SAMEA104315421__metabat2_low_PE_047_contigs,Bacteria,Firmicutes_A,Clostridia,Lachnospirales,Lachnospiraceae,
28.30762919,1.016316365,9.86e-171,3.23e-170,SAMEA104315421__metabat2_low_PE_050_contigs,Bacteria,Firmicutes_A,Clostridia,Oscillospirales,Ruminococcaceae,Ruminococcus
28.38587339,1.025207978,9.76e-169,3.12e-168,SAMEA104315421__metabat2_low_PE_056_contigs,Bacteria,Firmicutes,Bacilli,RF39,CAG-611,CAG-877
26.6662533,1.031892927,2.99e-147,7.5e-147,SAMEA104315422__maxbin2_high_prob_025_contigs,Bacteria,Bacteroidota,Bacteroidia,Bacteroidales,Paludibacteraceae,RF16
27.69760162,1.090971234,3.42e-142,8.11e-142,SAMEA104315422__maxbin2_low_prob_018_contigs,Bacteria,Cyanobacteria,Vampirovibrionia,Gastranaerophilales,Gastranaerophilaceae,UBA791
30.0,1.292310716,3.27e-119,5.72e-119,SAMEA104315422__maxbin2_low_prob_036_contigs,Bacteria,Myxococcota,Bradimonadia,Bradymonadales,UBA4248,UBA4248
28.71935457,1.157546326,6.9e-136,1.51e-135,SAMEA104315422__metabat2_high_PE_007_contigs,Bacteria,Bacteroidota,Bacteroidia,Bacteroidales,UBA932,RC9
27.95279531,1.157134326,6.32e-129,1.26e-128,SAMEA104315422__metabat2_low_PE_011_contigs,Bacteria,Firmicutes,Bacilli,RF39,CAG-1000,CAG-1000
25.4133521,1.399118774,9.98e-74,1.28e-73,SAMEA104315422__metabat2_low_PE_015_contigs,Bacteria,Spirochaetota,Spirochaetia,Sphaerochaetales,Sphaerochaetaceae,UBA5920
28.17469188,1.18979624,5.76e-124,1.07e-123,SAMEA104315422__metabat2_low_PE_034_contigs,Bacteria,Firmicutes_A,Clostridia,4C28d-15,CAG-917,CAG-1138
7.498617932,0.823365865,8.45e-20,9.21e-20,SAMEA104315423__maxbin2_high_prob_003_contigs,Bacteria,Firmicutes_A,Clostridia,Lachnospirales,Lachnospiraceae,Lachnospira
24.9385134,0.690680484,1.75e-285,1.69e-284,SAMEA104315423__metabat2_high_PE_006_contigs,Bacteria,Firmicutes_A,Clostridia,Lachnospirales,Lachnospiraceae,CAG-510
27.53091738,1.041437068,5.36e-154,1.45e-153,SAMEA104315423__metabat2_high_PE_022_contigs,Bacteria,Firmicutes_A,Clostridia,Monoglobales,Monoglobaceae,
7.294279553,1.221587574,2.36e-09,2.5e-09,SAMEA104315423__metabat2_high_PE_028_contigs,Bacteria,Firmicutes,Bacilli,RF39,CAG-302,CAG-302
5.662674605,1.127380835,5.09e-07,5.33e-07,SAMEA104315423__metabat2_high_PE_040_contigs,Bacteria,Firmicutes_A,Clostridia,Oscillospirales,Ruminococcaceae,Ruminococcus_D
28.76888143,1.225522638,7.38e-122,1.33e-121,SAMEA104315423__metabat2_low_PE_002_contigs,Bacteria,Firmicutes_A,Clostridia,Oscillospirales,Acutalibacteraceae,CAG-180
5.858672301,0.96950729,1.51e-09,1.61e-09,SAMEA104315423__metabat2_low_PE_023_contigs,Bacteria,Firmicutes_A,Clostridia,Lachnospirales,Lachnospiraceae,Coprococcus
3.695945298,1.58260955,0.019525207,0.019853707,SAMEA104315423__metabat2_low_PE_024_contigs,Bacteria,Firmicutes_A,Clostridia,Oscillospirales,Ruminococcaceae,Ruminococcus_C
5.471114733,1.081316421,4.2e-07,4.4e-07,SAMEA104315423__metabat2_low_PE_028_contigs,Bacteria,Firmicutes_A,Clostridia,Oscillospirales,Acutalibacteraceae,Eubacterium_R
8.571907398,0.629718913,3.39e-42,3.81e-42,SAMEA104315423__metabat2_low_PE_035_contigs,Bacteria,Firmicutes_A,Clostridia,Lachnospirales,Lachnospiraceae,Eubacterium_F
29.07866394,1.131742378,1.37e-145,3.4e-145,SAMEA104315423__metabat2_low_PE_040_contigs,Bacteria,Firmicutes_A,Clostridia,Lachnospirales,Lachnospiraceae,CAG-791
24.04569462,1.4376155,8.46e-63,1.03e-62,SAMEA104315424__maxbin2_high_prob_001_contigs,Bacteria,Spirochaetota,GWE2-31-10,GWE2-31-10,GWE2-31-10,
24.79030759,1.394328511,1.02e-70,1.29e-70,SAMEA104315424__maxbin2_high_prob_004_contigs,Bacteria,Firmicutes_A,Clostridia,4C28d-15,CAG-727,UBA11475
25.49347913,1.204061535,1.7e-99,2.52e-99,SAMEA104315424__metabat2_high_PE_039_contigs,Bacteria,Firmicutes,Bacilli,RF39,CAG-302,UBA6414
25.56105408,1.328511641,1.7e-82,2.3e-82,SAMEA104315424__metabat2_low_PE_007_contigs,Bacteria,Firmicutes,Bacilli,RF39,CAG-1000,CAG-460
26.60805203,1.141901081,4.28e-120,7.56e-120,SAMEA104315424__metabat2_low_PE_018_contigs,Bacteria,Firmicutes_A,Clostridia,Oscillospirales,Oscillospiraceae,F23-B02
29.24088723,0.670551963,0.0,0.0,SAMEA104315424__metabat2_low_PE_031_contigs,Bacteria,Firmicutes_A,Clostridia,Oscillospirales,Acutalibacteraceae,CAG-488
24.63934634,1.687386213,2.72e-48,3.09e-48,SAMEA104315424__metabat2_low_PE_033_contigs,Bacteria,Firmicutes_A,Clostridia,4C28d-15,UBA1242,UBA4626
27.25853972,1.023899382,3.75e-156,1.04e-155,SAMEA104315424__metabat2_low_PE_034_contigs,Bacteria,Verrucomicrobiota,Kiritimatiellae,RFP12,UBA1067,UBA1731
28.37427032,1.313902754,1.98e-103,3.03e-103,SAMEA104315424__metabat2_low_PE_038_contigs,Bacteria,Proteobacteria,Alphaproteobacteria,RF32,CAG-977,UBA2903
28.13470839,0.698227462,0.0,0.0,SAMEA104315424__metabat2_low_PE_040_contigs,Bacteria,Firmicutes_A,Clostridia,Lachnospirales,Lachnospiraceae,CAG-95
26.79251351,1.270199602,9.19e-99,1.36e-98,SAMEA104315424__metabat2_low_PE_042_contigs,Bacteria,Verrucomicrobiota,Lentisphaeria,UBA1407,UBA1407,UBA1724
28.37692353,1.038615025,2.33e-164,7.09e-164,SAMEA104315424__metabat2_low_PE_045_contigs,Bacteria,Verrucomicrobiota,Kiritimatiellae,RFP12,UBA1067,UBA1067
27.01968585,1.026138402,8.38e-153,2.22e-152,SAMEA104315424__metabat2_low_PE_049_contigs,Bacteria,Firmicutes,Bacilli,RF39,CAG-433,CAG-433
25.52279397,1.366169101,6.93e-78,9.19e-78,SAMEA104315424__metabat2_low_PE_052_contigs,Bacteria,Firmicutes_A,Clostridia,4C28d-15,CAG-917,CAG-917
27.26746107,0.933169642,1.07e-187,4.3e-187,SAMEA104315425__metabat2_high_PE_039_contigs,Bacteria,Bacteroidota,Bacteroidia,Bacteroidales,Bacteroidaceae,Prevotellamassilia
30.0,0.909760776,1.81e-238,1.2e-237,SAMEA104315425__metabat2_low_PE_013_contigs,Bacteria,Bacteroidota,Bacteroidia,Bacteroidales,Muribaculaceae,C941
24.32837131,1.319293077,6.22e-76,8.12e-76,SAMEA104315426__maxbin2_high_prob_009_contigs,Bacteria,Firmicutes,Bacilli,RF39,CAG-1000,CAG-582
26.86221502,1.319314118,3.73e-92,5.28e-92,SAMEA104315426__maxbin2_high_prob_031_contigs,Bacteria,Bacteroidota,Bacteroidia,Bacteroidales,Paludibacteraceae,RF16
27.09559187,0.707291115,0.0,0.0,SAMEA104315426__metabat2_low_PE_005_contigs,Bacteria,Firmicutes_A,Clostridia,TANB77,CAG-508,CAG-492
26.95064079,1.121958424,1.68e-127,3.27e-127,SAMEA104315426__metabat2_low_PE_027_contigs,Bacteria,Bacteroidota,Bacteroidia,Bacteroidales,Muribaculaceae,UBA7173_A
27.56419803,1.146432018,9.77e-128,1.92e-127,SAMEA104315426__metabat2_low_PE_040_contigs,Bacteria,Firmicutes_A,Clostridia,Oscillospirales,Acutalibacteraceae,Eubacterium_R
25.06141547,1.527983317,1.86e-60,2.25e-60,SAMEA104315427__maxbin2_high_prob_011_contigs,Bacteria,Proteobacteria,Alphaproteobacteria,RF32,CAG-977,UBA11549
30.0,1.274799972,1.87e-122,3.39e-122,SAMEA104315427__maxbin2_low_prob_007_contigs,Bacteria,Firmicutes_A,Clostridia,4C28d-15,CAG-917,CAG-349
29.30749882,1.15387193,2.57e-142,6.12e-142,SAMEA104315427__maxbin2_low_prob_010_contigs,Bacteria,Bacteroidota,Bacteroidia,Bacteroidales,UBA932,RC9
28.6369882,1.249391592,2.89e-116,4.81e-116,SAMEA104315427__maxbin2_low_prob_013_contigs,Archaea,Thermoplasmatota,Thermoplasmata,Methanomassiliicoccales,Methanomethylophilaceae,
28.29802904,1.061678043,1.61e-156,4.49e-156,SAMEA104315427__maxbin2_low_prob_031_contigs,Bacteria,Firmicutes,Bacilli,RFN20,CAG-826,UBA733
27.76536222,1.295663842,7.1e-102,1.08e-101,SAMEA104315427__metabat2_high_PE_022_contigs,Bacteria,Verrucomicrobiota,Lentisphaeria,Victivallales,UBA1829,UBA1829
26.12611899,1.136237433,5.41e-117,9.1e-117,SAMEA104315427__metabat2_high_PE_027_contigs,Bacteria,Bacteroidota,Bacteroidia,Bacteroidales,Paludibacteraceae,RF16
29.72000868,1.051606918,1.03e-175,3.59e-175,SAMEA104315427__metabat2_high_PE_030_contigs,Bacteria,Bacteroidota,Bacteroidia,Bacteroidales,UBA932,RC9
26.77410353,1.001223245,1.55e-157,4.42e-157,SAMEA104315427__metabat2_high_PE_043_contigs,Bacteria,Firmicutes,Bacilli,RF39,CAG-1000,CAG-460
29.58179109,1.279941378,3.52e-118,6.04e-118,SAMEA104315427__metabat2_low_PE_010_contigs,Bacteria,Firmicutes_A,Clostridia,Christensenellales,CAG-138,
25.37280871,1.628871263,1.04e-54,1.22e-54,SAMEA104315427__metabat2_low_PE_013_contigs,Bacteria,Elusimicrobiota,Elusimicrobia,Elusimicrobiales,Elusimicrobiaceae,
29.21331429,1.044817925,4.96e-172,1.65e-171,SAMEA104315427__metabat2_low_PE_014_contigs,Bacteria,Firmicutes_A,Clostridia,Oscillospirales,Oscillospiraceae,UBA738
29.94651583,1.065743213,1e-173,3.42e-173,SAMEA104315427__metabat2_low_PE_018_contigs,Bacteria,Spirochaetota,Spirochaetia,Treponematales,Treponemataceae,Treponema_D
6.660545814,1.072958965,5.38e-10,5.73e-10,SAMEA104315427__metabat2_low_PE_019_contigs,Bacteria,Firmicutes_A,Clostridia,Oscillospirales,Oscillospiraceae,ER4
26.86207829,1.112426928,7.98e-129,1.59e-128,SAMEA104315427__metabat2_low_PE_025_contigs,Bacteria,Bacteroidota,Bacteroidia,Bacteroidales,UBA932,RC9
29.33240832,0.589766027,0.0,0.0,SAMEA104315427__metabat2_low_PE_034_contigs,Bacteria,Firmicutes_A,Clostridia,Oscillospirales,Oscillospiraceae,CAG-83
30.0,0.66906944,0.0,0.0,SAMEA104315427__metabat2_low_PE_043_contigs,Bacteria,Bacteroidota,Bacteroidia,Bacteroidales,Bacteroidaceae,UBA4372
27.95975325,1.1802092,4.52e-124,8.42e-124,SAMEA104315427__metabat2_low_PE_045_contigs,Bacteria,Firmicutes,Bacilli,ML615J-28,CAG-313,CAG-313
28.95251409,1.266823872,1.32e-115,2.19e-115,SAMEA104315428__metabat2_high_PE_026_contigs,Bacteria,Bacteroidota,Bacteroidia,Bacteroidales,Bacteroidaceae,UBA6398
26.34171613,1.166598868,6.83e-113,1.12e-112,SAMEA104315428__metabat2_low_PE_039_contigs,Bacteria,Cyanobacteria,Vampirovibrionia,Gastranaerophilales,Gastranaerophilaceae,RUG841
25.15341269,1.15986099,2.75e-104,4.24e-104,SAMEA104315428__metabat2_low_PE_040_contigs,Bacteria,Firmicutes_A,Clostridia,Oscillospirales,Acutalibacteraceae,CAG-488
25.60417731,1.176575704,5.36e-105,8.31e-105,SAMEA104315429__maxbin2_low_prob_018_contigs,Bacteria,Firmicutes_A,Clostridia,Oscillospirales,Acutalibacteraceae,RUG806
26.15526858,1.192226004,1.12e-106,1.75e-106,SAMEA104315429__metabat2_high_PE_002_contigs,Bacteria,Verrucomicrobiota,Lentisphaeria,Victivallales,UBA1829,UBA11452
27.10088119,1.297297123,6.57e-97,9.53e-97,SAMEA104315429__metabat2_high_PE_007_contigs,Bacteria,Firmicutes_A,Clostridia,4C28d-15,CAG-727,UBA10281
26.08380296,1.159514581,4.6e-112,7.44e-112,SAMEA104315429__metabat2_high_PE_016_contigs,Bacteria,Bacteroidota,Bacteroidia,Bacteroidales,UBA932,RC9
25.91542464,1.378843548,8.29e-79,1.1e-78,SAMEA104315429__metabat2_high_PE_022_contigs,Bacteria,Cyanobacteria,Vampirovibrionia,Gastranaerophilales,Gastranaerophilaceae,UBA791
27.17027295,1.073773748,2.92e-141,6.89e-141,SAMEA104315429__metabat2_high_PE_029_contigs,Bacteria,Spirochaetota,Spirochaetia,Treponematales,Treponemataceae,Treponema_D
25.97871246,1.213606676,1.17e-101,1.77e-101,SAMEA104315429__metabat2_high_PE_036_contigs,Bacteria,Firmicutes,Bacilli,RF39,CAG-302,CAG-302
4.835167423,1.700075252,0.004453843,0.004562359,SAMEA104315429__metabat2_high_PE_053_contigs,Bacteria,Firmicutes,Bacilli,RF39,CAG-1000,CAG-628
24.60996871,1.626406186,1e-51,1.16e-51,SAMEA104315430__metabat2_high_PE_028_contigs,Bacteria,Firmicutes,Bacilli,RF39,CAG-1000,CAG-628
27.68247949,1.17452653,8.01e-123,1.47e-122,SAMEA104315430__metabat2_high_PE_031_contigs,Bacteria,Firmicutes,Bacilli,RF39,UBA5348,CAG-1193
25.53886569,1.626554727,1.48e-55,1.75e-55,SAMEA104315430__metabat2_low_PE_016_contigs,Bacteria,Elusimicrobiota,Elusimicrobia,Elusimicrobiales,Elusimicrobiaceae,UBA1436
30.0,1.018346675,9.51e-191,3.98e-190,SAMEA104315430__metabat2_low_PE_026_contigs,Bacteria,Spirochaetota,Spirochaetia,Treponematales,Treponemataceae,Treponema_D
27.74355303,1.201149279,4.91e-118,8.39e-118,SAMEA104315430__metabat2_low_PE_045_contigs,Bacteria,Firmicutes,Bacilli,RF39,CAG-822,UBA5364
24.94389962,1.320499553,1.39e-79,1.86e-79,SAMEA104315430__metabat2_low_PE_047_contigs,Bacteria,Bacteroidota,Bacteroidia,Bacteroidales,P3,UBA3388
26.74147116,0.942742275,5.37e-177,1.89e-176,SAMEA104315430__metabat2_low_PE_049_contigs,Bacteria,Firmicutes_A,Clostridia,TANB77,CAG-508,CAG-492
24.68032099,1.442065467,1.16e-65,1.43e-65,SAMEA104315431__metabat2_high_PE_024_contigs,Bacteria,Proteobacteria,Alphaproteobacteria,RF32,CAG-239,CAG-495
27.99306037,1.233146162,4.43e-114,7.29e-114,SAMEA104315431__metabat2_low_PE_016_contigs,Bacteria,Bacteroidota,Bacteroidia,Bacteroidales,UBA932,RC9
28.94203835,0.681070922,0.0,0.0,SAMEA104315431__metabat2_low_PE_025_contigs,Bacteria,Firmicutes_A,Clostridia,Lachnospirales,Lachnospiraceae,Agathobacter
27.89061055,0.947352728,1.66e-190,6.9e-190,SAMEA104315432__metabat2_low_PE_014_contigs,Bacteria,Firmicutes_A,Clostridia,TANB77,CAG-508,CAG-273
25.94603286,1.082691978,6.54e-127,1.27e-126,SAMEA104315432__metabat2_low_PE_017_contigs,Bacteria,Firmicutes,Bacilli,RF39,CAG-1000,CAG-628
26.89639363,1.063693865,4.57e-141,1.07e-140,SAMEA104315432__metabat2_low_PE_026_contigs,Bacteria,Firmicutes,Bacilli,RF39,UBA5348,CAG-1193
30.0,0.819716481,3.08e-293,3.23e-292,SAMEA104315432__metabat2_low_PE_029_contigs,Bacteria,Bacteroidota,Bacteroidia,Bacteroidales,Bacteroidaceae,Prevotella
30.0,0.807507749,4.17e-302,4.8e-301,SAMEA104315432__metabat2_low_PE_031_contigs,Bacteria,Bacteroidota,Bacteroidia,Bacteroidales,Bacteroidaceae,Prevotella
27.42849579,1.445727587,2.9e-80,3.9e-80,SAMEA104315433__maxbin2_low_prob_023_contigs,Bacteria,Firmicutes,Bacilli,RFN20,CAG-826,UBA4951
28.38370041,1.186473713,1.78e-126,3.41e-126,SAMEA104315433__metabat2_low_PE_020_contigs,Bacteria,Patescibacteria,Saccharimonadia,Saccharimonadales,Saccharimonadaceae,UBA2834
26.34151513,1.279223313,3.25e-94,4.66e-94,SAMEA104315433__metabat2_low_PE_025_contigs,Bacteria,Firmicutes,Bacilli,RF39,CAG-611,CAG-611
27.84174027,1.112689373,3.52e-138,7.99e-138,SAMEA104315433__metabat2_low_PE_037_contigs,Bacteria,Fibrobacterota,Fibrobacteria,Fibrobacterales,Fibrobacteraceae,Fibrobacter_A
25.8224033,0.965506919,1.41e-157,4.05e-157,SAMEA104315434__maxbin2_high_prob_023_contigs,Bacteria,Bacteroidota,Bacteroidia,Bacteroidales,Bacteroidaceae,UBA4334
6.383070518,1.14993023,2.84e-08,2.99e-08,SAMEA104315434__maxbin2_high_prob_031_contigs,Bacteria,Firmicutes_A,Clostridia,Lachnospirales,Lachnospiraceae,Coprococcus
26.73212798,1.153931843,1e-118,1.74e-118,SAMEA104315434__metabat2_high_PE_013_contigs,Bacteria,Firmicutes_A,Clostridia,Lachnospirales,Lachnospiraceae,Coprococcus
27.97239447,0.822010732,8.24e-254,6.22e-253,SAMEA104315434__metabat2_high_PE_014_contigs,Bacteria,Bacteroidota,Bacteroidia,Bacteroidales,Bacteroidaceae,Prevotella
25.93241954,1.446690709,7.48e-72,9.49e-72,SAMEA104315434__metabat2_high_PE_033_contigs,Bacteria,Firmicutes_C,Negativicutes,Selenomonadales,Selenomonadaceae,Anaerovibrio
8.425089547,0.635431636,4.01e-40,4.5e-40,SAMEA104315434__metabat2_low_PE_001_contigs,Bacteria,Firmicutes_A,Clostridia,Lachnospirales,Lachnospiraceae,Roseburia
29.68594087,0.666917254,0.0,0.0,SAMEA104315435__maxbin2_low_prob_001_contigs,Bacteria,Bacteroidota,Bacteroidia,Bacteroidales,F082,F082
30.0,1.03242763,1.23e-185,4.74e-185,SAMEA104315435__metabat2_high_PE_028_contigs,Bacteria,Spirochaetota,Spirochaetia,Treponematales,Treponemataceae,Treponema_D
26.11220106,0.945550081,7.17e-168,2.24e-167,SAMEA104315435__metabat2_low_PE_011_contigs,Bacteria,Cyanobacteria,Vampirovibrionia,Gastranaerophilales,Gastranaerophilaceae,CAG-196
25.02035688,1.683479186,5.79e-50,6.61e-50,SAMEA104315435__metabat2_low_PE_015_contigs,Bacteria,Elusimicrobiota,Elusimicrobia,Elusimicrobiales,Elusimicrobiaceae,
27.6403175,1.178844342,1.42e-121,2.56e-121,SAMEA104315435__metabat2_low_PE_018_contigs,Bacteria,Firmicutes,Bacilli,RF39,CAG-1000,CAG-533
8.206797258,0.602285702,2.8e-42,3.16e-42,SAMEA104315435__metabat2_low_PE_020_contigs,Bacteria,Firmicutes_A,Clostridia,Lachnospirales,Lachnospiraceae,
26.19381274,1.134884079,7.25e-118,1.24e-117,SAMEA104315436__maxbin2_low_prob_006_contigs,Bacteria,Firmicutes,Bacilli,RF39,CAG-302,
26.36033784,1.158510126,1.32e-114,2.18e-114,SAMEA104315436__maxbin2_low_prob_037_contigs,Bacteria,Firmicutes_A,Clostridia,4C28d-15,UBA1242,
28.46868206,1.16576371,1.03e-131,2.14e-131,SAMEA104315436__maxbin2_low_prob_040_contigs,Bacteria,Firmicutes_A,Clostridia,Oscillospirales,Acutalibacteraceae,CAG-488
27.43935865,1.343322243,9.72e-93,1.38e-92,SAMEA104315436__metabat2_high_PE_011_contigs,Bacteria,Spirochaetota,Spirochaetia,Treponematales,Treponemataceae,Treponema_D
27.40415523,0.898530093,2.7e-204,1.34e-203,SAMEA104315436__metabat2_high_PE_030_contigs,Bacteria,Firmicutes_A,Clostridia,Lachnospirales,Lachnospiraceae,CAG-95
30.0,0.842835898,1.73e-277,1.58e-276,SAMEA104315436__metabat2_high_PE_045_contigs,Bacteria,Bacteroidota,Bacteroidia,Bacteroidales,Bacteroidaceae,Prevotella
28.58704873,1.170247921,8.58e-132,1.78e-131,SAMEA104315436__metabat2_high_PE_048_contigs,Bacteria,Firmicutes,Bacilli,RF39,CAG-1000,CAG-460
27.09597333,1.296256638,5e-97,7.27e-97,SAMEA104315436__metabat2_low_PE_018_contigs,Bacteria,Firmicutes_A,Clostridia,4C28d-15,CAG-917,CAG-475
27.66686239,1.257440963,2.72e-107,4.28e-107,SAMEA104315436__metabat2_low_PE_043_contigs,Bacteria,Cyanobacteria,Vampirovibrionia,Gastranaerophilales,Gastranaerophilaceae,RUG841
24.97273856,1.478560159,5.34e-64,6.54e-64,SAMEA104315436__metabat2_low_PE_046_contigs,Bacteria,Cyanobacteria,Vampirovibrionia,Gastranaerophilales,Gastranaerophilaceae,UBA6984
26.53734259,1.012427556,1.96e-151,5.11e-151,SAMEA104315436__metabat2_low_PE_049_contigs,Bacteria,Firmicutes,Bacilli,RF39,CAG-1000,
25.67429768,0.744114966,7.2e-261,5.95e-260,SAMEA104315437__maxbin2_low_prob_038_contigs,Bacteria,Bacteroidota,Bacteroidia,Bacteroidales,Bacteroidaceae,Prevotella
25.95322461,1.302272045,2.27e-88,3.15e-88,SAMEA104315437__metabat2_high_PE_004_contigs,Bacteria,Firmicutes,Bacilli,ML615J-28,CAG-313,
29.93899173,0.679235978,0.0,0.0,SAMEA104315437__metabat2_high_PE_027_contigs,Bacteria,Bacteroidota,Bacteroidia,Bacteroidales,Bacteroidaceae,Prevotella
29.39797959,0.684230972,0.0,0.0,SAMEA104315437__metabat2_high_PE_043_contigs,Bacteria,Bacteroidota,Bacteroidia,Bacteroidales,Bacteroidaceae,Prevotella
25.04236664,1.478222475,2.25e-64,2.76e-64,SAMEA104315437__metabat2_low_PE_023_contigs,Bacteria,Spirochaetota,Spirochaetia,Treponematales,Treponemataceae,Treponema_D
24.73830184,1.574637387,1.28e-55,1.51e-55,SAMEA104315437__metabat2_low_PE_024_contigs,Bacteria,Firmicutes_A,Clostridia,4C28d-15,CAG-917,CAG-475
27.98644669,1.317975645,4.59e-100,6.85e-100,SAMEA104315437__metabat2_low_PE_040_contigs,Bacteria,Firmicutes,Bacilli,Erysipelotrichales,Erysipelotrichaceae,UBA636
26.80379025,1.130762165,3.26e-124,6.12e-124,SAMEA104315437__metabat2_low_PE_048_contigs,Bacteria,Bacteroidota,Bacteroidia,Bacteroidales,Tannerellaceae,Parabacteroides
26.34267939,1.048121944,2.16e-139,4.95e-139,SAMEA104315438__metabat2_high_PE_016_contigs,Bacteria,Spirochaetota,Spirochaetia,Treponematales,Treponemataceae,Treponema_D
27.66091335,1.08885613,2.3e-142,5.49e-142,SAMEA104315439__maxbin2_low_prob_028_contigs,Bacteria,Proteobacteria,Gammaproteobacteria,Enterobacterales,Succinivibrionaceae,Succinivibrio
10.3185425,0.49153527,7.68e-98,1.13e-97,SAMEA104315439__metabat2_high_PE_013_contigs,Bacteria,Firmicutes_A,Clostridia,Oscillospirales,Oscillospiraceae,Oscillibacter
27.6428393,1.085725142,5.44e-143,1.31e-142,SAMEA104315439__metabat2_high_PE_019_contigs,Bacteria,Firmicutes_A,Clostridia,Lachnospirales,Lachnospiraceae,CAG-127
26.10978501,1.339575263,1.31e-84,1.79e-84,SAMEA104315439__metabat2_low_PE_048_contigs,Bacteria,Firmicutes,Bacilli,ML615J-28,CAG-313,
23.4889185,1.101851102,7.78e-101,1.16e-100,SAMEA104404097__maxbin2_low_prob_010_contigs,Bacteria,Firmicutes_A,Clostridia,Oscillospirales,Ruminococcaceae,
25.95285539,1.056643301,3.25e-133,6.97e-133,SAMEA104404097__maxbin2_low_prob_047_contigs,Bacteria,Firmicutes_A,Clostridia,Oscillospirales,Ruminococcaceae,Faecalibacterium
27.12552927,0.815700808,1.77e-242,1.21e-241,SAMEA104404097__metabat2_low_PE_006_contigs,Bacteria,Firmicutes_A,Clostridia,TANB77,CAG-508,CAG-269
27.63561318,1.107525753,2e-137,4.49e-137,SAMEA104404100__maxbin2_high_prob_016_contigs,Bacteria,Firmicutes_A,Clostridia,Lachnospirales,Lachnospiraceae,Tyzzerella
8.245255067,0.628355762,2.46e-39,2.77e-39,SAMEA104404100__maxbin2_low_prob_012_contigs,Bacteria,Firmicutes_A,Clostridia,Oscillospirales,Oscillospiraceae,Lawsonibacter
28.80570386,0.687980197,0.0,0.0,SAMEA104404100__maxbin2_low_prob_019_contigs,Bacteria,Bacteroidota,Bacteroidia,Bacteroidales,Bacteroidaceae,
24.79931379,1.674838531,1.32e-49,1.51e-49,SAMEA104404100__maxbin2_low_prob_032_contigs,Bacteria,Firmicutes_C,Negativicutes,Acidaminococcales,Acidaminococcaceae,
22.7666028,1.332230711,1.79e-65,2.21e-65,SAMEA104404100__maxbin2_low_prob_036_contigs,Bacteria,Firmicutes_A,Clostridia,Oscillospirales,Ruminococcaceae,Negativibacillus
24.05599268,1.521981211,2.84e-56,3.36e-56,SAMEA104404100__maxbin2_low_prob_043_contigs,Bacteria,Firmicutes_A,Clostridia,Oscillospirales,Oscillospiraceae,
27.00537667,1.112185328,3.09e-130,6.23e-130,SAMEA104404100__metabat2_high_PE_013_contigs,Bacteria,Firmicutes_A,Clostridia,Oscillospirales,Oscillospiraceae,CAG-110
24.83782506,1.66429369,2.3e-50,2.64e-50,SAMEA104404100__metabat2_low_PE_071_contigs,Bacteria,Firmicutes_A,Clostridia,Lachnospirales,Anaerotignaceae,Anaerotignum
24.45018658,1.624149883,3.24e-51,3.73e-51,SAMEA104404100__metabat2_low_PE_082_contigs,Bacteria,Firmicutes_A,Clostridia,Oscillospirales,Oscillospiraceae,
27.80829269,0.726563325,0.0,0.0,SAMEA104404103__metabat2_high_PE_037_contigs,Bacteria,Firmicutes_A,Clostridia,Oscillospirales,Oscillospiraceae,Lawsonibacter
27.05113558,0.793532079,1.05e-254,8.09e-254,SAMEA104404103__metabat2_high_PE_047_contigs,Bacteria,Firmicutes_A,Clostridia,Oscillospirales,Oscillospiraceae,Lawsonibacter
25.34531009,1.360501904,1.86e-77,2.45e-77,SAMEA104404106__maxbin2_high_prob_009_contigs,Bacteria,Firmicutes_A,Clostridia,Oscillospirales,Acutalibacteraceae,CAG-180
27.11601813,1.047287884,8.27e-148,2.1e-147,SAMEA104404106__maxbin2_high_prob_062_contigs,Bacteria,Firmicutes_A,Clostridia,Oscillospirales,Oscillospiraceae,CAG-110
27.94853779,0.668158256,0.0,0.0,SAMEA104404106__maxbin2_low_prob_018_contigs,Bacteria,Firmicutes_A,Clostridia,TANB77,CAG-508,CAG-269
7.723262763,0.840674071,4.04e-20,4.41e-20,SAMEA3387437__metabat2_high_PE_012_contigs,Bacteria,Firmicutes_A,Clostridia,Oscillospirales,Ruminococcaceae,Gemmiger
7.623043136,0.806774964,3.43e-21,3.76e-21,SAMEA3387437__metabat2_low_PE_008_contigs,Bacteria,Firmicutes_A,Clostridia,Lachnospirales,Lachnospiraceae,Fusicatenibacter
29.39065538,0.811259305,2.17e-287,2.14e-286,SAMEA3387439__metabat2_high_PE_024_contigs,Bacteria,Actinobacteriota,Coriobacteriia,Coriobacteriales,Atopobiaceae,Olsenella_E
7.413203518,0.791892235,7.87e-21,8.62e-21,SAMEA3387444__metabat2_low_PE_023_contigs,Bacteria,Firmicutes_A,Clostridia,Oscillospirales,Ruminococcaceae,Gemmiger
9.860594717,0.701898095,7.87e-45,8.88e-45,SAMEA3387450__maxbin2_low_prob_013_contigs,Bacteria,Firmicutes_A,Clostridia,Oscillospirales,Ruminococcaceae,Faecalibacterium
8.284031152,0.722346754,1.91e-30,2.12e-30,SAMEA3387450__metabat2_low_PE_003_contigs,Bacteria,Firmicutes_A,Clostridia,Lachnospirales,Lachnospiraceae,Coprococcus_B
9.021298326,0.835337864,3.46e-27,3.82e-27,SAMEA3387451__metabat2_high_PE_030_contigs,Bacteria,Firmicutes_A,Clostridia,Peptostreptococcales,Anaerovoracaceae,Mogibacterium
30.0,0.893165637,2.48e-247,1.76e-246,SAMEA3387451__metabat2_low_PE_031_contigs,Bacteria,Firmicutes_A,Clostridia,Oscillospirales,Acutalibacteraceae,
30.0,0.840511487,5.16e-279,4.75e-278,SAMEA3387452__metabat2_high_PE_017_contigs,Bacteria,Firmicutes_A,Clostridia,Lachnospirales,Lachnospiraceae,Dorea
28.72539514,0.839930889,2.44e-256,1.92e-255,SAMEA3387452__metabat2_high_PE_025_contigs,Bacteria,Firmicutes_C,Negativicutes,Veillonellales,Dialisteraceae,Allisonella
7.297052683,0.973098068,6.44e-14,6.94e-14,SAMEA3387455__metabat2_low_PE_004_contigs,Bacteria,Firmicutes_A,Clostridia,Lachnospirales,Lachnospiraceae,Anaerostipes
30.0,0.765533855,0.0,0.0,SAMEA3387459__maxbin2_high_prob_004_contigs,Bacteria,Firmicutes,Bacilli,Lactobacillales,Lactobacillaceae,Lactobacillus
8.042940424,1.339789624,1.94e-09,2.05e-09,SAMEA3387462__metabat2_low_PE_020_contigs,Bacteria,Actinobacteriota,Actinobacteria,Actinomycetales,Bifidobacteriaceae,Bifidobacterium
30.0,0.707982324,0.0,0.0,SAMEA3387464__metabat2_high_PE_014_contigs,Bacteria,Bacteroidota,Bacteroidia,Bacteroidales,Bacteroidaceae,Bacteroides_A
5.375047128,1.441122236,0.000191659,0.00019907,SAMEA3387464__metabat2_high_PE_017_contigs,Bacteria,Firmicutes_A,Clostridia,Oscillospirales,Acutalibacteraceae,CAG-217
30.0,0.827266337,5.98e-288,6.02e-287,SAMEA3387464__metabat2_high_PE_048_contigs,Bacteria,Bacteroidota,Bacteroidia,Bacteroidales,Bacteroidaceae,Bacteroides
30.0,1.227306777,5.86e-132,1.22e-131,SAMEA3387464__metabat2_low_PE_019_contigs,Bacteria,Campylobacterota,Campylobacteria,Campylobacterales,Campylobacteraceae,Campylobacter_D
30.0,0.514624651,0.0,0.0,SAMEA3387464__metabat2_low_PE_022_contigs,Bacteria,Firmicutes_A,Clostridia,Oscillospirales,Oscillospiraceae,Lawsonibacter
30.0,0.788169469,0.0,0.0,SAMEA3387467__maxbin2_low_prob_010_contigs,Bacteria,Bacteroidota,Bacteroidia,Bacteroidales,Bacteroidaceae,Prevotellamassilia
9.102273847,0.712299222,2.16e-37,2.41e-37,SAMEA3387467__metabat2_low_PE_031_contigs,Bacteria,Firmicutes_A,Clostridia,Lachnospirales,Lachnospiraceae,Eubacterium_E
30.0,1.18137677,2.93e-142,6.96e-142,SAMEA3387468__metabat2_low_PE_032_contigs,Bacteria,Actinobacteriota,Coriobacteriia,Coriobacteriales,Coriobacteriaceae,Collinsella
30.0,0.920717654,7.08e-233,4.53e-232,SAMEA3387468__metabat2_low_PE_040_contigs,Bacteria,Firmicutes_A,Clostridia,Lachnospirales,Lachnospiraceae,
29.40017332,0.75972387,0.0,0.0,SAMEA3387469__metabat2_low_PE_004_contigs,Bacteria,Firmicutes_A,Clostridia,TANB77,CAG-508,CAG-354
30.0,1.029022566,7.46e-187,2.94e-186,SAMEA3387471__maxbin2_low_prob_020_contigs,Bacteria,Firmicutes_A,Clostridia,Peptostreptococcales,Peptostreptococcaceae,Clostridium_U
28.88571954,1.209807916,5.4e-126,1.03e-125,SAMEA3387472__metabat2_high_PE_036_contigs,Bacteria,Firmicutes_A,Clostridia,Oscillospirales,Oscillospiraceae,CAG-110
27.79932378,1.001919098,1.94e-169,6.24e-169,SAMEA3387473__metabat2_high_PE_020_contigs,Bacteria,Actinobacteriota,Coriobacteriia,Coriobacteriales,Atopobiaceae,Libanicoccus
10.62254792,1.056756584,9e-24,9.91e-24,SAMEA3387473__metabat2_low_PE_005_contigs,Bacteria,Actinobacteriota,Coriobacteriia,Coriobacteriales,Coriobacteriaceae,Collinsella
28.56832933,0.769085105,5.11e-302,5.82e-301,SAMEA3387474__metabat2_low_PE_013_contigs,Bacteria,Firmicutes_A,Clostridia,Lachnospirales,Lachnospiraceae,Roseburia
30.0,1.262185225,7.11e-125,1.34e-124,SAMEA3387474__metabat2_low_PE_017_contigs,Bacteria,Actinobacteriota,Coriobacteriia,Coriobacteriales,Coriobacteriaceae,Collinsella
30.0,0.603400195,0.0,0.0,SAMEA3387475__maxbin2_low_prob_025_contigs,Bacteria,Firmicutes_A,Clostridia,Oscillospirales,Oscillospiraceae,Ruminiclostridium_C
30.0,1.203454058,3.68e-137,8.21e-137,SAMEA3387475__metabat2_high_PE_008_contigs,Bacteria,Firmicutes_A,Clostridia,Peptostreptococcales,Anaerovoracaceae,Eubacterium_M
30.0,1.226044764,3.17e-132,6.67e-132,SAMEA3387475__metabat2_low_PE_037_contigs,Bacteria,Firmicutes_A,Clostridia,Lachnospirales,Lachnospiraceae,Tyzzerella
30.0,0.880299123,1.49e-254,1.14e-253,SAMEA3387475__metabat2_low_PE_040_contigs,Bacteria,Firmicutes_A,Clostridia,Peptostreptococcales,Anaerovoracaceae,Emergencia
30.0,1.07543497,3.01e-171,9.97e-171,SAMEA3387476__metabat2_high_PE_011_contigs,Bacteria,Firmicutes_A,Clostridia,Lachnospirales,Lachnospiraceae,Blautia_A
30.0,0.981049765,2.29e-205,1.16e-204,SAMEA3387476__metabat2_high_PE_017_contigs,Bacteria,Firmicutes_A,Clostridia,Lachnospirales,Lachnospiraceae,Faecalicatena
7.953415163,0.719710104,2.17e-28,2.4e-28,SAMEA3387476__metabat2_low_PE_028_contigs,Bacteria,Firmicutes_A,Clostridia,Lachnospirales,Lachnospiraceae,Faecalicatena
6.888122764,1.227790901,2.02e-08,2.13e-08,SAMEA3387478__metabat2_high_PE_013_contigs,Bacteria,Actinobacteriota,Actinobacteria,Actinomycetales,Bifidobacteriaceae,Bifidobacterium
30.0,0.887032644,9.81e-251,7.24e-250,SAMEA3387478__metabat2_high_PE_043_contigs,Bacteria,Firmicutes,Bacilli,Lactobacillales,Lactobacillaceae,Lactobacillus_B
30.0,0.828437321,3.83e-287,3.75e-286,SAMEA3387479__metabat2_high_PE_023_contigs,Bacteria,Firmicutes_C,Negativicutes,Acidaminococcales,Acidaminococcaceae,Phascolarctobacterium_A
29.69564946,1.214758068,5.59e-132,1.17e-131,SAMEA3387485__metabat2_high_PE_030_contigs,Bacteria,Firmicutes_A,Clostridia,Lachnospirales,Lachnospiraceae,Lachnospira
30.0,1.272780993,7.75e-123,1.42e-122,SAMEA3387485__metabat2_high_PE_042_contigs,Bacteria,Actinobacteriota,Coriobacteriia,Coriobacteriales,Coriobacteriaceae,Collinsella
7.701353429,0.869835974,8.46e-19,9.21e-19,SAMEA3387485__metabat2_low_PE_020_contigs,Bacteria,Firmicutes_A,Clostridia,Lachnospirales,Lachnospiraceae,Agathobacter
29.52051743,0.983880834,8.66e-198,4.07e-197,SAMEA3387489__metabat2_low_PE_017_contigs,Bacteria,Firmicutes_A,Clostridia,Lachnospirales,Anaerotignaceae,Anaerotignum
30.0,1.141050976,2.4e-152,6.33e-152,SAMEA3387491__metabat2_low_PE_013_contigs,Bacteria,Firmicutes_A,Clostridia,Lachnospirales,Lachnospiraceae,Clostridium_Q
30.0,0.827408283,7.49e-288,7.47e-287,SAMEA3387493__maxbin2_low_prob_016_contigs,Bacteria,Firmicutes_C,Negativicutes,Veillonellales,Megasphaeraceae,Megasphaera
30.0,0.784531323,0.0,0.0,SAMEA3387494__metabat2_low_PE_002_contigs,Bacteria,Firmicutes,Bacilli,Erysipelotrichales,Erysipelotrichaceae,Solobacterium
6.31614045,1.184616251,9.72e-08,1.02e-07,SAMEA3387494__metabat2_low_PE_020_contigs,Bacteria,Firmicutes_A,Clostridia,Lachnospirales,Lachnospiraceae,Faecalicatena
6.301140473,1.807103412,0.000488703,0.000504889,SAMEA3387494__metabat2_low_PE_042_contigs,Bacteria,Firmicutes,Bacilli,Erysipelotrichales,Erysipelotrichaceae,CAG-536
25.25786412,0.604728322,0.0,0.0,SAMEA3387494__metabat2_low_PE_043_contigs,Bacteria,Firmicutes_A,Clostridia,Lachnospirales,Lachnospiraceae,Blautia_A
30.0,0.806328424,5.52e-303,6.43e-302,SAMEA3387495__metabat2_high_PE_011_contigs,Bacteria,Firmicutes_A,Clostridia,Oscillospirales,Ruminococcaceae,Negativibacillus
30.0,0.745017399,0.0,0.0,SAMEA3387495__metabat2_high_PE_036_contigs,Bacteria,Firmicutes_A,Clostridia,Lachnospirales,Lachnospiraceae,Blautia_A
30.0,0.898530406,2.06e-244,1.45e-243,SAMEA3387496__metabat2_high_PE_007_contigs,Bacteria,Firmicutes_B,Peptococcia,Peptococcales,Peptococcaceae,
30.0,1.891836748,1.25e-56,1.48e-56,SAMEA3387496__metabat2_high_PE_035_contigs,Bacteria,Bacteroidota,Bacteroidia,Bacteroidales,Marinifilaceae,Odoribacter
29.8896424,0.728121773,0.0,0.0,SAMEA3387496__metabat2_low_PE_018_contigs,Bacteria,Bacteroidota,Bacteroidia,Bacteroidales,Tannerellaceae,Parabacteroides
30.0,0.889449125,2.19e-249,1.57e-248,SAMEA3387500__metabat2_high_PE_001_contigs,Bacteria,Firmicutes_A,Clostridia,Lachnospirales,Lachnospiraceae,Blautia
30.0,0.521397829,0.0,0.0,SAMEA3387500__metabat2_high_PE_009_contigs,Bacteria,Firmicutes_A,Clostridia,Lachnospirales,Lachnospiraceae,Clostridium_Q
11.07857438,0.758335535,2.46e-48,2.79e-48,SAMEA3387500__metabat2_high_PE_015_contigs,Bacteria,Firmicutes_A,Clostridia,Lachnospirales,Lachnospiraceae,Dorea
7.331630536,0.871571103,4.03e-17,4.38e-17,SAMEA3387500__metabat2_low_PE_011_contigs,Bacteria,Firmicutes_A,Clostridia,Lachnospirales,Lachnospiraceae,Blautia_A
30.0,0.725062183,0.0,0.0,SAMEA3387508__maxbin2_high_prob_017_contigs,Bacteria,Bacteroidota,Bacteroidia,Bacteroidales,Bacteroidaceae,Bacteroides_A
30.0,1.003484979,2.23e-196,1.02e-195,SAMEA3387508__maxbin2_high_prob_020_contigs,Bacteria,Firmicutes_A,Clostridia,Lachnospirales,Lachnospiraceae,Blautia
9.601932532,0.861162877,7.16e-29,7.94e-29,SAMEA3387508__metabat2_high_PE_018_contigs,Bacteria,Firmicutes_A,Clostridia,Lachnospirales,Lachnospiraceae,Blautia_A
30.0,1.015920865,1.19e-191,5.08e-191,SAMEA3387509__metabat2_high_PE_027_contigs,Bacteria,Firmicutes_A,Clostridia,Lachnospirales,Lachnospiraceae,Dorea
30.0,1.368409077,1.56e-106,2.43e-106,SAMEA3387509__metabat2_low_PE_046_contigs,Bacteria,Bacteroidota,Bacteroidia,Bacteroidales,Rikenellaceae,Alistipes_A
29.76149231,0.695503098,0.0,0.0,SAMEA3387511__metabat2_low_PE_011_contigs,Bacteria,Firmicutes_A,Clostridia,Oscillospirales,Ruminococcaceae,Gemmiger
30.0,0.69706867,0.0,0.0,SAMEA3387512__maxbin2_low_prob_006_contigs,Bacteria,Bacteroidota,Bacteroidia,Bacteroidales,Bacteroidaceae,Prevotella
30.0,0.89918865,4.66e-244,3.24e-243,SAMEA3387515__metabat2_high_PE_030_contigs,Bacteria,Firmicutes,Bacilli,Erysipelotrichales,Erysipelatoclostridiaceae,Catenibacterium
30.0,1.229077789,1.39e-131,2.87e-131,SAMEA3387519__metabat2_low_PE_021_contigs,Bacteria,Firmicutes,Bacilli,Lactobacillales,Lactobacillaceae,Lactobacillus_B
27.03050656,1.217133214,2.85e-109,4.54e-109,SAMEA3663006__metabat2_high_PE_027_contigs,Bacteria,Proteobacteria,Gammaproteobacteria,Burkholderiales,Rhodocyclaceae,
30.0,0.833367928,8.83e-284,8.45e-283,SAMEA3663006__metabat2_high_PE_028_contigs,Bacteria,Firmicutes,Bacilli,Lactobacillales,Lactobacillaceae,Lactobacillus
26.00540232,1.338295345,4.16e-84,5.67e-84,SAMEA3663006__metabat2_low_PE_018_contigs,Bacteria,Verrucomicrobiota_A,Chlamydiia,Chlamydiales,Chlamydiaceae,Chlamydia
28.94176091,0.652257093,0.0,0.0,SAMEA3663006__metabat2_low_PE_025_contigs,Bacteria,Cyanobacteria,Vampirovibrionia,Gastranaerophilales,Gastranaerophilaceae,
27.59052413,1.034830153,1.3e-156,3.65e-156,SAMEA3663006__metabat2_low_PE_028_contigs,Bacteria,Firmicutes,Bacilli,RF39,CAG-822,UBA5364
30.0,0.964847331,2.99e-212,1.65e-211,SAMEA3663010__metabat2_high_PE_006_contigs,Bacteria,Firmicutes_A,Clostridia,Oscillospirales,Oscillospiraceae,CAG-83
30.0,1.086252927,6.79e-168,2.13e-167,SAMEA3663010__metabat2_high_PE_011_contigs,Bacteria,Spirochaetota,Spirochaetia,Treponematales,Treponemataceae,Treponema_D
30.0,1.28599824,2.3e-120,4.07e-120,SAMEA3663010__metabat2_high_PE_013_contigs,Bacteria,Spirochaetota,Spirochaetia,Treponematales,Treponemataceae,Treponema_D
26.59652789,1.259748142,6.1e-99,9.01e-99,SAMEA3663010__metabat2_high_PE_026_contigs,Bacteria,Cyanobacteria,Vampirovibrionia,Gastranaerophilales,Gastranaerophilaceae,CAG-196
25.78314959,1.485480322,1.75e-67,2.18e-67,SAMEA3663010__metabat2_low_PE_026_contigs,Bacteria,Proteobacteria,Alphaproteobacteria,Rs-D84,Rs-D84,Rs-D84
30.0,0.77159636,0.0,0.0,SAMEA3663013__metabat2_high_PE_026_contigs,Bacteria,Campylobacterota,Campylobacteria,Campylobacterales,Campylobacteraceae,Campylobacter
30.0,1.00916813,3.39e-194,1.51e-193,SAMEA3663013__metabat2_low_PE_021_contigs,Bacteria,Bacteroidota,Bacteroidia,Bacteroidales,Bacteroidaceae,Prevotellamassilia
29.49551908,0.784350847,0.0,0.0,SAMEA3663015__maxbin2_high_prob_010_contigs,Bacteria,Bacteroidota,Bacteroidia,Bacteroidales,Muribaculaceae,UBA7173_A
30.0,1.387715899,1.21e-103,1.85e-103,SAMEA3663015__maxbin2_low_prob_022_contigs,Bacteria,Firmicutes_A,Clostridia,Christensenellales,CAG-138,
29.60154687,1.229491847,4.43e-128,8.77e-128,SAMEA3663015__metabat2_high_PE_017_contigs,Bacteria,Bacteroidota,Bacteroidia,Bacteroidales,UBA932,RC9
29.68641481,1.085243659,9.52e-165,2.91e-164,SAMEA3663015__metabat2_high_PE_024_contigs,Bacteria,Bacteroidota,Bacteroidia,Bacteroidales,Muribaculaceae,
30.0,1.183513148,9.39e-142,2.22e-141,SAMEA3663015__metabat2_low_PE_008_contigs,Bacteria,Bacteroidota,Bacteroidia,Bacteroidales,P3,UBA3388
24.54259968,1.529120239,5.7e-58,6.79e-58,SAMEA3663015__metabat2_low_PE_015_contigs,Bacteria,Elusimicrobiota,Elusimicrobia,Elusimicrobiales,Elusimicrobiaceae,UBA1174
30.0,1.033853987,3.94e-185,1.51e-184,SAMEA3663015__metabat2_low_PE_019_contigs,Bacteria,Bacteroidota,Bacteroidia,Bacteroidales,Bacteroidaceae,UBA4334
28.88170013,1.209179017,4.35e-126,8.31e-126,SAMEA3663015__metabat2_low_PE_032_contigs,Bacteria,Bacteroidota,Bacteroidia,Bacteroidales,Paludibacteraceae,
30.0,1.161257543,3.68e-147,9.21e-147,SAMEA3663023__maxbin2_low_prob_004_contigs,Bacteria,Firmicutes_C,Negativicutes,Selenomonadales,Selenomonadaceae,Anaerovibrio
30.0,1.174499215,6.6e-144,1.6e-143,SAMEA3663023__maxbin2_low_prob_014_contigs,Bacteria,Bacteroidota,Bacteroidia,Bacteroidales,UBA932,RC9
28.94682079,0.993984735,1.89e-186,7.37e-186,SAMEA3663023__maxbin2_low_prob_025_contigs,Bacteria,Cyanobacteria,Vampirovibrionia,Gastranaerophilales,Gastranaerophilaceae,Zag111
27.15900104,1.216698534,2.27e-110,3.63e-110,SAMEA3663023__metabat2_high_PE_021_contigs,Bacteria,Firmicutes_A,Clostridia,Oscillospirales,Acutalibacteraceae,Eubacterium_R
29.70535159,1.003341961,1.24e-192,5.36e-192,SAMEA3663023__metabat2_high_PE_022_contigs,Bacteria,Bacteroidota,Bacteroidia,Bacteroidales,Muribaculaceae,CAG-279
28.35789596,0.774576962,1.92e-293,2.04e-292,SAMEA3663023__metabat2_low_PE_005_contigs,Bacteria,Firmicutes_A,Clostridia,Oscillospirales,Ruminococcaceae,Gemmiger
9.98662221,0.563692702,3.13e-70,3.95e-70,SAMEA3663023__metabat2_low_PE_007_contigs,Bacteria,Firmicutes_A,Clostridia,Lachnospirales,Lachnospiraceae,Acetatifactor
30.0,0.876472167,9.23e-257,7.32e-256,SAMEA3663023__metabat2_low_PE_017_contigs,Bacteria,Firmicutes_C,Negativicutes,Acidaminococcales,Acidaminococcaceae,Phascolarctobacterium_A
28.09378838,1.163975601,1.05e-128,2.08e-128,SAMEA3663023__metabat2_low_PE_030_contigs,Bacteria,Bacteroidota,Bacteroidia,Bacteroidales,UBA932,RC9
30.0,1.053389263,2.1e-178,7.61e-178,SAMEA3663023__metabat2_low_PE_038_contigs,Bacteria,Bacteroidota,Bacteroidia,Bacteroidales,Bacteroidaceae,Prevotella
29.94042868,1.267039479,1.89e-123,3.48e-123,SAMEA3663025__maxbin2_high_prob_021_contigs,Bacteria,Firmicutes_A,Clostridia,Oscillospirales,Ruminococcaceae,
29.23797095,0.915321674,6.79e-224,4.03e-223,SAMEA3663025__metabat2_high_PE_004_contigs,Bacteria,Bacteroidota,Bacteroidia,Bacteroidales,Muribaculaceae,CAG-485
27.64422094,1.180851,3.35e-121,5.99e-121,SAMEA3663025__metabat2_high_PE_005_contigs,Bacteria,Campylobacterota,Campylobacteria,Campylobacterales,Campylobacteraceae,Campylobacter
29.09077097,1.160939927,1.43e-138,3.28e-138,SAMEA3663025__metabat2_high_PE_042_contigs,Bacteria,Firmicutes,Bacilli,RFN20,CAG-449,
30.0,1.329050581,8.07e-113,1.32e-112,SAMEA3663025__metabat2_low_PE_001_contigs,Bacteria,Firmicutes_A,Clostridia,4C28d-15,UBA1242,UBA7862
28.55955111,1.304074086,2.58e-106,4.02e-106,SAMEA3663025__metabat2_low_PE_002_contigs,Bacteria,Myxococcota,Bradimonadia,Bradymonadales,UBA4248,UBA4248
28.82815338,1.088239157,1.24e-154,3.4e-154,SAMEA3663025__metabat2_low_PE_014_contigs,Bacteria,Bacteroidota,Bacteroidia,Bacteroidales,Muribaculaceae,CAG-279
27.83038213,1.204043745,3.34e-118,5.74e-118,SAMEA3663025__metabat2_low_PE_027_contigs,Bacteria,Firmicutes_A,Clostridia,Peptostreptococcales,Anaerovoracaceae,CAG-145
30.0,1.099615334,6.89e-164,2.07e-163,SAMEA3663025__metabat2_low_PE_039_contigs,Bacteria,Bacteroidota,Bacteroidia,Bacteroidales,Muribaculaceae,C941
30.0,1.233237349,1.04e-130,2.11e-130,SAMEA3663025__metabat2_low_PE_053_contigs,Bacteria,Bacteroidota,Bacteroidia,Bacteroidales,UBA932,RC9
29.49694813,1.091848555,9.69e-161,2.88e-160,SAMEA3663026__maxbin2_low_prob_019_contigs,Bacteria,Fibrobacterota,Fibrobacteria,Fibrobacterales,Fibrobacteraceae,Fibrobacter_A
28.36530677,1.196035023,2.46e-124,4.62e-124,SAMEA3663026__maxbin2_low_prob_030_contigs,Bacteria,Firmicutes_A,Clostridia,Oscillospirales,Acutalibacteraceae,CAG-488
30.0,1.152027213,1.7e-149,4.36e-149,SAMEA3663026__metabat2_high_PE_017_contigs,Bacteria,Spirochaetota,Spirochaetia,Treponematales,Treponemataceae,Treponema_D
29.38539752,0.970491201,2.17e-201,1.05e-200,SAMEA3663026__metabat2_low_PE_012_contigs,Bacteria,Firmicutes_A,Clostridia,Lachnospirales,Lachnospiraceae,CAG-127
27.61789357,1.150032808,1.94e-127,3.78e-127,SAMEA3663026__metabat2_low_PE_014_contigs,Bacteria,Firmicutes,Bacilli,RF39,CAG-302,CAG-302
28.2040693,1.216505271,6.53e-119,1.14e-118,SAMEA3663026__metabat2_low_PE_017_contigs,Bacteria,Bacteroidota,Bacteroidia,Bacteroidales,UBA932,RC9
27.08344885,1.164838107,1.4e-119,2.45e-119,SAMEA3663028__metabat2_low_PE_020_contigs,Bacteria,Firmicutes_A,Clostridia,4C28d-15,UBA3700,UBA3700
30.0,1.233263318,1.05e-130,2.13e-130,SAMEA3663028__metabat2_low_PE_034_contigs,Bacteria,Bacteroidota,Bacteroidia,Bacteroidales,UBA932,UBA1232
29.56448153,0.959514405,1.81e-208,9.54e-208,SAMEA3663028__metabat2_low_PE_038_contigs,Bacteria,Bacteroidota,Bacteroidia,Bacteroidales,Bacteroidaceae,Prevotella
29.63018715,1.042945152,1.52e-177,5.37e-177,SAMEA3663036__metabat2_high_PE_014_contigs,Bacteria,Bacteroidota,Bacteroidia,Bacteroidales,Bacteroidaceae,Prevotella
30.0,1.071291234,1.47e-172,4.99e-172,SAMEA3663036__metabat2_high_PE_015_contigs,Bacteria,Bacteroidota,Bacteroidia,Bacteroidales,Paludibacteraceae,RF16
30.0,1.047093961,1.57e-180,5.8e-180,SAMEA3663036__metabat2_high_PE_022_contigs,Bacteria,Bacteroidota,Bacteroidia,Bacteroidales,Bacteroidaceae,UBA4372
29.78905315,1.056529482,6.7e-175,2.31e-174,SAMEA3663036__metabat2_high_PE_029_contigs,Bacteria,Bacteroidota,Bacteroidia,Bacteroidales,UBA932,RC9
28.19540914,1.006659267,1.27e-172,4.31e-172,SAMEA3663036__metabat2_high_PE_031_contigs,Bacteria,Bacteroidota,Bacteroidia,Bacteroidales,Bacteroidaceae,Prevotella
29.29142989,1.130818074,6.18e-148,1.57e-147,SAMEA3663036__metabat2_high_PE_032_contigs,Bacteria,Bacteroidota,Bacteroidia,Bacteroidales,UBA932,RC9
27.06788999,1.231460653,4.44e-107,6.98e-107,SAMEA3663036__metabat2_low_PE_004_contigs,Bacteria,Spirochaetota,Spirochaetia,Treponematales,Treponemataceae,Treponema_D
28.29664109,1.051268411,1.4e-159,4.12e-159,SAMEA3663036__metabat2_low_PE_026_contigs,Bacteria,Bacteroidota,Bacteroidia,Bacteroidales,Muribaculaceae,CAG-873
29.91088387,1.118393531,1.43e-157,4.08e-157,SAMEA3663036__metabat2_low_PE_028_contigs,Bacteria,Bacteroidota,Bacteroidia,Bacteroidales,Muribaculaceae,
28.05384683,1.160574472,4.34e-129,8.7e-129,SAMEA3663036__metabat2_low_PE_031_contigs,Bacteria,Bacteroidota,Bacteroidia,Bacteroidales,UBA932,RC9
30.0,1.296004433,1.52e-118,2.63e-118,SAMEA3663036__metabat2_low_PE_036_contigs,Bacteria,Bacteroidota,Bacteroidia,Bacteroidales,Paludibacteraceae,
30.0,1.036365074,3.03e-184,1.15e-183,SAMEA3663036__metabat2_low_PE_037_contigs,Bacteria,Bacteroidota,Bacteroidia,Bacteroidales,Bacteroidaceae,Prevotella
26.30010589,1.117034722,1.43e-122,2.6e-122,SAMEA3663036__metabat2_low_PE_039_contigs,Bacteria,Firmicutes_A,Clostridia,Oscillospirales,CAG-272,Firm-07
29.02617862,1.092353553,1.42e-155,3.94e-155,SAMEA3663038__metabat2_low_PE_024_contigs,Bacteria,Firmicutes_A,Clostridia,Oscillospirales,Ruminococcaceae,HUN007
27.19254921,1.030333638,1.69e-153,4.55e-153,SAMEA3663038__metabat2_low_PE_030_contigs,Bacteria,Firmicutes_A,Clostridia,Lachnospirales,Lachnospiraceae,NK4A136
29.54567666,1.01335913,6.98e-187,2.76e-186,SAMEA3663038__metabat2_low_PE_036_contigs,Bacteria,Bacteroidota,Bacteroidia,Bacteroidales,Bacteroidaceae,Prevotella
30.0,1.207696784,3.26e-136,7.2e-136,SAMEA3663039__metabat2_low_PE_003_contigs,Bacteria,Firmicutes_A,Clostridia,Lachnospirales,Lachnospiraceae,UBA7096
28.97637929,0.867973975,2.35e-244,1.64e-243,SAMEA3663039__metabat2_low_PE_029_contigs,Bacteria,Firmicutes_A,Clostridia,Oscillospirales,Acutalibacteraceae,Eubacterium_R
27.48631057,1.195082376,4.71e-117,7.96e-117,SAMEA3663046__maxbin2_low_prob_001_contigs,Bacteria,Firmicutes_A,Clostridia,4C28d-15,CAG-917,CAG-475
28.21068659,0.953464307,2.16e-192,9.24e-192,SAMEA3663046__metabat2_high_PE_005_contigs,Bacteria,Firmicutes,Bacilli,ML615J-28,CAG-698,
27.69980919,1.1842786,5.45e-121,9.71e-121,SAMEA3663046__metabat2_low_PE_014_contigs,Bacteria,Firmicutes_A,Clostridia,Oscillospirales,CAG-272,CAG-724
28.27232569,1.0585087,3.64e-157,1.02e-156,SAMEA3663047__metabat2_low_PE_007_contigs,Bacteria,Firmicutes_A,Clostridia,Lachnospirales,Lachnospiraceae,SZUA-378
4.797199474,1.586692926,0.002499557,0.002568621,SAMEA3663047__metabat2_low_PE_016_contigs,Bacteria,Campylobacterota,Campylobacteria,Campylobacterales,Helicobacteraceae,Helicobacter_F
30.0,1.002505764,9.3e-197,4.3e-196,SAMEA3663047__metabat2_low_PE_025_contigs,Bacteria,Bacteroidota,Bacteroidia,Bacteroidales,Bacteroidaceae,Prevotellamassilia
27.51789123,1.226387688,1.67e-111,2.69e-111,SAMEA3663047__metabat2_low_PE_040_contigs,Bacteria,Firmicutes_A,Clostridia,4C28d-15,CAG-917,CAG-475
30.0,0.959097179,8.89e-215,5e-214,SAMEA3663048__metabat2_high_PE_014_contigs,Bacteria,Bacteroidota,Bacteroidia,Bacteroidales,Bacteroidaceae,Prevotella
30.0,1.440835014,2.78e-96,4.01e-96,SAMEA3663052__metabat2_high_PE_014_contigs,Bacteria,Proteobacteria,Gammaproteobacteria,Enterobacterales,Succinivibrionaceae,UBA2810
28.21303291,1.43407728,3.65e-86,5.03e-86,SAMEA3663052__metabat2_low_PE_012_contigs,Bacteria,Firmicutes_A,Clostridia,Lachnospirales,Lachnospiraceae,UBA2727
7.321842309,0.893176129,2.45e-16,2.66e-16,SAMEA3663052__metabat2_low_PE_022_contigs,Bacteria,Firmicutes_A,Clostridia,Oscillospirales,Ruminococcaceae,Faecalibacterium
30.0,1.30472856,5.44e-117,9.13e-117,SAMEA3663054__maxbin2_low_prob_026_contigs,Bacteria,Bacteroidota,Bacteroidia,Bacteroidales,Bacteroidaceae,Prevotella
29.71076262,1.061474787,2.15e-172,7.25e-172,SAMEA3663054__metabat2_high_PE_006_contigs,Bacteria,Firmicutes_A,Clostridia,Lachnospirales,Lachnospiraceae,UBA2727
28.71480448,1.197515201,4.64e-127,9e-127,SAMEA3663054__metabat2_low_PE_021_contigs,Bacteria,Firmicutes_A,Clostridia,Oscillospirales,Oscillospiraceae,F23-B02
27.88945682,1.009043213,3.73e-168,1.18e-167,SAMEA3663057__metabat2_high_PE_009_contigs,Bacteria,Firmicutes_A,Clostridia,TANB77,CAG-508,CAG-492
30.0,1.050693943,2.61e-179,9.6e-179,SAMEA3663057__metabat2_low_PE_007_contigs,Bacteria,Spirochaetota,Spirochaetia,Treponematales,Treponemataceae,Treponema_D
28.23654484,1.535302389,1.54e-75,1.99e-75,SAMEA3663064__metabat2_low_PE_027_contigs,Bacteria,Firmicutes,Bacilli,Mycoplasmatales,Mycoplasmoidaceae,
30.0,1.122233782,1.98e-157,5.59e-157,SAMEA3663069__metabat2_low_PE_007_contigs,Bacteria,Bacteroidota,Bacteroidia,Bacteroidales,Bacteroidaceae,Prevotella
30.0,1.18612007,3.86e-141,9.03e-141,SAMEA3663070__metabat2_low_PE_033_contigs,Bacteria,Bacteroidota,Bacteroidia,Bacteroidales,Bacteroidaceae,Prevotella
29.6631109,1.230822163,2.49e-128,4.92e-128,SAMEA3663072__metabat2_low_PE_011_contigs,Bacteria,Firmicutes_A,Clostridia,Peptostreptococcales,Anaerovoracaceae,CAG-145
11.24487788,1.214385081,2.05e-20,2.24e-20,SAMEA3663072__metabat2_low_PE_026_contigs,Bacteria,Bacteroidota,Bacteroidia,Bacteroidales,UBA932,RC9
30.0,1.138488512,5.03e-153,1.34e-152,SAMEA3663077__maxbin2_high_prob_011_contigs,Bacteria,Bacteroidota,Bacteroidia,Bacteroidales,Paludibacteraceae,
29.44222667,1.208828663,5.01e-131,1.02e-130,SAMEA3663077__metabat2_high_PE_010_contigs,Bacteria,Bacteroidota,Bacteroidia,Bacteroidales,Paludibacteraceae,RF16
28.90179999,1.377294032,9.09e-98,1.33e-97,SAMEA3663077__metabat2_low_PE_009_contigs,Bacteria,Proteobacteria,Alphaproteobacteria,Rs-D84,Rs-D84,Rs-D84
29.39007451,1.364383133,6.44e-103,9.81e-103,SAMEA3663082__metabat2_high_PE_018_contigs,Bacteria,Bacteroidota,Bacteroidia,Bacteroidales,Paludibacteraceae,RF16
30.0,1.252183571,7.6e-127,1.46e-126,SAMEA3663082__metabat2_low_PE_011_contigs,Bacteria,Spirochaetota,Spirochaetia,Treponematales,Treponemataceae,Treponema_D
29.71478231,1.188490737,5.8e-138,1.31e-137,SAMEA3663082__metabat2_low_PE_031_contigs,Bacteria,Spirochaetota,Spirochaetia,Sphaerochaetales,Sphaerochaetaceae,UBA5920
30.0,1.034501929,6.68e-185,2.55e-184,SAMEA3663083__maxbin2_low_prob_012_contigs,Bacteria,Bacteroidota,Bacteroidia,Bacteroidales,Bacteroidaceae,Prevotella
28.17396174,1.016088025,3.22e-169,1.03e-168,SAMEA3663083__metabat2_high_PE_004_contigs,Bacteria,Bacteroidota,Bacteroidia,Bacteroidales,Bacteroidaceae,Prevotella
29.33641285,1.175668713,1.98e-137,4.46e-137,SAMEA3663083__metabat2_high_PE_031_contigs,Bacteria,Firmicutes,Bacilli,RFN20,CAG-826,UBA4855
29.43656679,1.077629723,2.74e-164,8.27e-164,SAMEA3663084__metabat2_high_PE_002_contigs,Bacteria,Proteobacteria,Gammaproteobacteria,Enterobacterales,Succinivibrionaceae,Succinivibrio
30.0,1.020883249,8.21e-190,3.39e-189,SAMEA3663084__metabat2_high_PE_009_contigs,Bacteria,Bacteroidota,Bacteroidia,Bacteroidales,Bacteroidaceae,Prevotella
28.55443003,1.172174681,4.52e-131,9.26e-131,SAMEA3663084__metabat2_high_PE_011_contigs,Bacteria,Firmicutes,Bacilli,RF39,CAG-1000,CAG-533
28.18390947,1.138749046,3.11e-135,6.76e-135,SAMEA3663084__metabat2_high_PE_020_contigs,Bacteria,Firmicutes,Bacilli,RF39,CAG-611,CAG-710
30.0,1.090810265,1.64e-166,5.06e-166,SAMEA3663084__metabat2_low_PE_028_contigs,Bacteria,Bacteroidota,Bacteroidia,Bacteroidales,Paludibacteraceae,RF16
30.0,1.08811999,2.51e-167,7.84e-167,SAMEA3663085__maxbin2_low_prob_021_contigs,Bacteria,Fibrobacterota,Fibrobacteria,Fibrobacterales,Fibrobacteraceae,Fibrobacter
30.0,0.713865701,0.0,0.0,SAMEA3663085__metabat2_high_PE_025_contigs,Bacteria,Bacteroidota,Bacteroidia,Bacteroidales,Bacteroidaceae,Prevotella
30.0,1.116495029,4.95e-159,1.44e-158,SAMEA3663085__metabat2_low_PE_011_contigs,Bacteria,Spirochaetota,Spirochaetia,Treponematales,Treponemataceae,Treponema_D
30.0,1.027840906,2.8e-187,1.12e-186,SAMEA3663092__metabat2_high_PE_017_contigs,Bacteria,Bacteroidota,Bacteroidia,Bacteroidales,Bacteroidaceae,Prevotella
30.0,0.942350362,2.1e-222,1.23e-221,SAMEA3663092__metabat2_high_PE_027_contigs,Bacteria,Firmicutes_A,Clostridia,Oscillospirales,Oscillospiraceae,CAG-110
27.56999112,1.432290865,1.44e-82,1.96e-82,SAMEA3663092__metabat2_low_PE_002_contigs,Bacteria,Firmicutes,Bacilli,Mycoplasmatales,Metamycoplasmataceae,UBA710
28.56705263,1.374132427,5.43e-96,7.81e-96,SAMEA3663093__metabat2_high_PE_008_contigs,Bacteria,Proteobacteria,Alphaproteobacteria,RF32,CAG-239,
30.0,1.045796392,5.66e-181,2.1e-180,SAMEA3663093__metabat2_low_PE_025_contigs,Bacteria,Spirochaetota,Spirochaetia,Treponematales,Treponemataceae,Treponema_D
28.89707162,1.117654833,2.13e-147,5.38e-147,SAMEA3663094__metabat2_low_PE_004_contigs,Bacteria,Bacteroidota,Bacteroidia,Bacteroidales,Bacteroidaceae,Prevotellamassilia
29.60133936,1.010823556,1.64e-188,6.69e-188,SAMEA3663095__metabat2_high_PE_002_contigs,Bacteria,Bacteroidota,Bacteroidia,Bacteroidales,Muribaculaceae,C941
29.81200804,1.065638999,3.21e-172,1.08e-171,SAMEA3663095__metabat2_high_PE_003_contigs,Bacteria,Bacteroidota,Bacteroidia,Bacteroidales,Bacteroidaceae,Prevotella
30.0,2.003405595,1.08e-50,1.24e-50,SAMEA3663095__metabat2_high_PE_014_contigs,Bacteria,Firmicutes,Bacilli,Erysipelotrichales,Erysipelotrichaceae,Solobacterium
29.75526023,1.330660593,9.38e-111,1.5e-110,SAMEA3663095__metabat2_high_PE_021_contigs,Bacteria,Firmicutes_C,Negativicutes,Veillonellales,Dialisteraceae,Dialister
30.0,1.051985553,7.11e-179,2.59e-178,SAMEA3663095__metabat2_low_PE_016_contigs,Bacteria,Bacteroidota,Bacteroidia,Bacteroidales,Bacteroidaceae,Prevotella
30.0,1.024465509,1.68e-188,6.82e-188,SAMEA3663095__metabat2_low_PE_021_contigs,Bacteria,Bacteroidota,Bacteroidia,Bacteroidales,Bacteroidaceae,Prevotella
26.40461385,1.248288009,2.61e-99,3.86e-99,SAMEA3663095__metabat2_low_PE_024_contigs,Bacteria,Firmicutes_A,Clostridia,Lachnospirales,Lachnospiraceae,Oribacterium
27.16291496,1.303631058,2.03e-96,2.93e-96,SAMEA3663095__metabat2_low_PE_027_contigs,Bacteria,Firmicutes_A,Clostridia,Lachnospirales,Lachnospiraceae,Eubacterium_H
28.34471624,1.307130716,2.86e-104,4.4e-104,SAMEA3663095__metabat2_low_PE_028_contigs,Bacteria,Firmicutes_C,Negativicutes,Acidaminococcales,Acidaminococcaceae,Acidaminococcus
29.44647842,1.397347028,1.4e-98,2.07e-98,SAMEA3663096__metabat2_high_PE_015_contigs,Bacteria,Firmicutes,Bacilli,RFN20,CAG-288,UBA7642
8.040664797,0.967269615,9.35e-17,1.01e-16,SAMEA3663096__metabat2_low_PE_010_contigs,Bacteria,Firmicutes_A,Clostridia,TANB77,CAG-508,CAG-273
27.59214769,1.171914341,1.43e-122,2.6e-122,SAMEA3663097__maxbin2_low_prob_013_contigs,Bacteria,Firmicutes_C,Negativicutes,Selenomonadales,Selenomonadaceae,Anaerovibrio
29.82920717,1.033129363,2.63e-183,9.94e-183,SAMEA3663097__metabat2_low_PE_001_contigs,Bacteria,Bacteroidota,Bacteroidia,Bacteroidales,Bacteroidaceae,F0040
30.0,0.982530556,9.39e-205,4.71e-204,SAMEA3663099__metabat2_high_PE_014_contigs,Bacteria,Bacteroidota,Bacteroidia,Bacteroidales,Bacteroidaceae,Prevotella
28.45399485,0.997413237,5.3e-179,1.94e-178,SAMEA3663103__metabat2_high_PE_013_contigs,Bacteria,Bacteroidota,Bacteroidia,Bacteroidales,Bacteroidaceae,Prevotella
30.0,1.072970518,5.02e-172,1.67e-171,SAMEA3663103__metabat2_low_PE_014_contigs,Bacteria,Bacteroidota,Bacteroidia,Bacteroidales,Bacteroidaceae,Prevotella
28.12040238,1.099070266,2.21e-144,5.36e-144,SAMEA3663105__metabat2_low_PE_034_contigs,Bacteria,Bacteroidota,Bacteroidia,Bacteroidales,Bacteroidaceae,Prevotellamassilia
28.87081219,1.179056955,2.06e-132,4.37e-132,SAMEA3663112__metabat2_high_PE_008_contigs,Bacteria,Bacteroidota,Bacteroidia,Bacteroidales,Muribaculaceae,CAG-279
29.47662185,1.203037616,1.41e-132,2.99e-132,SAMEA3663112__metabat2_low_PE_006_contigs,Bacteria,Spirochaetota,Spirochaetia,Treponematales,Treponemataceae,Treponema_D
28.83830134,0.680863064,0.0,0.0,SAMEA3663112__metabat2_low_PE_018_contigs,Bacteria,Firmicutes_A,Clostridia,Lachnospirales,Lachnospiraceae,Blautia
29.47365116,0.862072485,3.49e-256,2.72e-255,SAMEA3663118__metabat2_high_PE_005_contigs,Bacteria,Bacteroidota,Bacteroidia,Bacteroidales,Muribaculaceae,CAG-485
28.40368186,0.996037858,7.28e-179,2.65e-178,SAMEA3663118__metabat2_high_PE_014_contigs,Bacteria,Cyanobacteria,Vampirovibrionia,Gastranaerophilales,Gastranaerophilaceae,UBA2883
30.0,1.132379904,1.17e-154,3.22e-154,SAMEA3663118__metabat2_high_PE_027_contigs,Bacteria,Bacteroidota,Bacteroidia,Bacteroidales,Bacteroidaceae,Prevotellamassilia
30.0,0.673188226,0.0,0.0,SAMEA3663124__metabat2_high_PE_028_contigs,Bacteria,Bacteroidota,Bacteroidia,Bacteroidales,Bacteroidaceae,Prevotella
26.10659952,1.188772409,6.8e-107,1.07e-106,SAMEA3663124__metabat2_low_PE_007_contigs,Bacteria,Proteobacteria,Alphaproteobacteria,RF32,CAG-239,51-20
30.0,0.908254758,2.98e-239,2e-238,SAMEA3663124__metabat2_low_PE_015_contigs,Bacteria,Bacteroidota,Bacteroidia,Bacteroidales,Bacteroidaceae,Prevotella
29.18518608,1.292268394,6.16e-113,1.01e-112,SAMEA3663125__metabat2_high_PE_025_contigs,Bacteria,Firmicutes,Bacilli,RF39,CAG-611,CAG-877
29.47091292,1.200381778,4.19e-133,8.97e-133,SAMEA3663135__metabat2_high_PE_003_contigs,Bacteria,Firmicutes_A,Clostridia,Lachnospirales,Lachnospiraceae,UBA629
27.81661752,1.151478147,6.26e-129,1.25e-128,SAMEA3663135__metabat2_low_PE_019_contigs,Bacteria,Firmicutes_A,Clostridia,Oscillospirales,Acutalibacteraceae,Ruminococcus_E
25.65193991,1.028262843,2.31e-137,5.17e-137,SAMEA3663138__metabat2_low_PE_014_contigs,Bacteria,Firmicutes_A,Clostridia,Lachnospirales,Lachnospiraceae,UBA1753
30.0,1.144328814,1.74e-151,4.53e-151,SAMEA3663147__metabat2_high_PE_011_contigs,Bacteria,Firmicutes_A,Clostridia,Lachnospirales,Lachnospiraceae,Agathobacter
29.06365986,1.207609435,5.53e-128,1.09e-127,SAMEA3663147__metabat2_high_PE_013_contigs,Bacteria,Firmicutes_A,Clostridia,Lachnospirales,Lachnospiraceae,Lachnospira
28.3931905,1.306236178,9.24e-105,1.43e-104,SAMEA3663158__metabat2_low_PE_015_contigs,Bacteria,Firmicutes_A,Clostridia,Lachnospirales,Lachnospiraceae,Clostridium_AI
9.456995039,1.152705929,2.32e-16,2.52e-16,SAMEA3663162__metabat2_low_PE_022_contigs,Bacteria,Firmicutes_A,Clostridia,Lachnospirales,Lachnospiraceae,Coprococcus_A
29.40209466,1.175652795,4.86e-138,1.1e-137,SAMEA3663175__metabat2_high_PE_014_contigs,Bacteria,Firmicutes_A,Clostridia,Lachnospirales,Lachnospiraceae,Lachnospira
30.0,1.109976673,7.01e-161,2.09e-160,SAMEA3663175__metabat2_low_PE_006_contigs,Bacteria,Spirochaetota,Spirochaetia,Treponematales,Treponemataceae,Treponema_D
30.0,1.009319032,3.87e-194,1.72e-193,SAMEA3663177__metabat2_low_PE_009_contigs,Bacteria,Bacteroidota,Bacteroidia,Bacteroidales,Bacteroidaceae,Prevotella
7.594580204,0.81237375,8.88e-21,9.71e-21,SAMEA3663178__metabat2_low_PE_020_contigs,Bacteria,Firmicutes_A,Clostridia,Oscillospirales,Ruminococcaceae,Gemmiger
28.88642764,0.963895022,2.53e-197,1.18e-196,SAMEA3663184__metabat2_low_PE_010_contigs,Bacteria,Bacteroidota,Bacteroidia,Bacteroidales,Bacteroidaceae,UBA4372
30.0,1.171752817,1.42e-144,3.47e-144,SAMEA3663186__metabat2_high_PE_009_contigs,Bacteria,Bacteroidota,Bacteroidia,Bacteroidales,UBA3663,UBA3663
30.0,1.209162889,6.9e-136,1.51e-135,SAMEA3663186__metabat2_low_PE_012_contigs,Bacteria,Firmicutes_A,Clostridia,Oscillospirales,Oscillospiraceae,F23-B02
30.0,0.834508142,5.19e-283,4.87e-282,SAMEA3663196__metabat2_high_PE_005_contigs,Bacteria,Firmicutes,Bacilli,Lactobacillales,Lactobacillaceae,Lactobacillus
30.0,1.229872412,2.04e-131,4.21e-131,SAMEA3663207__metabat2_high_PE_010_contigs,Bacteria,Firmicutes_A,Clostridia,Oscillospirales,Oscillospiraceae,
29.26208539,1.179144979,5.97e-136,1.31e-135,SAMEA3663207__metabat2_low_PE_007_contigs,Bacteria,Firmicutes_A,Clostridia,Oscillospirales,Oscillospiraceae,CAG-83
9.467100342,0.983747268,6.36e-22,6.98e-22,SAMEA3663207__metabat2_low_PE_011_contigs,Bacteria,Firmicutes_A,Clostridia,TANB77,CAG-508,CAG-273
30.0,1.332885674,3.5e-112,5.67e-112,SAMEA3663207__metabat2_low_PE_012_contigs,Bacteria,Firmicutes_A,Clostridia,Christensenellales,CAG-138,
28.24488299,1.117979682,7.9e-141,1.84e-140,SAMEA3663207__metabat2_low_PE_015_contigs,Bacteria,Firmicutes_A,Clostridia,Christensenellales,CAG-138,
30.0,1.006675768,3.79e-195,1.71e-194,SAMEA3663208__metabat2_high_PE_004_contigs,Bacteria,Bacteroidota,Bacteroidia,Bacteroidales,Bacteroidaceae,Prevotella
29.15707529,1.088360977,4.24e-158,1.22e-157,SAMEA3663208__metabat2_high_PE_016_contigs,Bacteria,Spirochaetota,Spirochaetia,Treponematales,Treponemataceae,Treponema_D
30.0,0.882187871,1.79e-253,1.33e-252,SAMEA3663208__metabat2_low_PE_010_contigs,Bacteria,Bacteroidota,Bacteroidia,Bacteroidales,Bacteroidaceae,Prevotella
30.0,1.084959734,2.73e-168,8.63e-168,SAMEA3663208__metabat2_low_PE_018_contigs,Bacteria,Bacteroidota,Bacteroidia,Bacteroidales,UBA932,RC9
30.0,1.054098397,3.63e-178,1.3e-177,SAMEA3663209__metabat2_high_PE_010_contigs,Bacteria,Bacteroidota,Bacteroidia,Bacteroidales,Marinilabiliaceae,
30.0,1.083975045,1.36e-168,4.33e-168,SAMEA3663223__maxbin2_low_prob_030_contigs,Bacteria,Firmicutes,Bacilli,RF39,CAG-302,CAG-914
30.0,1.078154802,2.14e-170,6.98e-170,SAMEA3663223__metabat2_high_PE_004_contigs,Bacteria,Bacteroidota,Bacteroidia,Bacteroidales,UBA932,RC9
26.22891737,1.112864682,8.05e-123,1.47e-122,SAMEA3663230__metabat2_high_PE_006_contigs,Bacteria,Firmicutes,Bacilli,RF39,CAG-1000,CAG-533
30.0,0.97147128,2.15e-209,1.15e-208,SAMEA3663230__metabat2_low_PE_017_contigs,Bacteria,Firmicutes_A,Clostridia,Oscillospirales,Oscillospiraceae,CAG-110
29.44755325,0.954219809,4.07e-209,2.16e-208,SAMEA3663230__metabat2_low_PE_027_contigs,Bacteria,Firmicutes,Bacilli,RF39,CAG-611,UBA3789
30.0,1.09819261,2.62e-164,7.94e-164,SAMEA3663235__metabat2_high_PE_030_contigs,Archaea,Euryarchaeota,Methanobacteria,Methanobacteriales,Methanobacteriaceae,Methanobrevibacter_A
30.0,1.177157458,2.88e-143,6.97e-143,SAMEA3663241__metabat2_high_PE_014_contigs,Bacteria,Spirochaetota,Spirochaetia,Treponematales,Treponemataceae,Treponema_D
28.56324486,0.869606698,1.29e-236,8.44e-236,SAMEA3663241__metabat2_low_PE_011_contigs,Bacteria,Firmicutes_A,Clostridia,TANB77,CAG-508,CAG-492
27.92996765,0.943708625,1.68e-192,7.27e-192,SAMEA3663242__metabat2_high_PE_014_contigs,Bacteria,Firmicutes_A,Clostridia,Christensenellales,CAG-138,RUG472
29.28610481,1.054582366,9.9e-170,3.2e-169,SAMEA3663242__metabat2_high_PE_022_contigs,Bacteria,Firmicutes_A,Clostridia,Oscillospirales,Oscillospiraceae,F23-B02
30.0,0.969355056,2.67e-210,1.43e-209,SAMEA3663243__metabat2_low_PE_027_contigs,Bacteria,Firmicutes,Bacilli,Lactobacillales,Streptococcaceae,Streptococcus
28.94678787,1.318551321,8.02e-107,1.26e-106,SAMEA3663246__metabat2_high_PE_017_contigs,Bacteria,Firmicutes_A,Clostridia,Oscillospirales,Acutalibacteraceae,CAG-177
29.05178339,1.214762793,2.11e-126,4.04e-126,SAMEA3663246__metabat2_low_PE_003_contigs,Bacteria,Bacteroidota,Bacteroidia,Bacteroidales,Paludibacteraceae,
30.0,1.375813104,2.07e-105,3.21e-105,SAMEA3663246__metabat2_low_PE_017_contigs,Bacteria,Firmicutes_A,Clostridia,Christensenellales,CAG-138,PeH17
27.95167084,1.234908571,1.98e-113,3.25e-113,SAMEA3663246__metabat2_low_PE_023_contigs,Bacteria,Bacteroidota,Bacteroidia,Bacteroidales,UBA932,RC9
30.0,1.226102348,3.26e-132,6.84e-132,SAMEA3663248__metabat2_high_PE_009_contigs,Bacteria,Firmicutes_A,Clostridia,Lachnospirales,Lachnospiraceae,UBA1712
29.23979884,1.149594739,1.04e-142,2.5e-142,SAMEA3663248__metabat2_low_PE_010_contigs,Bacteria,Firmicutes_A,Clostridia,Oscillospirales,Oscillospiraceae,CAG-110
30.0,0.748990121,0.0,0.0,SAMEA3663248__metabat2_low_PE_036_contigs,Bacteria,Firmicutes_A,Clostridia,Oscillospirales,Oscillospiraceae,UBA1777
30.0,1.248781689,1.58e-127,3.1e-127,SAMEA3663250__metabat2_low_PE_006_contigs,Bacteria,Firmicutes_A,Clostridia,Lachnospirales,Lachnospiraceae,UBA2868
26.84247018,1.597569155,2.36e-63,2.87e-63,SAMEA3663257__metabat2_high_PE_019_contigs,Bacteria,Bacteroidota,Bacteroidia,Bacteroidales,Paludibacteraceae,RF16
30.0,1.163060292,1.03e-146,2.59e-146,SAMEA3663257__metabat2_low_PE_015_contigs,Bacteria,Bacteroidota,Bacteroidia,Bacteroidales,UBA3663,UBA3663
27.85966768,1.071457401,4.74e-149,1.21e-148,SAMEA3663260__metabat2_high_PE_016_contigs,Bacteria,Firmicutes_A,Clostridia,Oscillospirales,Oscillospiraceae,CAG-110
27.93117084,1.214513965,4.9e-117,8.26e-117,SAMEA3663260__metabat2_low_PE_011_contigs,Bacteria,Firmicutes,Bacilli,RF39,UBA5348,CAG-1193
30.0,1.2949109,9.66e-119,1.68e-118,SAMEA3663260__metabat2_low_PE_022_contigs,Bacteria,Firmicutes_A,Clostridia,Oscillospirales,Oscillospiraceae,F23-B02
30.0,0.657398489,0.0,0.0,SAMEA3663263__metabat2_high_PE_031_contigs,Bacteria,Firmicutes_A,Clostridia,Oscillospirales,Oscillospiraceae,Oscillibacter
29.7878109,1.229419325,1.1e-129,2.2e-129,SAMEA3663263__metabat2_low_PE_013_contigs,Bacteria,Firmicutes_A,Clostridia,Oscillospirales,Acutalibacteraceae,CAG-177
26.13104145,1.692336513,8.7e-54,1.01e-53,SAMEA3663267__metabat2_high_PE_008_contigs,Bacteria,Firmicutes,Bacilli,RF39,CAG-1000,
30.0,0.93854558,3.41e-224,2.04e-223,SAMEA3663267__metabat2_low_PE_011_contigs,Bacteria,Firmicutes_A,Clostridia,TANB77,CAG-508,
25.99331648,1.10114002,3.36e-123,6.19e-123,SAMEA3663267__metabat2_low_PE_017_contigs,Bacteria,Firmicutes_A,Clostridia,Lachnospirales,Lachnospiraceae,
29.82218065,1.294285382,1.79e-117,3.05e-117,SAMEA3663269__metabat2_high_PE_014_contigs,Bacteria,Firmicutes_A,Clostridia,Christensenellales,CAG-138,PeH17
30.0,0.968489324,1.13e-210,6.19e-210,SAMEA3663269__metabat2_high_PE_027_contigs,Bacteria,Firmicutes_A,Clostridia,Oscillospirales,Oscillospiraceae,CAG-83
28.89615091,1.14579442,2.46e-140,5.72e-140,SAMEA3663269__metabat2_low_PE_031_contigs,Bacteria,Firmicutes_A,Clostridia,Lachnospirales,Lachnospiraceae,UBA2882
29.81303761,1.213298312,2.52e-133,5.42e-133,SAMEA3663271__maxbin2_low_prob_005_contigs,Bacteria,Spirochaetota,Spirochaetia,Treponematales,Treponemataceae,Treponema_D
29.86775755,1.243558252,1.8e-127,3.52e-127,SAMEA3663271__metabat2_high_PE_028_contigs,Bacteria,Firmicutes_A,Clostridia,Peptostreptococcales,Anaerovoracaceae,CAG-145
28.84346227,1.089179404,1.57e-154,4.29e-154,SAMEA3663271__metabat2_low_PE_018_contigs,Bacteria,Bacteroidota,Bacteroidia,Bacteroidales,Muribaculaceae,
27.49967699,1.221565745,3.18e-112,5.16e-112,SAMEA3663273__metabat2_low_PE_012_contigs,Bacteria,Firmicutes,Bacilli,RF39,CAG-302,CAG-302
27.59292157,1.158736344,2.45e-125,4.65e-125,SAMEA3663276__metabat2_high_PE_019_contigs,Bacteria,Firmicutes_A,Clostridia,Lachnospirales,Lachnospiraceae,FD2005
30.0,1.271312427,4.07e-123,7.49e-123,SAMEA3663277__metabat2_low_PE_023_contigs,Bacteria,Firmicutes_A,Clostridia,Christensenellales,CAG-138,Phil1
30.0,1.190695705,4.5e-140,1.04e-139,SAMEA3663280__maxbin2_low_prob_023_contigs,Bacteria,Firmicutes_A,Clostridia,Oscillospirales,Oscillospiraceae,F23-B02
30.0,0.915495578,1.62e-235,1.05e-234,SAMEA3663280__metabat2_low_PE_020_contigs,Bacteria,Firmicutes_A,Clostridia,Lachnospirales,Lachnospiraceae,Acetatifactor
27.74182278,1.053424015,7.64e-153,2.03e-152,SAMEA3663283__metabat2_high_PE_009_contigs,Bacteria,Bacteroidota,Bacteroidia,Bacteroidales,UBA932,CAG-831
28.43298163,1.145187949,4.45e-136,9.79e-136,SAMEA3663283__metabat2_low_PE_007_contigs,Bacteria,Firmicutes_A,Clostridia,Oscillospirales,Acutalibacteraceae,CAG-177
29.54824123,1.204131332,5.66e-133,1.21e-132,SAMEA3663283__metabat2_low_PE_027_contigs,Bacteria,Firmicutes_A,Clostridia,Oscillospirales,Oscillospiraceae,F23-B02
28.08593102,1.16763381,7.63e-128,1.5e-127,SAMEA3663293__metabat2_low_PE_021_contigs,Bacteria,Spirochaetota,Spirochaetia,Treponematales,Treponemataceae,Treponema_D
28.68711268,1.201171315,4.64e-126,8.86e-126,SAMEA3663296__metabat2_high_PE_018_contigs,Bacteria,Firmicutes_A,Clostridia,Oscillospirales,Oscillospiraceae,CAG-110
26.30100901,1.317957313,1.33e-88,1.85e-88,SAMEA3663296__metabat2_low_PE_008_contigs,Bacteria,Firmicutes,Bacilli,RF39,CAG-822,UBA5026
30.0,1.151253086,1.08e-149,2.77e-149,SAMEA3663296__metabat2_low_PE_018_contigs,Bacteria,Spirochaetota,Spirochaetia,Treponematales,Treponemataceae,Treponema_D
30.0,0.687703388,0.0,0.0,SAMEA3663296__metabat2_low_PE_021_contigs,Bacteria,Firmicutes_A,Clostridia,Oscillospirales,Oscillospiraceae,ER4
27.97722945,1.487607819,6.64e-79,8.84e-79,SAMEA3663296__metabat2_low_PE_030_contigs,Bacteria,Firmicutes,Bacilli,RF39,CAG-302,
26.04097618,1.678754182,2.87e-54,3.35e-54,SAMEA3663297__maxbin2_low_prob_019_contigs,Bacteria,Planctomycetota,Planctomycetes,Pirellulales,Thermoguttaceae,
30.0,1.223918776,1.12e-132,2.37e-132,SAMEA3663297__metabat2_high_PE_006_contigs,Bacteria,Bacteroidota,Bacteroidia,Bacteroidales,F082,F082
30.0,1.232902319,8.81e-131,1.8e-130,SAMEA3663297__metabat2_high_PE_016_contigs,Bacteria,Bacteroidota,Bacteroidia,Bacteroidales,UBA932,RC9
27.93830535,0.726910131,0.0,0.0,SAMEA3663297__metabat2_low_PE_003_contigs,Bacteria,Bacteroidota,Bacteroidia,Bacteroidales,Bacteroidaceae,Bacteroides
30.0,0.87381873,2.61e-258,2.1e-257,SAMEA3663297__metabat2_low_PE_020_contigs,Bacteria,Firmicutes_A,Clostridia,Lachnospirales,Lachnospiraceae,CAG-95
29.46419522,0.961349449,2.74e-206,1.4e-205,SAMEA3663297__metabat2_low_PE_033_contigs,Bacteria,Firmicutes_A,Clostridia,Oscillospirales,Oscillospiraceae,CAG-110
29.76673912,1.04875627,3.29e-177,1.16e-176,SAMEA3663299__metabat2_low_PE_032_contigs,Bacteria,Firmicutes_A,Clostridia,Oscillospirales,Ruminococcaceae,Ruminococcus
30.0,1.276827294,4.51e-122,8.15e-122,Scooby_p2__metabat2_low_PE_040_contigs,Bacteria,Fusobacteriota,Fusobacteriia,Fusobacteriales,Fusobacteriaceae,Fusobacterium_B
26.44611969,0.965813636,4.47e-165,1.37e-164,Scrappy_p2__metabat2_high_PE_016_contigs,Bacteria,Firmicutes_A,Clostridia,Lachnospirales,Lachnospiraceae,Tyzzerella
28.93359982,0.766583627,0.0,0.0,Scrappy_p2__metabat2_low_PE_009_contigs,Bacteria,Firmicutes_A,Clostridia,Lachnospirales,Lachnospiraceae,Faecalicatena
26.49833392,0.89437479,6.56e-193,2.88e-192,Scrappy_p2__metabat2_low_PE_034_contigs,Bacteria,Firmicutes_A,Clostridia,Oscillospirales,Oscillospiraceae,CAG-110
7.854091814,0.800782098,1.04e-22,1.14e-22,Shorty_p1__maxbin2_high_prob_011_contigs,Bacteria,Firmicutes_A,Clostridia,Lachnospirales,Lachnospiraceae,Faecalicatena
28.62257546,0.907582631,2.69e-218,1.54e-217,Shorty_p1__maxbin2_high_prob_022_contigs,Bacteria,Firmicutes,Bacilli,Lactobacillales,Streptococcaceae,Streptococcus
29.80756754,0.82875441,2.77e-283,2.63e-282,Shorty_p1__metabat2_high_PE_009_contigs,Bacteria,Firmicutes,Bacilli,Lactobacillales,Enterococcaceae,Enterococcus_E
26.1551503,0.653892014,0.0,0.0,Skinner_p2__maxbin2_high_prob_029_contigs,Bacteria,Firmicutes_A,Clostridia,Lachnospirales,Lachnospiraceae,Blautia_A
28.30942465,0.744220972,0.0,0.0,Skinner_p2__metabat2_high_PE_010_contigs,Bacteria,Firmicutes_A,Clostridia,Peptostreptococcales,Peptostreptococcaceae,Romboutsia
28.48422686,0.908961499,1.46e-215,8.24e-215,Skinner_p2__metabat2_high_PE_027_contigs,Bacteria,Firmicutes_A,Clostridia,Lachnospirales,Lachnospiraceae,Faecalicatena
28.3936229,1.206210148,1.61e-122,2.92e-122,Snoopy_p1__maxbin2_high_prob_025_contigs,Bacteria,Firmicutes,Bacilli,Haloplasmatales,Turicibacteraceae,Turicibacter
29.58908234,1.306174178,1.3e-113,2.13e-113,Snoopy_p1__metabat2_high_PE_019_contigs,Bacteria,Actinobacteriota,Coriobacteriia,Coriobacteriales,Eggerthellaceae,Slackia_A
29.76799543,1.045762975,3.15e-178,1.13e-177,Snoopy_p1__metabat2_high_PE_024_contigs,Bacteria,Firmicutes_A,Clostridia,Lachnospirales,Lachnospiraceae,Faecalicatena
30.0,0.912392342,4.16e-237,2.74e-236,Snoopy_p1__metabat2_low_PE_001_contigs,Bacteria,Firmicutes_A,Clostridia,Lachnospirales,Lachnospiraceae,Ruminococcus_A
5.254969907,1.11803733,2.6e-06,2.71e-06,Snoopy_p1__metabat2_low_PE_026_contigs,Bacteria,Firmicutes_A,Clostridia,Lachnospirales,Lachnospiraceae,Tyzzerella
26.79273884,0.763604927,1.06e-269,9.38e-269,Snoopy_p2__maxbin2_low_prob_037_contigs,Bacteria,Firmicutes_A,Clostridia,Lachnospirales,Lachnospiraceae,Faecalicatena
27.33550281,1.182008114,2.52e-118,4.34e-118,Snoopy_p2__metabat2_low_PE_038_contigs,Bacteria,Firmicutes_A,Clostridia,Lachnospirales,Lachnospiraceae,Tyzzerella
30.0,0.787142264,0.0,0.0,Stewie_p2__metabat2_high_PE_008_contigs,Bacteria,Firmicutes_A,Clostridia,Lachnospirales,Lachnospiraceae,Blautia_A
10.62098524,0.910148833,1.82e-31,2.03e-31,Stewie_p2__metabat2_low_PE_024_contigs,Bacteria,Firmicutes,Bacilli,Erysipelotrichales,Erysipelotrichaceae,Holdemanella
30.0,1.28380487,9.04e-121,1.61e-120,Susan_p2__metabat2_low_PE_031_contigs,Bacteria,Bacteroidota,Bacteroidia,Bacteroidales,Tannerellaceae,Parabacteroides
27.5665545,1.278302719,3.83e-103,5.84e-103,Tephra_p2__metabat2_low_PE_021_contigs,Bacteria,Actinobacteriota,Actinobacteria,Actinomycetales,Bifidobacteriaceae,Bifidobacterium
26.22392697,1.046765312,1.65e-138,3.76e-138,Tibetan_p1__metabat2_high_PE_033_contigs,Bacteria,Bacteroidota,Bacteroidia,Bacteroidales,UBA932,RC9
25.63780041,1.440554944,7.43e-71,9.41e-71,Trix_p1__metabat2_low_PE_013_contigs,Bacteria,Actinobacteriota,Coriobacteriia,Coriobacteriales,Atopobiaceae,
27.0939004,1.174801148,1.1e-117,1.88e-117,Trix_p1__metabat2_low_PE_026_contigs,Bacteria,Firmicutes_A,Clostridia,Peptostreptococcales,Peptostreptococcaceae,Peptostreptococcus
28.39014783,0.902309685,2.71e-217,1.54e-216,Trix_p2__metabat2_low_PE_030_contigs,Bacteria,Bacteroidota,Bacteroidia,Bacteroidales,Muribaculaceae,UBA7173
28.07219375,1.186208104,8.18e-124,1.52e-123,UncleJesse_p2__metabat2_low_PE_019_contigs,Bacteria,Firmicutes_A,Clostridia,Lachnospirales,Lachnospiraceae,Blautia
30.0,1.063398262,4.23e-175,1.47e-174,Virginia_p1__maxbin2_low_prob_017_contigs,Bacteria,Bacteroidota,Bacteroidia,Bacteroidales,Bacteroidaceae,Bacteroides_A
30.0,1.191553507,7.12e-140,1.64e-139,Virginia_p1__metabat2_high_PE_027_contigs,Bacteria,Firmicutes_A,Clostridia,Peptostreptococcales,Peptostreptococcaceae,Clostridium_U
27.49362906,0.805806356,3.8e-255,2.94e-254,Virginia_p1__metabat2_low_PE_013_contigs,Bacteria,Firmicutes_A,Clostridia,Clostridiales,Clostridiaceae,Clostridium
27.45006356,1.275005725,8.27e-103,1.26e-102,X1_Eurasian_Beaver__metabat2_high_PE_005_contigs,Bacteria,Bacteroidota,Bacteroidia,Bacteroidales,Muribaculaceae,CAG-873
1.023055918,1.329346737,0.44154137,0.442915461,X103_Eurasian_Blackcap__maxbin2_high_prob_002_contigs,Bacteria,Proteobacteria,Gammaproteobacteria,Enterobacterales,Enterobacteriaceae,Klebsiella_B
27.42994074,1.483285632,2.36e-76,3.1e-76,X108_Striped_Desert_Hamster__metabat2_low_PE_001_contigs,Bacteria,Bacteroidota,Bacteroidia,Bacteroidales,Muribaculaceae,CAG-485
27.23966132,0.805489906,1.09e-250,7.99e-250,X120_Alpine_Shrew__metabat2_high_PE_003_contigs,Bacteria,Firmicutes_A,Clostridia,TANB77,CAG-508,
-9.677538466,0.852492793,7.24e-30,8.03e-30,X125_Common_Carp__maxbin2_low_prob_001_contigs,Bacteria,Proteobacteria,Gammaproteobacteria,Enterobacterales,Aeromonadaceae,Aeromonas
26.93258966,1.041072618,1.45e-147,3.67e-147,X127_Alpine_Marmot__maxbin2_low_prob_009_contigs,Bacteria,Firmicutes_A,Clostridia,Oscillospirales,Ruminococcaceae,CAG-115
27.44265345,1.513983819,1.98e-73,2.55e-73,X127_Alpine_Marmot__metabat2_high_PE_013_contigs,Bacteria,Bacteroidota,Bacteroidia,Bacteroidales,Rikenellaceae,Alistipes
27.82126455,1.201110071,1.08e-118,1.87e-118,X129_Alpine_Ibex__metabat2_low_PE_007_contigs,Bacteria,Bacteroidota,Bacteroidia,Bacteroidales,Bacteroidaceae,UBA4372
1.091065344,1.401426014,0.436251099,0.438063149,X133_Domestic_Goat__maxbin2_high_prob_002_contigs,Bacteria,Proteobacteria,Gammaproteobacteria,Pseudomonadales,Moraxellaceae,Acinetobacter
30.0,1.081220658,1.92e-169,6.2e-169,X136_Domestic_Pig__maxbin2_high_prob_007_contigs,Bacteria,Spirochaetota,Spirochaetia,Treponematales,Treponemataceae,Treponema_D
28.29649204,1.122249921,2.81e-140,6.51e-140,X136_Domestic_Pig__metabat2_low_PE_007_contigs,Bacteria,Firmicutes_A,Clostridia,Peptostreptococcales,Anaerovoracaceae,UBA1191
-3.911200413,0.76992499,3.77e-07,3.96e-07,X139_Sambar__maxbin2_low_prob_005_contigs,Bacteria,Proteobacteria,Gammaproteobacteria,Xanthomonadales,Xanthomonadaceae,Stenotrophomonas
28.23986693,1.302797459,3.43e-104,5.27e-104,X172_European_Greenfinch__maxbin2_low_prob_001_contigs,Bacteria,Firmicutes,Bacilli,Lactobacillales,Enterococcaceae,Enterococcus_B
29.23575912,1.359378842,1.35e-102,2.05e-102,X18_West_European_Hedgehog__maxbin2_low_prob_003_contigs,Bacteria,Proteobacteria,Gammaproteobacteria,Enterobacterales,Enterobacteriaceae,Proteus
25.63722087,1.229677488,1.57e-96,2.27e-96,X19_European_Ground_Squirrel__metabat2_low_PE_003_contigs,Bacteria,Firmicutes,Bacilli,RF39,CAG-611,
-4.622577655,0.69049275,2.16e-11,2.32e-11,X190_Common_House_Gecko__metabat2_low_PE_001_contigs,Bacteria,Actinobacteriota,Actinobacteria,Mycobacteriales,Pseudonocardiaceae,Saccharopolyspora
3.426364525,1.135801814,0.002555491,0.002623312,X199_Human__maxbin2_high_prob_002_contigs,Bacteria,Firmicutes_A,Clostridia,Oscillospirales,Acutalibacteraceae,Ruminococcus_E
6.731386459,1.08625274,5.76e-10,6.13e-10,X199_Human__maxbin2_low_prob_003_contigs,Bacteria,Firmicutes_A,Clostridia,Oscillospirales,Ruminococcaceae,Ruminiclostridium_E
9.246796499,0.587592615,8.47e-56,9.99e-56,X199_Human__metabat2_high_PE_003_contigs,Bacteria,Firmicutes_A,Clostridia,Lachnospirales,Lachnospiraceae,CAG-45
27.07242971,1.18380627,9.46e-116,1.58e-115,X199_Human__metabat2_high_PE_009_contigs,Bacteria,Firmicutes,Bacilli,RF39,CAG-302,CAG-302
7.560000753,1.046456636,5.03e-13,5.41e-13,X199_Human__metabat2_high_PE_027_contigs,Bacteria,Bacteroidota,Bacteroidia,Bacteroidales,Rikenellaceae,Alistipes
6.465826568,0.842863512,1.7e-14,1.84e-14,X199_Human__metabat2_low_PE_023_contigs,Bacteria,Bacteroidota,Bacteroidia,Bacteroidales,Rikenellaceae,Alistipes
26.94355881,1.502805504,7.02e-72,8.92e-72,X213_Goose__maxbin2_high_prob_003_contigs,Bacteria,Campylobacterota,Campylobacteria,Campylobacterales,Helicobacteraceae,NHYM01
27.41955593,1.648804708,4.23e-62,5.13e-62,X22_European_Rabbit__metabat2_high_PE_007_contigs,Bacteria,Firmicutes_A,Clostridia,Lachnospirales,Lachnospiraceae,Acetatifactor
27.37047422,1.364873093,1.88e-89,2.63e-89,X22_European_Rabbit__metabat2_low_PE_003_contigs,Bacteria,Firmicutes_A,Clostridia,Lachnospirales,Lachnospiraceae,Eisenbergiella
27.69739063,0.91653862,1.31e-200,6.28e-200,X231_Brown_Bear__maxbin2_low_prob_001_contigs,Bacteria,Firmicutes_A,Clostridia,Peptostreptococcales,Peptostreptococcaceae,Romboutsia
26.75750221,0.896296645,7.93e-196,3.62e-195,X236_Pygmy_Slow_Loris__metabat2_high_PE_002_contigs,Bacteria,Firmicutes_A,Clostridia,Lachnospirales,Lachnospiraceae,Hungatella
-3.301348452,0.823530196,6.1e-05,6.36e-05,X237_Red_shanked_Douc_Langur__metabat2_high_PE_002_contigs,Bacteria,Proteobacteria,Gammaproteobacteria,Xanthomonadales,Xanthomonadaceae,Stenotrophomonas
27.31602692,0.882000268,1.34e-210,7.3e-210,X240_Southern_White_cheeked_Gibbon__metabat2_high_PE_003_contigs,Bacteria,Firmicutes,Bacilli,RFN20,CAG-288,CAG-568
4.042547543,1.442763998,0.00507953,0.005197783,X241_Italian_wall_lizard__maxbin2_high_prob_002_contigs,Bacteria,Proteobacteria,Gammaproteobacteria,Enterobacterales,Enterobacteriaceae,Citrobacter
27.98962628,1.483829501,2.29e-79,3.06e-79,X247_Common_Hamster__maxbin2_high_prob_003_contigs,Bacteria,Bacteroidota,Bacteroidia,Bacteroidales,Muribaculaceae,Duncaniella
8.141466082,1.050724886,9.3e-15,1.01e-14,X257_Eurasian_Woodcock__maxbin2_low_prob_002_contigs,Bacteria,Proteobacteria,Gammaproteobacteria,Enterobacterales,Enterobacteriaceae,Escherichia
27.8174269,1.870522301,5.05e-50,5.77e-50,X263_White_Stork__maxbin2_low_prob_001_contigs,Bacteria,Firmicutes,Bacilli,Lactobacillales,Catellicoccaceae,
27.63032319,1.037552014,3.03e-156,8.41e-156,X276_Barnacle_Goose__maxbin2_high_prob_005_contigs,Bacteria,Firmicutes_A,Clostridia,Peptostreptococcales,Peptostreptococcaceae,Terrisporobacter
30.0,1.355480078,1.54e-108,2.44e-108,X276_Barnacle_Goose__maxbin2_low_prob_002_contigs,Bacteria,Proteobacteria,Gammaproteobacteria,Pseudomonadales,Moraxellaceae,Psychrobacter
25.46885051,1.399165783,4.9e-74,6.31e-74,X279_Western_Grey_Kangaroo__metabat2_high_PE_001_contigs,Bacteria,Firmicutes_A,Clostridia,Oscillospirales,Oscillospiraceae,
23.50864721,1.131513111,7.09e-96,1.02e-95,X285_Short_beaked_Echidna__metabat2_high_PE_017_contigs,Bacteria,Firmicutes_A,Clostridia,Oscillospirales,Oscillospiraceae,CAG-110
-3.261961079,1.18470615,0.005898113,0.006029044,X285_Short_beaked_Echidna__metabat2_low_PE_001_contigs,Bacteria,Actinobacteriota,Actinobacteria,Actinomycetales,Microbacteriaceae,Leifsonia
24.87999891,1.622656047,4.61e-53,5.35e-53,X288_Common_Brushtail__metabat2_high_PE_008_contigs,Bacteria,Firmicutes_A,Clostridia,Oscillospirales,Oscillospiraceae,CAG-110
28.16853933,1.073831282,1.15e-151,3.02e-151,X289_Eastern_Grey_Kangaroo__maxbin2_low_prob_001_contigs,Bacteria,Verrucomicrobiota,Kiritimatiellae,RFP12,UBA1067,UBA1067
28.66918341,1.095213929,4.88e-151,1.27e-150,X301_European_Hare__metabat2_low_PE_011_contigs,Bacteria,Firmicutes_A,Clostridia,Lachnospirales,Lachnospiraceae,COE1
27.39479657,0.852340837,1.19e-226,7.25e-226,X314_Red_Deer__metabat2_high_PE_002_contigs,Bacteria,Firmicutes_A,Clostridia,Lachnospirales,Lachnospiraceae,Roseburia
27.20604645,0.646489287,0.0,0.0,X32_Greylag_Goose__maxbin2_low_prob_001_contigs,Bacteria,Firmicutes_A,Clostridia,Clostridiales,Clostridiaceae,Clostridium
-2.228938197,1.288770999,0.083718432,0.084770391,X328_Prussian_Carp__metabat2_low_PE_002_contigs,Bacteria,Proteobacteria,Gammaproteobacteria,Pseudomonadales,Moraxellaceae,Acinetobacter
10.82110394,0.485091075,3.13e-110,5.01e-110,X332_Harbor_Porpoise__maxbin2_low_prob_001_contigs,Bacteria,Fusobacteriota,Fusobacteriia,Fusobacteriales,Fusobacteriaceae,Fusobacterium_A
29.06092828,1.168849094,1.88e-136,4.15e-136,X335_Harbor_Seal__metabat2_high_PE_002_contigs,Bacteria,Firmicutes,Bacilli,Erysipelotrichales,Erysipelotrichaceae,Absiella
-0.478198382,2.204754363,0.828290816,0.82914826,X339_White_beaked_Dolphin__metabat2_high_PE_003_contigs,Bacteria,Proteobacteria,Gammaproteobacteria,Enterobacterales,Vibrionaceae,Photobacterium
6.395619136,1.036694488,6.86e-10,7.3e-10,X340_Western_Lowland_Gorilla__metabat2_low_PE_002_contigs,Bacteria,Firmicutes_A,Clostridia,Oscillospirales,Oscillospiraceae,CAG-103
6.665080492,1.004280876,3.21e-11,3.44e-11,X341_Western_Lowland_Gorilla__maxbin2_low_prob_002_contigs,Archaea,Euryarchaeota,Methanobacteria,Methanobacteriales,Methanobacteriaceae,Methanobrevibacter_A
27.06831787,1.265187602,1.5e-101,2.26e-101,X341_Western_Lowland_Gorilla__metabat2_low_PE_002_contigs,Bacteria,Bacteroidota,Bacteroidia,Bacteroidales,Muribaculaceae,CAG-873
8.952921178,1.257637485,1.09e-12,1.17e-12,X353_Raccoon__metabat2_high_PE_003_contigs,Bacteria,Actinobacteriota,Actinobacteria,Actinomycetales,Bifidobacteriaceae,Bifidobacterium
27.12640581,0.646756385,0.0,0.0,X355_Hoffmanns_Two_toed_Sloth__metabat2_high_PE_003_contigs,Bacteria,Firmicutes_A,Clostridia,Oscillospirales,Oscillospiraceae,
28.65888799,0.936196514,8.46e-206,4.28e-205,X355_Hoffmanns_Two_toed_Sloth__metabat2_high_PE_009_contigs,Bacteria,Bacteroidota,Bacteroidia,Bacteroidales,Rikenellaceae,Alistipes
8.636373274,1.938650124,8.4e-06,8.76e-06,X355_Hoffmanns_Two_toed_Sloth__metabat2_high_PE_021_contigs,Bacteria,Verrucomicrobiota,Verrucomicrobiae,Verrucomicrobiales,Akkermansiaceae,Akkermansia
8.715102975,0.569544894,7.43e-53,8.6e-53,X355_Hoffmanns_Two_toed_Sloth__metabat2_high_PE_023_contigs,Bacteria,Firmicutes_A,Clostridia,Oscillospirales,Ruminococcaceae,Gemmiger
27.64917584,0.657103542,0.0,0.0,X357_Northern_Tamandua__metabat2_low_PE_004_contigs,Bacteria,Firmicutes_A,Clostridia,Lachnospirales,Lachnospiraceae,Faecalicatena
29.22981897,0.864548489,1.44e-250,1.05e-249,X359_Brown_throated_Sloth__maxbin2_low_prob_002_contigs,Bacteria,Firmicutes_A,Clostridia,Oscillospirales,Acutalibacteraceae,Ruminococcus_E
28.99184229,0.834628416,2.24e-264,1.91e-263,X363_Desmarests_Spiny_Pocket_Mouse__maxbin2_high_prob_007_contigs,Bacteria,Bacteroidota,Bacteroidia,Bacteroidales,Muribaculaceae,CAG-485
27.34342243,1.600439295,1.92e-65,2.37e-65,X363_Desmarests_Spiny_Pocket_Mouse__maxbin2_high_prob_022_contigs,Bacteria,Bacteroidota,Bacteroidia,Bacteroidales,Muribaculaceae,UBA7173
29.33871293,1.459588367,7.28e-90,1.02e-89,X363_Desmarests_Spiny_Pocket_Mouse__maxbin2_high_prob_028_contigs,Bacteria,Bacteroidota,Bacteroidia,Bacteroidales,Muribaculaceae,CAG-873
26.66662306,0.998366127,3.58e-157,1.01e-156,X363_Desmarests_Spiny_Pocket_Mouse__maxbin2_low_prob_004_contigs,Bacteria,Firmicutes_A,Clostridia,Oscillospirales,Ruminococcaceae,Ruminococcus_D
27.84383435,1.862884126,1.64e-50,1.88e-50,X363_Desmarests_Spiny_Pocket_Mouse__maxbin2_low_prob_014_contigs,Bacteria,Bacteroidota,Bacteroidia,Bacteroidales,Muribaculaceae,K10
25.07130521,1.572717622,3.27e-57,3.89e-57,X363_Desmarests_Spiny_Pocket_Mouse__maxbin2_low_prob_023_contigs,Bacteria,Firmicutes_A,Clostridia,Oscillospirales,Acutalibacteraceae,Ruminococcus_E
30.0,1.815197839,2.34e-61,2.83e-61,X363_Desmarests_Spiny_Pocket_Mouse__maxbin2_low_prob_026_contigs,Bacteria,Firmicutes,Bacilli,Lactobacillales,Lactobacillaceae,Lactobacillus
30.0,1.966314454,1.48e-52,1.71e-52,X363_Desmarests_Spiny_Pocket_Mouse__metabat2_high_PE_004_contigs,Bacteria,Bacteroidota,Bacteroidia,Bacteroidales,Muribaculaceae,CAG-873
28.56664415,1.68895383,3.56e-64,4.36e-64,X363_Desmarests_Spiny_Pocket_Mouse__metabat2_high_PE_013_contigs,Bacteria,Bacteroidota,Bacteroidia,Bacteroidales,Muribaculaceae,CAG-873
27.37427971,1.035157417,4.21e-154,1.14e-153,X363_Desmarests_Spiny_Pocket_Mouse__metabat2_high_PE_020_contigs,Bacteria,Firmicutes_A,Clostridia,Oscillospirales,Acutalibacteraceae,Eubacterium_R
27.45948507,0.849696956,4.06e-229,2.53e-228,X363_Desmarests_Spiny_Pocket_Mouse__metabat2_low_PE_006_contigs,Bacteria,Bacteroidota,Bacteroidia,Bacteroidales,Bacteroidaceae,
30.0,0.682488006,0.0,0.0,X363_Desmarests_Spiny_Pocket_Mouse__metabat2_low_PE_031_contigs,Bacteria,Firmicutes_A,Clostridia,Oscillospirales,Oscillospiraceae,UBA9475
30.0,1.054011383,3.39e-178,1.22e-177,X369_Koala__metabat2_high_PE_008_contigs,Bacteria,Bacteroidota,Bacteroidia,Bacteroidales,Bacteroidaceae,UBA4372
25.39112621,1.141627452,1.37e-109,2.19e-109,X371_Linnaeus_Two_toed_Sloth__maxbin2_high_prob_017_contigs,Bacteria,Firmicutes_A,Clostridia,Christensenellales,CAG-138,
10.0776824,0.547092804,9.01e-76,1.17e-75,X371_Linnaeus_Two_toed_Sloth__maxbin2_low_prob_012_contigs,Bacteria,Firmicutes_A,Clostridia,Oscillospirales,Ruminococcaceae,
26.29127403,1.082246733,2.31e-130,4.68e-130,X371_Linnaeus_Two_toed_Sloth__metabat2_high_PE_002_contigs,Bacteria,Firmicutes_A,Clostridia,Oscillospirales,Acutalibacteraceae,
25.24577326,1.28633705,9.26e-86,1.27e-85,X371_Linnaeus_Two_toed_Sloth__metabat2_low_PE_006_contigs,Bacteria,Firmicutes,Bacilli,RF39,CAG-611,CAG-877
28.72208399,0.829971772,2.05e-262,1.72e-261,X378_Fat_Sand_Rat__metabat2_high_PE_001_contigs,Bacteria,Bacteroidota,Bacteroidia,Bacteroidales,Muribaculaceae,Muribaculum
27.43497584,1.5166246,3.86e-73,4.95e-73,X378_Fat_Sand_Rat__metabat2_low_PE_004_contigs,Bacteria,Bacteroidota,Bacteroidia,Bacteroidales,Muribaculaceae,CAG-485
27.29406804,1.510408459,5.43e-73,6.94e-73,X378_Fat_Sand_Rat__metabat2_low_PE_008_contigs,Bacteria,Bacteroidota,Bacteroidia,Bacteroidales,Muribaculaceae,UBA3263
25.56559772,1.482648254,1.26e-66,1.56e-66,X394_Przewalski_horse__metabat2_high_PE_006_contigs,Bacteria,Spirochaetota,Spirochaetia,Treponematales,Treponemataceae,Treponema_D
6.420779162,0.972582685,4.06e-11,4.35e-11,X398_Eurasian_Reed_Warbler__metabat2_low_PE_003_contigs,Bacteria,Firmicutes,Bacilli,Lactobacillales,Streptococcaceae,Streptococcus
27.26927532,0.745765712,1.01e-292,1.05e-291,X4_Red_Fox__metabat2_low_PE_004_contigs,Bacteria,Firmicutes_A,Clostridia,Oscillospirales,Oscillospiraceae,CAG-110
27.25890755,1.072907922,2.13e-142,5.12e-142,X409_Impala__metabat2_high_PE_002_contigs,Bacteria,Firmicutes_A,Clostridia,Christensenellales,CAG-74,UBA11524
27.09145011,1.475561872,2.74e-75,3.55e-75,X413_Lion__maxbin2_high_prob_006_contigs,Bacteria,Actinobacteriota,Coriobacteriia,Coriobacteriales,Coriobacteriaceae,Collinsella
25.60628129,1.064787916,8.71e-128,1.71e-127,X418_Giraffe__metabat2_high_PE_001_contigs,Bacteria,Bacteroidota,Bacteroidia,Bacteroidales,UBA932,RC9
27.32304368,0.949370104,3.8e-182,1.42e-181,X430_Giraffe__metabat2_high_PE_005_contigs,Bacteria,Bacteroidota,Bacteroidia,Bacteroidales,Bacteroidaceae,UBA4372
27.32786581,0.927625144,9.37e-191,3.94e-190,X430_Giraffe__metabat2_high_PE_008_contigs,Bacteria,Bacteroidota,Bacteroidia,Bacteroidales,Bacteroidaceae,Prevotella
-3.958165474,0.512741727,1.17e-14,1.26e-14,X44_Meadow_Viper__maxbin2_low_prob_001_contigs,Bacteria,Proteobacteria,Gammaproteobacteria,Pseudomonadales,Pseudomonadaceae,Pseudomonas
30.0,1.317112349,7.73e-115,1.28e-114,X46_European_Nightjar__metabat2_low_PE_001_contigs,Bacteria,Firmicutes,Bacilli,Lactobacillales,Enterococcaceae,Enterococcus
23.21348543,1.419803579,4.37e-60,5.24e-60,X72_Ural_Owl__metabat2_high_PE_004_contigs,Bacteria,Firmicutes_A,Clostridia,Oscillospirales,Acutalibacteraceae,DTU089
24.83841667,1.433384649,2.87e-67,3.57e-67,X73_One_humped_Camel__metabat2_high_PE_013_contigs,Bacteria,Firmicutes_A,Clostridia,Christensenellales,CAG-138,
7.571326507,0.625104422,9.11e-34,1.02e-33,X73_One_humped_Camel__metabat2_low_PE_005_contigs,Bacteria,Firmicutes_A,Clostridia,Lachnospirales,Lachnospiraceae,UBA11957
25.13661065,1.395099813,1.41e-72,1.8e-72,X73_One_humped_Camel__metabat2_low_PE_007_contigs,Bacteria,Firmicutes_A,Clostridia,Lachnospirales,Anaerotignaceae,Anaerotignum
8.951420191,1.206743607,1.19e-13,1.28e-13,X81_Wolf__maxbin2_low_prob_004_contigs,Bacteria,Firmicutes,Bacilli,Bacillales_A,Planococcaceae,Planococcus_A
28.14616654,0.765925179,1.25e-295,1.36e-294,X81_Wolf__metabat2_low_PE_002_contigs,Bacteria,Firmicutes_A,Clostridia,Clostridiales,Clostridiaceae,Clostridium_P
30.0,1.701394544,1.38e-69,1.74e-69,X87_Garden_Dormouse__metabat2_low_PE_004_contigs,Bacteria,Firmicutes,Bacilli,Staphylococcales,Staphylococcaceae,Staphylococcus_A
28.71228829,1.845676158,1.44e-54,1.68e-54,X90_Water_Rail__maxbin2_high_prob_001_contigs,Bacteria,Firmicutes,Bacilli,Lactobacillales,Catellicoccaceae,
4.943753229,1.403165789,0.000426232,0.00044082,X95_Meadow_Viper__metabat2_low_PE_002_contigs,Bacteria,Proteobacteria,Gammaproteobacteria,Enterobacterales,Enterobacteriaceae,Citrobacter
26.79107294,1.000030034,4.2e-158,1.21e-157,X96_European_Hare__metabat2_high_PE_013_contigs,Bacteria,Firmicutes_A,Clostridia,Oscillospirales,Oscillospiraceae,UBA5446
