Phenotype,Has phenotype?,Domain,Phylum,Biome,No. of MAGs
Acetate utilization,False,d__Archaea,p__Euryarchaeota,Host,5
Acetate utilization,False,d__Archaea,p__Halobacterota,Host,1
Acetate utilization,False,d__Archaea,p__Halobacterota,Neither,3
Acetate utilization,False,d__Archaea,p__Thermoplasmatota,Host,1
Acetate utilization,False,d__Archaea,p__Thermoplasmatota,Neither,3
Acetate utilization,False,d__Bacteria,p__Actinobacteriota,Environment,4
Acetate utilization,False,d__Bacteria,p__Actinobacteriota,Host,39
Acetate utilization,False,d__Bacteria,p__Actinobacteriota,Neither,50
Acetate utilization,True,d__Bacteria,p__Actinobacteriota,Environment,3
Acetate utilization,False,d__Bacteria,p__Armatimonadota,Neither,1
Acetate utilization,False,d__Bacteria,p__Bacteroidota,Host,212
Acetate utilization,False,d__Bacteria,p__Bacteroidota,Neither,112
Acetate utilization,True,d__Bacteria,p__Bacteroidota,Host,5
Acetate utilization,True,d__Bacteria,p__Bacteroidota,Neither,16
Acetate utilization,False,d__Bacteria,p__Campylobacterota,Host,6
Acetate utilization,False,d__Bacteria,p__Campylobacterota,Neither,14
Acetate utilization,False,d__Bacteria,p__Chloroflexota,Neither,1
Acetate utilization,False,d__Bacteria,p__Cyanobacteria,Host,13
Acetate utilization,False,d__Bacteria,p__Cyanobacteria,Neither,2
Acetate utilization,False,d__Bacteria,p__Deferribacterota,Neither,1
Acetate utilization,False,d__Bacteria,p__Desulfobacterota_A,Host,5
Acetate utilization,False,d__Bacteria,p__Desulfobacterota_A,Neither,3
Acetate utilization,False,d__Bacteria,p__Elusimicrobiota,Host,4
Acetate utilization,False,d__Bacteria,p__Elusimicrobiota,Neither,1
Acetate utilization,True,d__Bacteria,p__Elusimicrobiota,Neither,1
Acetate utilization,False,d__Bacteria,p__Eremiobacterota,Neither,1
Acetate utilization,False,d__Bacteria,p__Fibrobacterota,Host,4
Acetate utilization,False,d__Bacteria,p__Firmicutes,Host,104
Acetate utilization,False,d__Bacteria,p__Firmicutes,Neither,81
Acetate utilization,True,d__Bacteria,p__Firmicutes,Neither,3
Acetate utilization,False,d__Bacteria,p__Firmicutes_A,Host,433
Acetate utilization,False,d__Bacteria,p__Firmicutes_A,Neither,172
Acetate utilization,True,d__Bacteria,p__Firmicutes_A,Host,5
Acetate utilization,True,d__Bacteria,p__Firmicutes_A,Neither,1
Acetate utilization,False,d__Bacteria,p__Firmicutes_B,Host,2
Acetate utilization,False,d__Bacteria,p__Firmicutes_B,Neither,2
Acetate utilization,False,d__Bacteria,p__Firmicutes_C,Host,16
Acetate utilization,False,d__Bacteria,p__Firmicutes_C,Neither,13
Acetate utilization,False,d__Bacteria,p__Fusobacteriota,Host,2
Acetate utilization,False,d__Bacteria,p__Fusobacteriota,Neither,13
Acetate utilization,True,d__Bacteria,p__Fusobacteriota,Neither,2
Acetate utilization,False,d__Bacteria,p__Myxococcota,Host,2
Acetate utilization,False,d__Bacteria,p__Patescibacteria,Host,1
Acetate utilization,False,d__Bacteria,p__Patescibacteria,Neither,3
Acetate utilization,False,d__Bacteria,p__Planctomycetota,Host,1
Acetate utilization,False,d__Bacteria,p__Planctomycetota,Neither,1
Acetate utilization,False,d__Bacteria,p__Proteobacteria,Environment,4
Acetate utilization,False,d__Bacteria,p__Proteobacteria,Host,22
Acetate utilization,False,d__Bacteria,p__Proteobacteria,Neither,35
Acetate utilization,True,d__Bacteria,p__Proteobacteria,Environment,4
Acetate utilization,True,d__Bacteria,p__Proteobacteria,Host,2
Acetate utilization,True,d__Bacteria,p__Proteobacteria,Neither,5
Acetate utilization,False,d__Bacteria,p__Spirochaetota,Host,30
Acetate utilization,False,d__Bacteria,p__Spirochaetota,Neither,8
Acetate utilization,True,d__Bacteria,p__Spirochaetota,Host,1
Acetate utilization,False,d__Bacteria,p__Synergistota,Neither,2
Acetate utilization,True,d__Bacteria,p__Synergistota,Neither,2
Acetate utilization,False,d__Bacteria,p__Verrucomicrobiota,Host,13
Acetate utilization,False,d__Bacteria,p__Verrucomicrobiota,Neither,14
Acetate utilization,False,d__Bacteria,p__Verrucomicrobiota_A,Host,1
Acetate utilization,False,d__Bacteria,p__Verrucomicrobiota_A,Neither,1
Aerobe,False,d__Archaea,p__Euryarchaeota,Host,5
Aerobe,False,d__Archaea,p__Halobacterota,Host,1
Aerobe,False,d__Archaea,p__Halobacterota,Neither,3
Aerobe,False,d__Archaea,p__Thermoplasmatota,Host,1
Aerobe,False,d__Archaea,p__Thermoplasmatota,Neither,3
Aerobe,False,d__Bacteria,p__Actinobacteriota,Environment,4
Aerobe,False,d__Bacteria,p__Actinobacteriota,Host,38
Aerobe,False,d__Bacteria,p__Actinobacteriota,Neither,40
Aerobe,True,d__Bacteria,p__Actinobacteriota,Environment,3
Aerobe,True,d__Bacteria,p__Actinobacteriota,Host,1
Aerobe,True,d__Bacteria,p__Actinobacteriota,Neither,10
Aerobe,False,d__Bacteria,p__Armatimonadota,Neither,1
Aerobe,False,d__Bacteria,p__Bacteroidota,Host,217
Aerobe,False,d__Bacteria,p__Bacteroidota,Neither,127
Aerobe,True,d__Bacteria,p__Bacteroidota,Neither,1
Aerobe,False,d__Bacteria,p__Campylobacterota,Host,6
Aerobe,False,d__Bacteria,p__Campylobacterota,Neither,14
Aerobe,False,d__Bacteria,p__Chloroflexota,Neither,1
Aerobe,False,d__Bacteria,p__Cyanobacteria,Host,13
Aerobe,False,d__Bacteria,p__Cyanobacteria,Neither,2
Aerobe,False,d__Bacteria,p__Deferribacterota,Neither,1
Aerobe,False,d__Bacteria,p__Desulfobacterota_A,Host,5
Aerobe,False,d__Bacteria,p__Desulfobacterota_A,Neither,3
Aerobe,False,d__Bacteria,p__Elusimicrobiota,Host,4
Aerobe,False,d__Bacteria,p__Elusimicrobiota,Neither,2
Aerobe,False,d__Bacteria,p__Eremiobacterota,Neither,1
Aerobe,False,d__Bacteria,p__Fibrobacterota,Host,4
Aerobe,False,d__Bacteria,p__Firmicutes,Host,103
Aerobe,False,d__Bacteria,p__Firmicutes,Neither,83
Aerobe,True,d__Bacteria,p__Firmicutes,Host,1
Aerobe,True,d__Bacteria,p__Firmicutes,Neither,1
Aerobe,False,d__Bacteria,p__Firmicutes_A,Host,438
Aerobe,False,d__Bacteria,p__Firmicutes_A,Neither,173
Aerobe,False,d__Bacteria,p__Firmicutes_B,Host,2
Aerobe,False,d__Bacteria,p__Firmicutes_B,Neither,2
Aerobe,False,d__Bacteria,p__Firmicutes_C,Host,16
Aerobe,False,d__Bacteria,p__Firmicutes_C,Neither,13
Aerobe,False,d__Bacteria,p__Fusobacteriota,Host,2
Aerobe,False,d__Bacteria,p__Fusobacteriota,Neither,15
Aerobe,False,d__Bacteria,p__Myxococcota,Host,2
Aerobe,False,d__Bacteria,p__Patescibacteria,Host,1
Aerobe,False,d__Bacteria,p__Patescibacteria,Neither,3
Aerobe,False,d__Bacteria,p__Planctomycetota,Host,1
Aerobe,False,d__Bacteria,p__Planctomycetota,Neither,1
Aerobe,False,d__Bacteria,p__Proteobacteria,Environment,1
Aerobe,False,d__Bacteria,p__Proteobacteria,Host,21
Aerobe,False,d__Bacteria,p__Proteobacteria,Neither,33
Aerobe,True,d__Bacteria,p__Proteobacteria,Environment,7
Aerobe,True,d__Bacteria,p__Proteobacteria,Host,3
Aerobe,True,d__Bacteria,p__Proteobacteria,Neither,7
Aerobe,False,d__Bacteria,p__Spirochaetota,Host,31
Aerobe,False,d__Bacteria,p__Spirochaetota,Neither,8
Aerobe,False,d__Bacteria,p__Synergistota,Neither,4
Aerobe,False,d__Bacteria,p__Verrucomicrobiota,Host,13
Aerobe,False,d__Bacteria,p__Verrucomicrobiota,Neither,14
Aerobe,False,d__Bacteria,p__Verrucomicrobiota_A,Host,1
Aerobe,False,d__Bacteria,p__Verrucomicrobiota_A,Neither,1
Alkaline phosphatase,False,d__Archaea,p__Euryarchaeota,Host,5
Alkaline phosphatase,False,d__Archaea,p__Halobacterota,Host,1
Alkaline phosphatase,False,d__Archaea,p__Halobacterota,Neither,3
Alkaline phosphatase,False,d__Archaea,p__Thermoplasmatota,Host,1
Alkaline phosphatase,False,d__Archaea,p__Thermoplasmatota,Neither,3
Alkaline phosphatase,False,d__Bacteria,p__Actinobacteriota,Host,32
Alkaline phosphatase,False,d__Bacteria,p__Actinobacteriota,Neither,32
Alkaline phosphatase,True,d__Bacteria,p__Actinobacteriota,Environment,7
Alkaline phosphatase,True,d__Bacteria,p__Actinobacteriota,Host,7
Alkaline phosphatase,True,d__Bacteria,p__Actinobacteriota,Neither,18
Alkaline phosphatase,True,d__Bacteria,p__Armatimonadota,Neither,1
Alkaline phosphatase,False,d__Bacteria,p__Bacteroidota,Host,19
Alkaline phosphatase,False,d__Bacteria,p__Bacteroidota,Neither,15
Alkaline phosphatase,True,d__Bacteria,p__Bacteroidota,Host,198
Alkaline phosphatase,True,d__Bacteria,p__Bacteroidota,Neither,113
Alkaline phosphatase,False,d__Bacteria,p__Campylobacterota,Host,6
Alkaline phosphatase,False,d__Bacteria,p__Campylobacterota,Neither,14
Alkaline phosphatase,True,d__Bacteria,p__Chloroflexota,Neither,1
Alkaline phosphatase,False,d__Bacteria,p__Cyanobacteria,Neither,1
Alkaline phosphatase,True,d__Bacteria,p__Cyanobacteria,Host,13
Alkaline phosphatase,True,d__Bacteria,p__Cyanobacteria,Neither,1
Alkaline phosphatase,False,d__Bacteria,p__Deferribacterota,Neither,1
Alkaline phosphatase,False,d__Bacteria,p__Desulfobacterota_A,Neither,2
Alkaline phosphatase,True,d__Bacteria,p__Desulfobacterota_A,Host,5
Alkaline phosphatase,True,d__Bacteria,p__Desulfobacterota_A,Neither,1
Alkaline phosphatase,False,d__Bacteria,p__Elusimicrobiota,Host,2
Alkaline phosphatase,False,d__Bacteria,p__Elusimicrobiota,Neither,1
Alkaline phosphatase,True,d__Bacteria,p__Elusimicrobiota,Host,2
Alkaline phosphatase,True,d__Bacteria,p__Elusimicrobiota,Neither,1
Alkaline phosphatase,True,d__Bacteria,p__Eremiobacterota,Neither,1
Alkaline phosphatase,False,d__Bacteria,p__Fibrobacterota,Host,2
Alkaline phosphatase,True,d__Bacteria,p__Fibrobacterota,Host,2
Alkaline phosphatase,False,d__Bacteria,p__Firmicutes,Host,86
Alkaline phosphatase,False,d__Bacteria,p__Firmicutes,Neither,60
Alkaline phosphatase,True,d__Bacteria,p__Firmicutes,Host,18
Alkaline phosphatase,True,d__Bacteria,p__Firmicutes,Neither,24
Alkaline phosphatase,False,d__Bacteria,p__Firmicutes_A,Host,280
Alkaline phosphatase,False,d__Bacteria,p__Firmicutes_A,Neither,139
Alkaline phosphatase,True,d__Bacteria,p__Firmicutes_A,Host,158
Alkaline phosphatase,True,d__Bacteria,p__Firmicutes_A,Neither,34
Alkaline phosphatase,False,d__Bacteria,p__Firmicutes_B,Host,1
Alkaline phosphatase,False,d__Bacteria,p__Firmicutes_B,Neither,2
Alkaline phosphatase,True,d__Bacteria,p__Firmicutes_B,Host,1
Alkaline phosphatase,False,d__Bacteria,p__Firmicutes_C,Host,11
Alkaline phosphatase,False,d__Bacteria,p__Firmicutes_C,Neither,7
Alkaline phosphatase,True,d__Bacteria,p__Firmicutes_C,Host,5
Alkaline phosphatase,True,d__Bacteria,p__Firmicutes_C,Neither,6
Alkaline phosphatase,False,d__Bacteria,p__Fusobacteriota,Host,1
Alkaline phosphatase,False,d__Bacteria,p__Fusobacteriota,Neither,3
Alkaline phosphatase,True,d__Bacteria,p__Fusobacteriota,Host,1
Alkaline phosphatase,True,d__Bacteria,p__Fusobacteriota,Neither,12
Alkaline phosphatase,True,d__Bacteria,p__Myxococcota,Host,2
Alkaline phosphatase,False,d__Bacteria,p__Patescibacteria,Host,1
Alkaline phosphatase,False,d__Bacteria,p__Patescibacteria,Neither,3
Alkaline phosphatase,True,d__Bacteria,p__Planctomycetota,Host,1
Alkaline phosphatase,True,d__Bacteria,p__Planctomycetota,Neither,1
Alkaline phosphatase,False,d__Bacteria,p__Proteobacteria,Environment,4
Alkaline phosphatase,False,d__Bacteria,p__Proteobacteria,Host,15
Alkaline phosphatase,False,d__Bacteria,p__Proteobacteria,Neither,27
Alkaline phosphatase,True,d__Bacteria,p__Proteobacteria,Environment,4
Alkaline phosphatase,True,d__Bacteria,p__Proteobacteria,Host,9
Alkaline phosphatase,True,d__Bacteria,p__Proteobacteria,Neither,13
Alkaline phosphatase,False,d__Bacteria,p__Spirochaetota,Host,25
Alkaline phosphatase,False,d__Bacteria,p__Spirochaetota,Neither,3
Alkaline phosphatase,True,d__Bacteria,p__Spirochaetota,Host,6
Alkaline phosphatase,True,d__Bacteria,p__Spirochaetota,Neither,5
Alkaline phosphatase,False,d__Bacteria,p__Synergistota,Neither,2
Alkaline phosphatase,True,d__Bacteria,p__Synergistota,Neither,2
Alkaline phosphatase,False,d__Bacteria,p__Verrucomicrobiota,Host,10
Alkaline phosphatase,False,d__Bacteria,p__Verrucomicrobiota,Neither,13
Alkaline phosphatase,True,d__Bacteria,p__Verrucomicrobiota,Host,3
Alkaline phosphatase,True,d__Bacteria,p__Verrucomicrobiota,Neither,1
Alkaline phosphatase,False,d__Bacteria,p__Verrucomicrobiota_A,Host,1
Alkaline phosphatase,False,d__Bacteria,p__Verrucomicrobiota_A,Neither,1
Anaerobe,True,d__Archaea,p__Euryarchaeota,Host,5
Anaerobe,True,d__Archaea,p__Halobacterota,Host,1
Anaerobe,True,d__Archaea,p__Halobacterota,Neither,3
Anaerobe,False,d__Archaea,p__Thermoplasmatota,Neither,2
Anaerobe,True,d__Archaea,p__Thermoplasmatota,Host,1
Anaerobe,True,d__Archaea,p__Thermoplasmatota,Neither,1
Anaerobe,False,d__Bacteria,p__Actinobacteriota,Environment,6
Anaerobe,False,d__Bacteria,p__Actinobacteriota,Host,7
Anaerobe,False,d__Bacteria,p__Actinobacteriota,Neither,29
Anaerobe,True,d__Bacteria,p__Actinobacteriota,Environment,1
Anaerobe,True,d__Bacteria,p__Actinobacteriota,Host,32
Anaerobe,True,d__Bacteria,p__Actinobacteriota,Neither,21
Anaerobe,True,d__Bacteria,p__Armatimonadota,Neither,1
Anaerobe,False,d__Bacteria,p__Bacteroidota,Host,2
Anaerobe,False,d__Bacteria,p__Bacteroidota,Neither,7
Anaerobe,True,d__Bacteria,p__Bacteroidota,Host,215
Anaerobe,True,d__Bacteria,p__Bacteroidota,Neither,121
Anaerobe,False,d__Bacteria,p__Campylobacterota,Host,6
Anaerobe,False,d__Bacteria,p__Campylobacterota,Neither,14
Anaerobe,True,d__Bacteria,p__Chloroflexota,Neither,1
Anaerobe,True,d__Bacteria,p__Cyanobacteria,Host,13
Anaerobe,True,d__Bacteria,p__Cyanobacteria,Neither,2
Anaerobe,False,d__Bacteria,p__Deferribacterota,Neither,1
Anaerobe,False,d__Bacteria,p__Desulfobacterota_A,Neither,1
Anaerobe,True,d__Bacteria,p__Desulfobacterota_A,Host,5
Anaerobe,True,d__Bacteria,p__Desulfobacterota_A,Neither,2
Anaerobe,False,d__Bacteria,p__Elusimicrobiota,Host,2
Anaerobe,True,d__Bacteria,p__Elusimicrobiota,Host,2
Anaerobe,True,d__Bacteria,p__Elusimicrobiota,Neither,2
Anaerobe,True,d__Bacteria,p__Eremiobacterota,Neither,1
Anaerobe,True,d__Bacteria,p__Fibrobacterota,Host,4
Anaerobe,False,d__Bacteria,p__Firmicutes,Host,68
Anaerobe,False,d__Bacteria,p__Firmicutes,Neither,39
Anaerobe,True,d__Bacteria,p__Firmicutes,Host,36
Anaerobe,True,d__Bacteria,p__Firmicutes,Neither,45
Anaerobe,False,d__Bacteria,p__Firmicutes_A,Host,12
Anaerobe,False,d__Bacteria,p__Firmicutes_A,Neither,12
Anaerobe,True,d__Bacteria,p__Firmicutes_A,Host,426
Anaerobe,True,d__Bacteria,p__Firmicutes_A,Neither,161
Anaerobe,True,d__Bacteria,p__Firmicutes_B,Host,2
Anaerobe,True,d__Bacteria,p__Firmicutes_B,Neither,2
Anaerobe,False,d__Bacteria,p__Firmicutes_C,Neither,1
Anaerobe,True,d__Bacteria,p__Firmicutes_C,Host,16
Anaerobe,True,d__Bacteria,p__Firmicutes_C,Neither,12
Anaerobe,False,d__Bacteria,p__Fusobacteriota,Neither,1
Anaerobe,True,d__Bacteria,p__Fusobacteriota,Host,2
Anaerobe,True,d__Bacteria,p__Fusobacteriota,Neither,14
Anaerobe,True,d__Bacteria,p__Myxococcota,Host,2
Anaerobe,False,d__Bacteria,p__Patescibacteria,Host,1
Anaerobe,False,d__Bacteria,p__Patescibacteria,Neither,3
Anaerobe,True,d__Bacteria,p__Planctomycetota,Host,1
Anaerobe,True,d__Bacteria,p__Planctomycetota,Neither,1
Anaerobe,False,d__Bacteria,p__Proteobacteria,Environment,8
Anaerobe,False,d__Bacteria,p__Proteobacteria,Host,17
Anaerobe,False,d__Bacteria,p__Proteobacteria,Neither,35
Anaerobe,True,d__Bacteria,p__Proteobacteria,Host,7
Anaerobe,True,d__Bacteria,p__Proteobacteria,Neither,5
Anaerobe,True,d__Bacteria,p__Spirochaetota,Host,31
Anaerobe,True,d__Bacteria,p__Spirochaetota,Neither,8
Anaerobe,True,d__Bacteria,p__Synergistota,Neither,4
Anaerobe,False,d__Bacteria,p__Verrucomicrobiota,Host,2
Anaerobe,False,d__Bacteria,p__Verrucomicrobiota,Neither,4
Anaerobe,True,d__Bacteria,p__Verrucomicrobiota,Host,11
Anaerobe,True,d__Bacteria,p__Verrucomicrobiota,Neither,10
Anaerobe,False,d__Bacteria,p__Verrucomicrobiota_A,Host,1
Anaerobe,False,d__Bacteria,p__Verrucomicrobiota_A,Neither,1
Arginine dihydrolase,False,d__Archaea,p__Euryarchaeota,Host,4
Arginine dihydrolase,True,d__Archaea,p__Euryarchaeota,Host,1
Arginine dihydrolase,False,d__Archaea,p__Halobacterota,Host,1
Arginine dihydrolase,False,d__Archaea,p__Halobacterota,Neither,3
Arginine dihydrolase,False,d__Archaea,p__Thermoplasmatota,Host,1
Arginine dihydrolase,False,d__Archaea,p__Thermoplasmatota,Neither,3
Arginine dihydrolase,False,d__Bacteria,p__Actinobacteriota,Environment,5
Arginine dihydrolase,False,d__Bacteria,p__Actinobacteriota,Host,18
Arginine dihydrolase,False,d__Bacteria,p__Actinobacteriota,Neither,34
Arginine dihydrolase,True,d__Bacteria,p__Actinobacteriota,Environment,2
Arginine dihydrolase,True,d__Bacteria,p__Actinobacteriota,Host,21
Arginine dihydrolase,True,d__Bacteria,p__Actinobacteriota,Neither,16
Arginine dihydrolase,False,d__Bacteria,p__Armatimonadota,Neither,1
Arginine dihydrolase,False,d__Bacteria,p__Bacteroidota,Host,188
Arginine dihydrolase,False,d__Bacteria,p__Bacteroidota,Neither,76
Arginine dihydrolase,True,d__Bacteria,p__Bacteroidota,Host,29
Arginine dihydrolase,True,d__Bacteria,p__Bacteroidota,Neither,52
Arginine dihydrolase,False,d__Bacteria,p__Campylobacterota,Host,5
Arginine dihydrolase,False,d__Bacteria,p__Campylobacterota,Neither,14
Arginine dihydrolase,True,d__Bacteria,p__Campylobacterota,Host,1
Arginine dihydrolase,False,d__Bacteria,p__Chloroflexota,Neither,1
Arginine dihydrolase,False,d__Bacteria,p__Cyanobacteria,Host,11
Arginine dihydrolase,False,d__Bacteria,p__Cyanobacteria,Neither,2
Arginine dihydrolase,True,d__Bacteria,p__Cyanobacteria,Host,2
Arginine dihydrolase,False,d__Bacteria,p__Deferribacterota,Neither,1
Arginine dihydrolase,False,d__Bacteria,p__Desulfobacterota_A,Host,5
Arginine dihydrolase,False,d__Bacteria,p__Desulfobacterota_A,Neither,3
Arginine dihydrolase,False,d__Bacteria,p__Elusimicrobiota,Host,3
Arginine dihydrolase,False,d__Bacteria,p__Elusimicrobiota,Neither,1
Arginine dihydrolase,True,d__Bacteria,p__Elusimicrobiota,Host,1
Arginine dihydrolase,True,d__Bacteria,p__Elusimicrobiota,Neither,1
Arginine dihydrolase,False,d__Bacteria,p__Eremiobacterota,Neither,1
Arginine dihydrolase,False,d__Bacteria,p__Fibrobacterota,Host,4
Arginine dihydrolase,False,d__Bacteria,p__Firmicutes,Host,56
Arginine dihydrolase,False,d__Bacteria,p__Firmicutes,Neither,58
Arginine dihydrolase,True,d__Bacteria,p__Firmicutes,Host,48
Arginine dihydrolase,True,d__Bacteria,p__Firmicutes,Neither,26
Arginine dihydrolase,False,d__Bacteria,p__Firmicutes_A,Host,381
Arginine dihydrolase,False,d__Bacteria,p__Firmicutes_A,Neither,154
Arginine dihydrolase,True,d__Bacteria,p__Firmicutes_A,Host,57
Arginine dihydrolase,True,d__Bacteria,p__Firmicutes_A,Neither,19
Arginine dihydrolase,False,d__Bacteria,p__Firmicutes_B,Host,2
Arginine dihydrolase,False,d__Bacteria,p__Firmicutes_B,Neither,2
Arginine dihydrolase,False,d__Bacteria,p__Firmicutes_C,Host,16
Arginine dihydrolase,False,d__Bacteria,p__Firmicutes_C,Neither,13
Arginine dihydrolase,False,d__Bacteria,p__Fusobacteriota,Host,1
Arginine dihydrolase,False,d__Bacteria,p__Fusobacteriota,Neither,11
Arginine dihydrolase,True,d__Bacteria,p__Fusobacteriota,Host,1
Arginine dihydrolase,True,d__Bacteria,p__Fusobacteriota,Neither,4
Arginine dihydrolase,False,d__Bacteria,p__Myxococcota,Host,2
Arginine dihydrolase,True,d__Bacteria,p__Patescibacteria,Host,1
Arginine dihydrolase,True,d__Bacteria,p__Patescibacteria,Neither,3
Arginine dihydrolase,False,d__Bacteria,p__Planctomycetota,Host,1
Arginine dihydrolase,False,d__Bacteria,p__Planctomycetota,Neither,1
Arginine dihydrolase,False,d__Bacteria,p__Proteobacteria,Environment,5
Arginine dihydrolase,False,d__Bacteria,p__Proteobacteria,Host,19
Arginine dihydrolase,False,d__Bacteria,p__Proteobacteria,Neither,32
Arginine dihydrolase,True,d__Bacteria,p__Proteobacteria,Environment,3
Arginine dihydrolase,True,d__Bacteria,p__Proteobacteria,Host,5
Arginine dihydrolase,True,d__Bacteria,p__Proteobacteria,Neither,8
Arginine dihydrolase,False,d__Bacteria,p__Spirochaetota,Host,29
Arginine dihydrolase,False,d__Bacteria,p__Spirochaetota,Neither,5
Arginine dihydrolase,True,d__Bacteria,p__Spirochaetota,Host,2
Arginine dihydrolase,True,d__Bacteria,p__Spirochaetota,Neither,3
Arginine dihydrolase,False,d__Bacteria,p__Synergistota,Neither,2
Arginine dihydrolase,True,d__Bacteria,p__Synergistota,Neither,2
Arginine dihydrolase,False,d__Bacteria,p__Verrucomicrobiota,Host,12
Arginine dihydrolase,False,d__Bacteria,p__Verrucomicrobiota,Neither,10
Arginine dihydrolase,True,d__Bacteria,p__Verrucomicrobiota,Host,1
Arginine dihydrolase,True,d__Bacteria,p__Verrucomicrobiota,Neither,4
Arginine dihydrolase,False,d__Bacteria,p__Verrucomicrobiota_A,Host,1
Arginine dihydrolase,False,d__Bacteria,p__Verrucomicrobiota_A,Neither,1
Bacillus or coccobacillus,False,d__Archaea,p__Euryarchaeota,Host,5
Bacillus or coccobacillus,False,d__Archaea,p__Halobacterota,Host,1
Bacillus or coccobacillus,False,d__Archaea,p__Halobacterota,Neither,2
Bacillus or coccobacillus,True,d__Archaea,p__Halobacterota,Neither,1
Bacillus or coccobacillus,False,d__Archaea,p__Thermoplasmatota,Host,1
Bacillus or coccobacillus,False,d__Archaea,p__Thermoplasmatota,Neither,3
Bacillus or coccobacillus,False,d__Bacteria,p__Actinobacteriota,Host,2
Bacillus or coccobacillus,False,d__Bacteria,p__Actinobacteriota,Neither,7
Bacillus or coccobacillus,True,d__Bacteria,p__Actinobacteriota,Environment,7
Bacillus or coccobacillus,True,d__Bacteria,p__Actinobacteriota,Host,37
Bacillus or coccobacillus,True,d__Bacteria,p__Actinobacteriota,Neither,43
Bacillus or coccobacillus,True,d__Bacteria,p__Armatimonadota,Neither,1
Bacillus or coccobacillus,False,d__Bacteria,p__Bacteroidota,Host,2
Bacillus or coccobacillus,False,d__Bacteria,p__Bacteroidota,Neither,3
Bacillus or coccobacillus,True,d__Bacteria,p__Bacteroidota,Host,215
Bacillus or coccobacillus,True,d__Bacteria,p__Bacteroidota,Neither,125
Bacillus or coccobacillus,False,d__Bacteria,p__Campylobacterota,Host,1
Bacillus or coccobacillus,False,d__Bacteria,p__Campylobacterota,Neither,1
Bacillus or coccobacillus,True,d__Bacteria,p__Campylobacterota,Host,5
Bacillus or coccobacillus,True,d__Bacteria,p__Campylobacterota,Neither,13
Bacillus or coccobacillus,True,d__Bacteria,p__Chloroflexota,Neither,1
Bacillus or coccobacillus,True,d__Bacteria,p__Cyanobacteria,Host,13
Bacillus or coccobacillus,True,d__Bacteria,p__Cyanobacteria,Neither,2
Bacillus or coccobacillus,False,d__Bacteria,p__Deferribacterota,Neither,1
Bacillus or coccobacillus,True,d__Bacteria,p__Desulfobacterota_A,Host,5
Bacillus or coccobacillus,True,d__Bacteria,p__Desulfobacterota_A,Neither,3
Bacillus or coccobacillus,False,d__Bacteria,p__Elusimicrobiota,Host,2
Bacillus or coccobacillus,True,d__Bacteria,p__Elusimicrobiota,Host,2
Bacillus or coccobacillus,True,d__Bacteria,p__Elusimicrobiota,Neither,2
Bacillus or coccobacillus,True,d__Bacteria,p__Eremiobacterota,Neither,1
Bacillus or coccobacillus,True,d__Bacteria,p__Fibrobacterota,Host,4
Bacillus or coccobacillus,False,d__Bacteria,p__Firmicutes,Host,79
Bacillus or coccobacillus,False,d__Bacteria,p__Firmicutes,Neither,69
Bacillus or coccobacillus,True,d__Bacteria,p__Firmicutes,Host,25
Bacillus or coccobacillus,True,d__Bacteria,p__Firmicutes,Neither,15
Bacillus or coccobacillus,False,d__Bacteria,p__Firmicutes_A,Host,82
Bacillus or coccobacillus,False,d__Bacteria,p__Firmicutes_A,Neither,46
Bacillus or coccobacillus,True,d__Bacteria,p__Firmicutes_A,Host,356
Bacillus or coccobacillus,True,d__Bacteria,p__Firmicutes_A,Neither,127
Bacillus or coccobacillus,True,d__Bacteria,p__Firmicutes_B,Host,2
Bacillus or coccobacillus,True,d__Bacteria,p__Firmicutes_B,Neither,2
Bacillus or coccobacillus,False,d__Bacteria,p__Firmicutes_C,Host,8
Bacillus or coccobacillus,False,d__Bacteria,p__Firmicutes_C,Neither,4
Bacillus or coccobacillus,True,d__Bacteria,p__Firmicutes_C,Host,8
Bacillus or coccobacillus,True,d__Bacteria,p__Firmicutes_C,Neither,9
Bacillus or coccobacillus,True,d__Bacteria,p__Fusobacteriota,Host,2
Bacillus or coccobacillus,True,d__Bacteria,p__Fusobacteriota,Neither,15
Bacillus or coccobacillus,True,d__Bacteria,p__Myxococcota,Host,2
Bacillus or coccobacillus,False,d__Bacteria,p__Patescibacteria,Host,1
Bacillus or coccobacillus,False,d__Bacteria,p__Patescibacteria,Neither,3
Bacillus or coccobacillus,True,d__Bacteria,p__Planctomycetota,Host,1
Bacillus or coccobacillus,True,d__Bacteria,p__Planctomycetota,Neither,1
Bacillus or coccobacillus,False,d__Bacteria,p__Proteobacteria,Host,1
Bacillus or coccobacillus,False,d__Bacteria,p__Proteobacteria,Neither,7
Bacillus or coccobacillus,True,d__Bacteria,p__Proteobacteria,Environment,8
Bacillus or coccobacillus,True,d__Bacteria,p__Proteobacteria,Host,23
Bacillus or coccobacillus,True,d__Bacteria,p__Proteobacteria,Neither,33
Bacillus or coccobacillus,False,d__Bacteria,p__Spirochaetota,Host,17
Bacillus or coccobacillus,False,d__Bacteria,p__Spirochaetota,Neither,6
Bacillus or coccobacillus,True,d__Bacteria,p__Spirochaetota,Host,14
Bacillus or coccobacillus,True,d__Bacteria,p__Spirochaetota,Neither,2
Bacillus or coccobacillus,True,d__Bacteria,p__Synergistota,Neither,4
Bacillus or coccobacillus,False,d__Bacteria,p__Verrucomicrobiota,Host,3
Bacillus or coccobacillus,False,d__Bacteria,p__Verrucomicrobiota,Neither,1
Bacillus or coccobacillus,True,d__Bacteria,p__Verrucomicrobiota,Host,10
Bacillus or coccobacillus,True,d__Bacteria,p__Verrucomicrobiota,Neither,13
Bacillus or coccobacillus,False,d__Bacteria,p__Verrucomicrobiota_A,Host,1
Bacillus or coccobacillus,False,d__Bacteria,p__Verrucomicrobiota_A,Neither,1
Beta hemolysis,False,d__Archaea,p__Euryarchaeota,Host,5
Beta hemolysis,False,d__Archaea,p__Halobacterota,Host,1
Beta hemolysis,False,d__Archaea,p__Halobacterota,Neither,3
Beta hemolysis,False,d__Archaea,p__Thermoplasmatota,Host,1
Beta hemolysis,False,d__Archaea,p__Thermoplasmatota,Neither,3
Beta hemolysis,False,d__Bacteria,p__Actinobacteriota,Environment,7
Beta hemolysis,False,d__Bacteria,p__Actinobacteriota,Host,39
Beta hemolysis,False,d__Bacteria,p__Actinobacteriota,Neither,50
Beta hemolysis,False,d__Bacteria,p__Armatimonadota,Neither,1
Beta hemolysis,False,d__Bacteria,p__Bacteroidota,Host,217
Beta hemolysis,False,d__Bacteria,p__Bacteroidota,Neither,127
Beta hemolysis,True,d__Bacteria,p__Bacteroidota,Neither,1
Beta hemolysis,False,d__Bacteria,p__Campylobacterota,Host,6
Beta hemolysis,False,d__Bacteria,p__Campylobacterota,Neither,14
Beta hemolysis,False,d__Bacteria,p__Chloroflexota,Neither,1
Beta hemolysis,False,d__Bacteria,p__Cyanobacteria,Host,13
Beta hemolysis,False,d__Bacteria,p__Cyanobacteria,Neither,2
Beta hemolysis,False,d__Bacteria,p__Deferribacterota,Neither,1
Beta hemolysis,False,d__Bacteria,p__Desulfobacterota_A,Host,5
Beta hemolysis,False,d__Bacteria,p__Desulfobacterota_A,Neither,3
Beta hemolysis,False,d__Bacteria,p__Elusimicrobiota,Host,4
Beta hemolysis,False,d__Bacteria,p__Elusimicrobiota,Neither,2
Beta hemolysis,False,d__Bacteria,p__Eremiobacterota,Neither,1
Beta hemolysis,False,d__Bacteria,p__Fibrobacterota,Host,4
Beta hemolysis,False,d__Bacteria,p__Firmicutes,Host,104
Beta hemolysis,False,d__Bacteria,p__Firmicutes,Neither,84
Beta hemolysis,False,d__Bacteria,p__Firmicutes_A,Host,434
Beta hemolysis,False,d__Bacteria,p__Firmicutes_A,Neither,173
Beta hemolysis,True,d__Bacteria,p__Firmicutes_A,Host,4
Beta hemolysis,False,d__Bacteria,p__Firmicutes_B,Host,2
Beta hemolysis,False,d__Bacteria,p__Firmicutes_B,Neither,2
Beta hemolysis,False,d__Bacteria,p__Firmicutes_C,Host,16
Beta hemolysis,False,d__Bacteria,p__Firmicutes_C,Neither,12
Beta hemolysis,True,d__Bacteria,p__Firmicutes_C,Neither,1
Beta hemolysis,False,d__Bacteria,p__Fusobacteriota,Host,2
Beta hemolysis,False,d__Bacteria,p__Fusobacteriota,Neither,15
Beta hemolysis,False,d__Bacteria,p__Myxococcota,Host,2
Beta hemolysis,False,d__Bacteria,p__Patescibacteria,Host,1
Beta hemolysis,False,d__Bacteria,p__Patescibacteria,Neither,3
Beta hemolysis,False,d__Bacteria,p__Planctomycetota,Host,1
Beta hemolysis,False,d__Bacteria,p__Planctomycetota,Neither,1
Beta hemolysis,False,d__Bacteria,p__Proteobacteria,Environment,8
Beta hemolysis,False,d__Bacteria,p__Proteobacteria,Host,24
Beta hemolysis,False,d__Bacteria,p__Proteobacteria,Neither,40
Beta hemolysis,False,d__Bacteria,p__Spirochaetota,Host,31
Beta hemolysis,False,d__Bacteria,p__Spirochaetota,Neither,8
Beta hemolysis,False,d__Bacteria,p__Synergistota,Neither,4
Beta hemolysis,False,d__Bacteria,p__Verrucomicrobiota,Host,13
Beta hemolysis,False,d__Bacteria,p__Verrucomicrobiota,Neither,14
Beta hemolysis,False,d__Bacteria,p__Verrucomicrobiota_A,Host,1
Beta hemolysis,False,d__Bacteria,p__Verrucomicrobiota_A,Neither,1
Bile-susceptible,False,d__Archaea,p__Euryarchaeota,Host,1
Bile-susceptible,True,d__Archaea,p__Euryarchaeota,Host,4
Bile-susceptible,True,d__Archaea,p__Halobacterota,Host,1
Bile-susceptible,True,d__Archaea,p__Halobacterota,Neither,3
Bile-susceptible,False,d__Archaea,p__Thermoplasmatota,Neither,1
Bile-susceptible,True,d__Archaea,p__Thermoplasmatota,Host,1
Bile-susceptible,True,d__Archaea,p__Thermoplasmatota,Neither,2
Bile-susceptible,False,d__Bacteria,p__Actinobacteriota,Host,31
Bile-susceptible,False,d__Bacteria,p__Actinobacteriota,Neither,23
Bile-susceptible,True,d__Bacteria,p__Actinobacteriota,Environment,7
Bile-susceptible,True,d__Bacteria,p__Actinobacteriota,Host,8
Bile-susceptible,True,d__Bacteria,p__Actinobacteriota,Neither,27
Bile-susceptible,False,d__Bacteria,p__Armatimonadota,Neither,1
Bile-susceptible,False,d__Bacteria,p__Bacteroidota,Host,69
Bile-susceptible,False,d__Bacteria,p__Bacteroidota,Neither,42
Bile-susceptible,True,d__Bacteria,p__Bacteroidota,Host,148
Bile-susceptible,True,d__Bacteria,p__Bacteroidota,Neither,86
Bile-susceptible,False,d__Bacteria,p__Campylobacterota,Host,5
Bile-susceptible,False,d__Bacteria,p__Campylobacterota,Neither,13
Bile-susceptible,True,d__Bacteria,p__Campylobacterota,Host,1
Bile-susceptible,True,d__Bacteria,p__Campylobacterota,Neither,1
Bile-susceptible,False,d__Bacteria,p__Chloroflexota,Neither,1
Bile-susceptible,False,d__Bacteria,p__Cyanobacteria,Host,13
Bile-susceptible,False,d__Bacteria,p__Cyanobacteria,Neither,2
Bile-susceptible,True,d__Bacteria,p__Deferribacterota,Neither,1
Bile-susceptible,False,d__Bacteria,p__Desulfobacterota_A,Host,2
Bile-susceptible,False,d__Bacteria,p__Desulfobacterota_A,Neither,2
Bile-susceptible,True,d__Bacteria,p__Desulfobacterota_A,Host,3
Bile-susceptible,True,d__Bacteria,p__Desulfobacterota_A,Neither,1
Bile-susceptible,False,d__Bacteria,p__Elusimicrobiota,Host,3
Bile-susceptible,False,d__Bacteria,p__Elusimicrobiota,Neither,1
Bile-susceptible,True,d__Bacteria,p__Elusimicrobiota,Host,1
Bile-susceptible,True,d__Bacteria,p__Elusimicrobiota,Neither,1
Bile-susceptible,False,d__Bacteria,p__Eremiobacterota,Neither,1
Bile-susceptible,True,d__Bacteria,p__Fibrobacterota,Host,4
Bile-susceptible,False,d__Bacteria,p__Firmicutes,Host,102
Bile-susceptible,False,d__Bacteria,p__Firmicutes,Neither,82
Bile-susceptible,True,d__Bacteria,p__Firmicutes,Host,2
Bile-susceptible,True,d__Bacteria,p__Firmicutes,Neither,2
Bile-susceptible,False,d__Bacteria,p__Firmicutes_A,Host,307
Bile-susceptible,False,d__Bacteria,p__Firmicutes_A,Neither,142
Bile-susceptible,True,d__Bacteria,p__Firmicutes_A,Host,131
Bile-susceptible,True,d__Bacteria,p__Firmicutes_A,Neither,31
Bile-susceptible,False,d__Bacteria,p__Firmicutes_B,Host,2
Bile-susceptible,False,d__Bacteria,p__Firmicutes_B,Neither,2
Bile-susceptible,False,d__Bacteria,p__Firmicutes_C,Host,3
Bile-susceptible,False,d__Bacteria,p__Firmicutes_C,Neither,1
Bile-susceptible,True,d__Bacteria,p__Firmicutes_C,Host,13
Bile-susceptible,True,d__Bacteria,p__Firmicutes_C,Neither,12
Bile-susceptible,False,d__Bacteria,p__Fusobacteriota,Host,1
Bile-susceptible,False,d__Bacteria,p__Fusobacteriota,Neither,9
Bile-susceptible,True,d__Bacteria,p__Fusobacteriota,Host,1
Bile-susceptible,True,d__Bacteria,p__Fusobacteriota,Neither,6
Bile-susceptible,True,d__Bacteria,p__Myxococcota,Host,2
Bile-susceptible,False,d__Bacteria,p__Patescibacteria,Host,1
Bile-susceptible,False,d__Bacteria,p__Patescibacteria,Neither,3
Bile-susceptible,True,d__Bacteria,p__Planctomycetota,Host,1
Bile-susceptible,True,d__Bacteria,p__Planctomycetota,Neither,1
Bile-susceptible,False,d__Bacteria,p__Proteobacteria,Host,15
Bile-susceptible,False,d__Bacteria,p__Proteobacteria,Neither,19
Bile-susceptible,True,d__Bacteria,p__Proteobacteria,Environment,8
Bile-susceptible,True,d__Bacteria,p__Proteobacteria,Host,9
Bile-susceptible,True,d__Bacteria,p__Proteobacteria,Neither,21
Bile-susceptible,False,d__Bacteria,p__Spirochaetota,Host,17
Bile-susceptible,False,d__Bacteria,p__Spirochaetota,Neither,7
Bile-susceptible,True,d__Bacteria,p__Spirochaetota,Host,14
Bile-susceptible,True,d__Bacteria,p__Spirochaetota,Neither,1
Bile-susceptible,False,d__Bacteria,p__Synergistota,Neither,2
Bile-susceptible,True,d__Bacteria,p__Synergistota,Neither,2
Bile-susceptible,False,d__Bacteria,p__Verrucomicrobiota,Host,6
Bile-susceptible,False,d__Bacteria,p__Verrucomicrobiota,Neither,5
Bile-susceptible,True,d__Bacteria,p__Verrucomicrobiota,Host,7
Bile-susceptible,True,d__Bacteria,p__Verrucomicrobiota,Neither,9
Bile-susceptible,False,d__Bacteria,p__Verrucomicrobiota_A,Host,1
Bile-susceptible,True,d__Bacteria,p__Verrucomicrobiota_A,Neither,1
Capnophilic,False,d__Archaea,p__Euryarchaeota,Host,3
Capnophilic,True,d__Archaea,p__Euryarchaeota,Host,2
Capnophilic,False,d__Archaea,p__Halobacterota,Host,1
Capnophilic,False,d__Archaea,p__Halobacterota,Neither,3
Capnophilic,False,d__Archaea,p__Thermoplasmatota,Neither,1
Capnophilic,True,d__Archaea,p__Thermoplasmatota,Host,1
Capnophilic,True,d__Archaea,p__Thermoplasmatota,Neither,2
Capnophilic,False,d__Bacteria,p__Actinobacteriota,Environment,7
Capnophilic,False,d__Bacteria,p__Actinobacteriota,Host,39
Capnophilic,False,d__Bacteria,p__Actinobacteriota,Neither,50
Capnophilic,False,d__Bacteria,p__Armatimonadota,Neither,1
Capnophilic,False,d__Bacteria,p__Bacteroidota,Host,217
Capnophilic,False,d__Bacteria,p__Bacteroidota,Neither,126
Capnophilic,True,d__Bacteria,p__Bacteroidota,Neither,2
Capnophilic,False,d__Bacteria,p__Campylobacterota,Host,2
Capnophilic,False,d__Bacteria,p__Campylobacterota,Neither,2
Capnophilic,True,d__Bacteria,p__Campylobacterota,Host,4
Capnophilic,True,d__Bacteria,p__Campylobacterota,Neither,12
Capnophilic,False,d__Bacteria,p__Chloroflexota,Neither,1
Capnophilic,False,d__Bacteria,p__Cyanobacteria,Host,13
Capnophilic,False,d__Bacteria,p__Cyanobacteria,Neither,2
Capnophilic,False,d__Bacteria,p__Deferribacterota,Neither,1
Capnophilic,False,d__Bacteria,p__Desulfobacterota_A,Host,5
Capnophilic,False,d__Bacteria,p__Desulfobacterota_A,Neither,3
Capnophilic,False,d__Bacteria,p__Elusimicrobiota,Host,4
Capnophilic,False,d__Bacteria,p__Elusimicrobiota,Neither,2
Capnophilic,False,d__Bacteria,p__Eremiobacterota,Neither,1
Capnophilic,False,d__Bacteria,p__Fibrobacterota,Host,3
Capnophilic,True,d__Bacteria,p__Fibrobacterota,Host,1
Capnophilic,False,d__Bacteria,p__Firmicutes,Host,92
Capnophilic,False,d__Bacteria,p__Firmicutes,Neither,63
Capnophilic,True,d__Bacteria,p__Firmicutes,Host,12
Capnophilic,True,d__Bacteria,p__Firmicutes,Neither,21
Capnophilic,False,d__Bacteria,p__Firmicutes_A,Host,435
Capnophilic,False,d__Bacteria,p__Firmicutes_A,Neither,173
Capnophilic,True,d__Bacteria,p__Firmicutes_A,Host,3
Capnophilic,False,d__Bacteria,p__Firmicutes_B,Host,2
Capnophilic,False,d__Bacteria,p__Firmicutes_B,Neither,2
Capnophilic,False,d__Bacteria,p__Firmicutes_C,Host,14
Capnophilic,False,d__Bacteria,p__Firmicutes_C,Neither,11
Capnophilic,True,d__Bacteria,p__Firmicutes_C,Host,2
Capnophilic,True,d__Bacteria,p__Firmicutes_C,Neither,2
Capnophilic,False,d__Bacteria,p__Fusobacteriota,Host,2
Capnophilic,False,d__Bacteria,p__Fusobacteriota,Neither,11
Capnophilic,True,d__Bacteria,p__Fusobacteriota,Neither,4
Capnophilic,False,d__Bacteria,p__Myxococcota,Host,2
Capnophilic,False,d__Bacteria,p__Patescibacteria,Host,1
Capnophilic,False,d__Bacteria,p__Patescibacteria,Neither,3
Capnophilic,False,d__Bacteria,p__Planctomycetota,Host,1
Capnophilic,False,d__Bacteria,p__Planctomycetota,Neither,1
Capnophilic,False,d__Bacteria,p__Proteobacteria,Environment,8
Capnophilic,False,d__Bacteria,p__Proteobacteria,Host,23
Capnophilic,False,d__Bacteria,p__Proteobacteria,Neither,34
Capnophilic,True,d__Bacteria,p__Proteobacteria,Host,1
Capnophilic,True,d__Bacteria,p__Proteobacteria,Neither,6
Capnophilic,False,d__Bacteria,p__Spirochaetota,Host,31
Capnophilic,False,d__Bacteria,p__Spirochaetota,Neither,8
Capnophilic,False,d__Bacteria,p__Synergistota,Neither,3
Capnophilic,True,d__Bacteria,p__Synergistota,Neither,1
Capnophilic,False,d__Bacteria,p__Verrucomicrobiota,Host,13
Capnophilic,False,d__Bacteria,p__Verrucomicrobiota,Neither,13
Capnophilic,True,d__Bacteria,p__Verrucomicrobiota,Neither,1
Capnophilic,False,d__Bacteria,p__Verrucomicrobiota_A,Host,1
Capnophilic,False,d__Bacteria,p__Verrucomicrobiota_A,Neither,1
Casein hydrolysis,False,d__Archaea,p__Euryarchaeota,Host,5
Casein hydrolysis,False,d__Archaea,p__Halobacterota,Host,1
Casein hydrolysis,False,d__Archaea,p__Halobacterota,Neither,3
Casein hydrolysis,False,d__Archaea,p__Thermoplasmatota,Host,1
Casein hydrolysis,False,d__Archaea,p__Thermoplasmatota,Neither,3
Casein hydrolysis,False,d__Bacteria,p__Actinobacteriota,Environment,5
Casein hydrolysis,False,d__Bacteria,p__Actinobacteriota,Host,39
Casein hydrolysis,False,d__Bacteria,p__Actinobacteriota,Neither,49
Casein hydrolysis,True,d__Bacteria,p__Actinobacteriota,Environment,2
Casein hydrolysis,True,d__Bacteria,p__Actinobacteriota,Neither,1
Casein hydrolysis,True,d__Bacteria,p__Armatimonadota,Neither,1
Casein hydrolysis,False,d__Bacteria,p__Bacteroidota,Host,75
Casein hydrolysis,False,d__Bacteria,p__Bacteroidota,Neither,41
Casein hydrolysis,True,d__Bacteria,p__Bacteroidota,Host,142
Casein hydrolysis,True,d__Bacteria,p__Bacteroidota,Neither,87
Casein hydrolysis,False,d__Bacteria,p__Campylobacterota,Host,6
Casein hydrolysis,False,d__Bacteria,p__Campylobacterota,Neither,14
Casein hydrolysis,False,d__Bacteria,p__Chloroflexota,Neither,1
Casein hydrolysis,False,d__Bacteria,p__Cyanobacteria,Host,13
Casein hydrolysis,False,d__Bacteria,p__Cyanobacteria,Neither,2
Casein hydrolysis,False,d__Bacteria,p__Deferribacterota,Neither,1
Casein hydrolysis,False,d__Bacteria,p__Desulfobacterota_A,Host,3
Casein hydrolysis,False,d__Bacteria,p__Desulfobacterota_A,Neither,2
Casein hydrolysis,True,d__Bacteria,p__Desulfobacterota_A,Host,2
Casein hydrolysis,True,d__Bacteria,p__Desulfobacterota_A,Neither,1
Casein hydrolysis,False,d__Bacteria,p__Elusimicrobiota,Host,1
Casein hydrolysis,False,d__Bacteria,p__Elusimicrobiota,Neither,2
Casein hydrolysis,True,d__Bacteria,p__Elusimicrobiota,Host,3
Casein hydrolysis,False,d__Bacteria,p__Eremiobacterota,Neither,1
Casein hydrolysis,False,d__Bacteria,p__Fibrobacterota,Host,4
Casein hydrolysis,False,d__Bacteria,p__Firmicutes,Host,101
Casein hydrolysis,False,d__Bacteria,p__Firmicutes,Neither,83
Casein hydrolysis,True,d__Bacteria,p__Firmicutes,Host,3
Casein hydrolysis,True,d__Bacteria,p__Firmicutes,Neither,1
Casein hydrolysis,False,d__Bacteria,p__Firmicutes_A,Host,416
Casein hydrolysis,False,d__Bacteria,p__Firmicutes_A,Neither,171
Casein hydrolysis,True,d__Bacteria,p__Firmicutes_A,Host,22
Casein hydrolysis,True,d__Bacteria,p__Firmicutes_A,Neither,2
Casein hydrolysis,False,d__Bacteria,p__Firmicutes_B,Host,2
Casein hydrolysis,False,d__Bacteria,p__Firmicutes_B,Neither,2
Casein hydrolysis,False,d__Bacteria,p__Firmicutes_C,Host,11
Casein hydrolysis,False,d__Bacteria,p__Firmicutes_C,Neither,13
Casein hydrolysis,True,d__Bacteria,p__Firmicutes_C,Host,5
Casein hydrolysis,False,d__Bacteria,p__Fusobacteriota,Host,2
Casein hydrolysis,False,d__Bacteria,p__Fusobacteriota,Neither,10
Casein hydrolysis,True,d__Bacteria,p__Fusobacteriota,Neither,5
Casein hydrolysis,False,d__Bacteria,p__Myxococcota,Host,2
Casein hydrolysis,False,d__Bacteria,p__Patescibacteria,Host,1
Casein hydrolysis,False,d__Bacteria,p__Patescibacteria,Neither,3
Casein hydrolysis,True,d__Bacteria,p__Planctomycetota,Host,1
Casein hydrolysis,True,d__Bacteria,p__Planctomycetota,Neither,1
Casein hydrolysis,False,d__Bacteria,p__Proteobacteria,Environment,1
Casein hydrolysis,False,d__Bacteria,p__Proteobacteria,Host,15
Casein hydrolysis,False,d__Bacteria,p__Proteobacteria,Neither,32
Casein hydrolysis,True,d__Bacteria,p__Proteobacteria,Environment,7
Casein hydrolysis,True,d__Bacteria,p__Proteobacteria,Host,9
Casein hydrolysis,True,d__Bacteria,p__Proteobacteria,Neither,8
Casein hydrolysis,False,d__Bacteria,p__Spirochaetota,Host,21
Casein hydrolysis,False,d__Bacteria,p__Spirochaetota,Neither,8
Casein hydrolysis,True,d__Bacteria,p__Spirochaetota,Host,10
Casein hydrolysis,False,d__Bacteria,p__Synergistota,Neither,4
Casein hydrolysis,False,d__Bacteria,p__Verrucomicrobiota,Host,4
Casein hydrolysis,False,d__Bacteria,p__Verrucomicrobiota,Neither,10
Casein hydrolysis,True,d__Bacteria,p__Verrucomicrobiota,Host,9
Casein hydrolysis,True,d__Bacteria,p__Verrucomicrobiota,Neither,4
Casein hydrolysis,False,d__Bacteria,p__Verrucomicrobiota_A,Host,1
Casein hydrolysis,False,d__Bacteria,p__Verrucomicrobiota_A,Neither,1
Catalase,False,d__Archaea,p__Euryarchaeota,Host,5
Catalase,False,d__Archaea,p__Halobacterota,Host,1
Catalase,False,d__Archaea,p__Halobacterota,Neither,3
Catalase,False,d__Archaea,p__Thermoplasmatota,Host,1
Catalase,False,d__Archaea,p__Thermoplasmatota,Neither,3
Catalase,False,d__Bacteria,p__Actinobacteriota,Host,32
Catalase,False,d__Bacteria,p__Actinobacteriota,Neither,29
Catalase,True,d__Bacteria,p__Actinobacteriota,Environment,7
Catalase,True,d__Bacteria,p__Actinobacteriota,Host,7
Catalase,True,d__Bacteria,p__Actinobacteriota,Neither,21
Catalase,False,d__Bacteria,p__Armatimonadota,Neither,1
Catalase,False,d__Bacteria,p__Bacteroidota,Host,208
Catalase,False,d__Bacteria,p__Bacteroidota,Neither,123
Catalase,True,d__Bacteria,p__Bacteroidota,Host,9
Catalase,True,d__Bacteria,p__Bacteroidota,Neither,5
Catalase,False,d__Bacteria,p__Campylobacterota,Neither,6
Catalase,True,d__Bacteria,p__Campylobacterota,Host,6
Catalase,True,d__Bacteria,p__Campylobacterota,Neither,8
Catalase,False,d__Bacteria,p__Chloroflexota,Neither,1
Catalase,False,d__Bacteria,p__Cyanobacteria,Host,13
Catalase,False,d__Bacteria,p__Cyanobacteria,Neither,2
Catalase,False,d__Bacteria,p__Deferribacterota,Neither,1
Catalase,False,d__Bacteria,p__Desulfobacterota_A,Host,4
Catalase,False,d__Bacteria,p__Desulfobacterota_A,Neither,3
Catalase,True,d__Bacteria,p__Desulfobacterota_A,Host,1
Catalase,False,d__Bacteria,p__Elusimicrobiota,Host,4
Catalase,False,d__Bacteria,p__Elusimicrobiota,Neither,2
Catalase,False,d__Bacteria,p__Eremiobacterota,Neither,1
Catalase,False,d__Bacteria,p__Fibrobacterota,Host,4
Catalase,False,d__Bacteria,p__Firmicutes,Host,101
Catalase,False,d__Bacteria,p__Firmicutes,Neither,81
Catalase,True,d__Bacteria,p__Firmicutes,Host,3
Catalase,True,d__Bacteria,p__Firmicutes,Neither,3
Catalase,False,d__Bacteria,p__Firmicutes_A,Host,438
Catalase,False,d__Bacteria,p__Firmicutes_A,Neither,173
Catalase,False,d__Bacteria,p__Firmicutes_B,Host,2
Catalase,False,d__Bacteria,p__Firmicutes_B,Neither,2
Catalase,False,d__Bacteria,p__Firmicutes_C,Host,16
Catalase,False,d__Bacteria,p__Firmicutes_C,Neither,13
Catalase,False,d__Bacteria,p__Fusobacteriota,Host,2
Catalase,False,d__Bacteria,p__Fusobacteriota,Neither,15
Catalase,False,d__Bacteria,p__Myxococcota,Host,2
Catalase,False,d__Bacteria,p__Patescibacteria,Host,1
Catalase,False,d__Bacteria,p__Patescibacteria,Neither,3
Catalase,False,d__Bacteria,p__Planctomycetota,Host,1
Catalase,False,d__Bacteria,p__Planctomycetota,Neither,1
Catalase,False,d__Bacteria,p__Proteobacteria,Host,17
Catalase,False,d__Bacteria,p__Proteobacteria,Neither,23
Catalase,True,d__Bacteria,p__Proteobacteria,Environment,8
Catalase,True,d__Bacteria,p__Proteobacteria,Host,7
Catalase,True,d__Bacteria,p__Proteobacteria,Neither,17
Catalase,False,d__Bacteria,p__Spirochaetota,Host,31
Catalase,False,d__Bacteria,p__Spirochaetota,Neither,8
Catalase,False,d__Bacteria,p__Synergistota,Neither,4
Catalase,False,d__Bacteria,p__Verrucomicrobiota,Host,12
Catalase,False,d__Bacteria,p__Verrucomicrobiota,Neither,10
Catalase,True,d__Bacteria,p__Verrucomicrobiota,Host,1
Catalase,True,d__Bacteria,p__Verrucomicrobiota,Neither,4
Catalase,False,d__Bacteria,p__Verrucomicrobiota_A,Host,1
Catalase,False,d__Bacteria,p__Verrucomicrobiota_A,Neither,1
Cellobiose,False,d__Archaea,p__Euryarchaeota,Host,5
Cellobiose,False,d__Archaea,p__Halobacterota,Host,1
Cellobiose,False,d__Archaea,p__Halobacterota,Neither,3
Cellobiose,False,d__Archaea,p__Thermoplasmatota,Host,1
Cellobiose,False,d__Archaea,p__Thermoplasmatota,Neither,3
Cellobiose,False,d__Bacteria,p__Actinobacteriota,Environment,4
Cellobiose,False,d__Bacteria,p__Actinobacteriota,Host,39
Cellobiose,False,d__Bacteria,p__Actinobacteriota,Neither,48
Cellobiose,True,d__Bacteria,p__Actinobacteriota,Environment,3
Cellobiose,True,d__Bacteria,p__Actinobacteriota,Neither,2
Cellobiose,False,d__Bacteria,p__Armatimonadota,Neither,1
Cellobiose,False,d__Bacteria,p__Bacteroidota,Host,217
Cellobiose,False,d__Bacteria,p__Bacteroidota,Neither,127
Cellobiose,True,d__Bacteria,p__Bacteroidota,Neither,1
Cellobiose,False,d__Bacteria,p__Campylobacterota,Host,6
Cellobiose,False,d__Bacteria,p__Campylobacterota,Neither,14
Cellobiose,False,d__Bacteria,p__Chloroflexota,Neither,1
Cellobiose,False,d__Bacteria,p__Cyanobacteria,Host,13
Cellobiose,False,d__Bacteria,p__Cyanobacteria,Neither,2
Cellobiose,False,d__Bacteria,p__Deferribacterota,Neither,1
Cellobiose,False,d__Bacteria,p__Desulfobacterota_A,Host,5
Cellobiose,False,d__Bacteria,p__Desulfobacterota_A,Neither,3
Cellobiose,False,d__Bacteria,p__Elusimicrobiota,Host,4
Cellobiose,False,d__Bacteria,p__Elusimicrobiota,Neither,2
Cellobiose,False,d__Bacteria,p__Eremiobacterota,Neither,1
Cellobiose,False,d__Bacteria,p__Fibrobacterota,Host,4
Cellobiose,False,d__Bacteria,p__Firmicutes,Host,104
Cellobiose,False,d__Bacteria,p__Firmicutes,Neither,84
Cellobiose,False,d__Bacteria,p__Firmicutes_A,Host,438
Cellobiose,False,d__Bacteria,p__Firmicutes_A,Neither,173
Cellobiose,False,d__Bacteria,p__Firmicutes_B,Host,2
Cellobiose,False,d__Bacteria,p__Firmicutes_B,Neither,2
Cellobiose,False,d__Bacteria,p__Firmicutes_C,Host,16
Cellobiose,False,d__Bacteria,p__Firmicutes_C,Neither,13
Cellobiose,False,d__Bacteria,p__Fusobacteriota,Host,2
Cellobiose,False,d__Bacteria,p__Fusobacteriota,Neither,15
Cellobiose,False,d__Bacteria,p__Myxococcota,Host,2
Cellobiose,False,d__Bacteria,p__Patescibacteria,Host,1
Cellobiose,False,d__Bacteria,p__Patescibacteria,Neither,3
Cellobiose,False,d__Bacteria,p__Planctomycetota,Host,1
Cellobiose,False,d__Bacteria,p__Planctomycetota,Neither,1
Cellobiose,False,d__Bacteria,p__Proteobacteria,Environment,3
Cellobiose,False,d__Bacteria,p__Proteobacteria,Host,21
Cellobiose,False,d__Bacteria,p__Proteobacteria,Neither,34
Cellobiose,True,d__Bacteria,p__Proteobacteria,Environment,5
Cellobiose,True,d__Bacteria,p__Proteobacteria,Host,3
Cellobiose,True,d__Bacteria,p__Proteobacteria,Neither,6
Cellobiose,False,d__Bacteria,p__Spirochaetota,Host,31
Cellobiose,False,d__Bacteria,p__Spirochaetota,Neither,8
Cellobiose,False,d__Bacteria,p__Synergistota,Neither,4
Cellobiose,False,d__Bacteria,p__Verrucomicrobiota,Host,13
Cellobiose,False,d__Bacteria,p__Verrucomicrobiota,Neither,14
Cellobiose,False,d__Bacteria,p__Verrucomicrobiota_A,Host,1
Cellobiose,False,d__Bacteria,p__Verrucomicrobiota_A,Neither,1
Citrate,False,d__Archaea,p__Euryarchaeota,Host,5
Citrate,False,d__Archaea,p__Halobacterota,Host,1
Citrate,False,d__Archaea,p__Halobacterota,Neither,3
Citrate,False,d__Archaea,p__Thermoplasmatota,Host,1
Citrate,False,d__Archaea,p__Thermoplasmatota,Neither,3
Citrate,False,d__Bacteria,p__Actinobacteriota,Environment,7
Citrate,False,d__Bacteria,p__Actinobacteriota,Host,33
Citrate,False,d__Bacteria,p__Actinobacteriota,Neither,50
Citrate,True,d__Bacteria,p__Actinobacteriota,Host,6
Citrate,False,d__Bacteria,p__Armatimonadota,Neither,1
Citrate,False,d__Bacteria,p__Bacteroidota,Host,138
Citrate,False,d__Bacteria,p__Bacteroidota,Neither,101
Citrate,True,d__Bacteria,p__Bacteroidota,Host,79
Citrate,True,d__Bacteria,p__Bacteroidota,Neither,27
Citrate,False,d__Bacteria,p__Campylobacterota,Host,6
Citrate,False,d__Bacteria,p__Campylobacterota,Neither,14
Citrate,False,d__Bacteria,p__Chloroflexota,Neither,1
Citrate,False,d__Bacteria,p__Cyanobacteria,Host,13
Citrate,False,d__Bacteria,p__Cyanobacteria,Neither,2
Citrate,False,d__Bacteria,p__Deferribacterota,Neither,1
Citrate,False,d__Bacteria,p__Desulfobacterota_A,Host,5
Citrate,False,d__Bacteria,p__Desulfobacterota_A,Neither,3
Citrate,False,d__Bacteria,p__Elusimicrobiota,Host,4
Citrate,False,d__Bacteria,p__Elusimicrobiota,Neither,2
Citrate,False,d__Bacteria,p__Eremiobacterota,Neither,1
Citrate,False,d__Bacteria,p__Fibrobacterota,Host,1
Citrate,True,d__Bacteria,p__Fibrobacterota,Host,3
Citrate,False,d__Bacteria,p__Firmicutes,Host,83
Citrate,False,d__Bacteria,p__Firmicutes,Neither,69
Citrate,True,d__Bacteria,p__Firmicutes,Host,21
Citrate,True,d__Bacteria,p__Firmicutes,Neither,15
Citrate,False,d__Bacteria,p__Firmicutes_A,Host,335
Citrate,False,d__Bacteria,p__Firmicutes_A,Neither,125
Citrate,True,d__Bacteria,p__Firmicutes_A,Host,103
Citrate,True,d__Bacteria,p__Firmicutes_A,Neither,48
Citrate,False,d__Bacteria,p__Firmicutes_B,Host,2
Citrate,False,d__Bacteria,p__Firmicutes_B,Neither,2
Citrate,False,d__Bacteria,p__Firmicutes_C,Host,15
Citrate,False,d__Bacteria,p__Firmicutes_C,Neither,13
Citrate,True,d__Bacteria,p__Firmicutes_C,Host,1
Citrate,False,d__Bacteria,p__Fusobacteriota,Host,2
Citrate,False,d__Bacteria,p__Fusobacteriota,Neither,14
Citrate,True,d__Bacteria,p__Fusobacteriota,Neither,1
Citrate,False,d__Bacteria,p__Myxococcota,Host,2
Citrate,False,d__Bacteria,p__Patescibacteria,Host,1
Citrate,False,d__Bacteria,p__Patescibacteria,Neither,3
Citrate,True,d__Bacteria,p__Planctomycetota,Host,1
Citrate,True,d__Bacteria,p__Planctomycetota,Neither,1
Citrate,False,d__Bacteria,p__Proteobacteria,Environment,7
Citrate,False,d__Bacteria,p__Proteobacteria,Host,24
Citrate,False,d__Bacteria,p__Proteobacteria,Neither,39
Citrate,True,d__Bacteria,p__Proteobacteria,Environment,1
Citrate,True,d__Bacteria,p__Proteobacteria,Neither,1
Citrate,False,d__Bacteria,p__Spirochaetota,Host,23
Citrate,False,d__Bacteria,p__Spirochaetota,Neither,6
Citrate,True,d__Bacteria,p__Spirochaetota,Host,8
Citrate,True,d__Bacteria,p__Spirochaetota,Neither,2
Citrate,False,d__Bacteria,p__Synergistota,Neither,4
Citrate,False,d__Bacteria,p__Verrucomicrobiota,Host,3
Citrate,False,d__Bacteria,p__Verrucomicrobiota,Neither,14
Citrate,True,d__Bacteria,p__Verrucomicrobiota,Host,10
Citrate,False,d__Bacteria,p__Verrucomicrobiota_A,Host,1
Citrate,False,d__Bacteria,p__Verrucomicrobiota_A,Neither,1
Coagulase production,False,d__Archaea,p__Euryarchaeota,Host,5
Coagulase production,False,d__Archaea,p__Halobacterota,Host,1
Coagulase production,False,d__Archaea,p__Halobacterota,Neither,3
Coagulase production,False,d__Archaea,p__Thermoplasmatota,Host,1
Coagulase production,False,d__Archaea,p__Thermoplasmatota,Neither,3
Coagulase production,False,d__Bacteria,p__Actinobacteriota,Environment,2
Coagulase production,False,d__Bacteria,p__Actinobacteriota,Host,7
Coagulase production,False,d__Bacteria,p__Actinobacteriota,Neither,24
Coagulase production,True,d__Bacteria,p__Actinobacteriota,Environment,5
Coagulase production,True,d__Bacteria,p__Actinobacteriota,Host,32
Coagulase production,True,d__Bacteria,p__Actinobacteriota,Neither,26
Coagulase production,False,d__Bacteria,p__Armatimonadota,Neither,1
Coagulase production,False,d__Bacteria,p__Bacteroidota,Host,216
Coagulase production,False,d__Bacteria,p__Bacteroidota,Neither,127
Coagulase production,True,d__Bacteria,p__Bacteroidota,Host,1
Coagulase production,True,d__Bacteria,p__Bacteroidota,Neither,1
Coagulase production,False,d__Bacteria,p__Campylobacterota,Host,6
Coagulase production,False,d__Bacteria,p__Campylobacterota,Neither,14
Coagulase production,False,d__Bacteria,p__Chloroflexota,Neither,1
Coagulase production,False,d__Bacteria,p__Cyanobacteria,Host,12
Coagulase production,False,d__Bacteria,p__Cyanobacteria,Neither,2
Coagulase production,True,d__Bacteria,p__Cyanobacteria,Host,1
Coagulase production,False,d__Bacteria,p__Deferribacterota,Neither,1
Coagulase production,False,d__Bacteria,p__Desulfobacterota_A,Host,5
Coagulase production,False,d__Bacteria,p__Desulfobacterota_A,Neither,3
Coagulase production,False,d__Bacteria,p__Elusimicrobiota,Host,4
Coagulase production,False,d__Bacteria,p__Elusimicrobiota,Neither,2
Coagulase production,False,d__Bacteria,p__Eremiobacterota,Neither,1
Coagulase production,False,d__Bacteria,p__Fibrobacterota,Host,4
Coagulase production,False,d__Bacteria,p__Firmicutes,Host,82
Coagulase production,False,d__Bacteria,p__Firmicutes,Neither,67
Coagulase production,True,d__Bacteria,p__Firmicutes,Host,22
Coagulase production,True,d__Bacteria,p__Firmicutes,Neither,17
Coagulase production,False,d__Bacteria,p__Firmicutes_A,Host,424
Coagulase production,False,d__Bacteria,p__Firmicutes_A,Neither,166
Coagulase production,True,d__Bacteria,p__Firmicutes_A,Host,14
Coagulase production,True,d__Bacteria,p__Firmicutes_A,Neither,7
Coagulase production,False,d__Bacteria,p__Firmicutes_B,Host,2
Coagulase production,False,d__Bacteria,p__Firmicutes_B,Neither,2
Coagulase production,False,d__Bacteria,p__Firmicutes_C,Host,16
Coagulase production,False,d__Bacteria,p__Firmicutes_C,Neither,13
Coagulase production,False,d__Bacteria,p__Fusobacteriota,Host,2
Coagulase production,False,d__Bacteria,p__Fusobacteriota,Neither,15
Coagulase production,False,d__Bacteria,p__Myxococcota,Host,2
Coagulase production,False,d__Bacteria,p__Patescibacteria,Neither,1
Coagulase production,True,d__Bacteria,p__Patescibacteria,Host,1
Coagulase production,True,d__Bacteria,p__Patescibacteria,Neither,2
Coagulase production,False,d__Bacteria,p__Planctomycetota,Host,1
Coagulase production,False,d__Bacteria,p__Planctomycetota,Neither,1
Coagulase production,False,d__Bacteria,p__Proteobacteria,Environment,7
Coagulase production,False,d__Bacteria,p__Proteobacteria,Host,24
Coagulase production,False,d__Bacteria,p__Proteobacteria,Neither,40
Coagulase production,True,d__Bacteria,p__Proteobacteria,Environment,1
Coagulase production,False,d__Bacteria,p__Spirochaetota,Host,31
Coagulase production,False,d__Bacteria,p__Spirochaetota,Neither,8
Coagulase production,False,d__Bacteria,p__Synergistota,Neither,4
Coagulase production,False,d__Bacteria,p__Verrucomicrobiota,Host,13
Coagulase production,False,d__Bacteria,p__Verrucomicrobiota,Neither,14
Coagulase production,False,d__Bacteria,p__Verrucomicrobiota_A,Host,1
Coagulase production,True,d__Bacteria,p__Verrucomicrobiota_A,Neither,1
Coccus,False,d__Archaea,p__Euryarchaeota,Host,5
Coccus,False,d__Archaea,p__Halobacterota,Host,1
Coccus,False,d__Archaea,p__Halobacterota,Neither,3
Coccus,False,d__Archaea,p__Thermoplasmatota,Host,1
Coccus,False,d__Archaea,p__Thermoplasmatota,Neither,3
Coccus,False,d__Bacteria,p__Actinobacteriota,Environment,6
Coccus,False,d__Bacteria,p__Actinobacteriota,Host,28
Coccus,False,d__Bacteria,p__Actinobacteriota,Neither,43
Coccus,True,d__Bacteria,p__Actinobacteriota,Environment,1
Coccus,True,d__Bacteria,p__Actinobacteriota,Host,11
Coccus,True,d__Bacteria,p__Actinobacteriota,Neither,7
Coccus,False,d__Bacteria,p__Armatimonadota,Neither,1
Coccus,False,d__Bacteria,p__Bacteroidota,Host,217
Coccus,False,d__Bacteria,p__Bacteroidota,Neither,128
Coccus,False,d__Bacteria,p__Campylobacterota,Host,6
Coccus,False,d__Bacteria,p__Campylobacterota,Neither,14
Coccus,False,d__Bacteria,p__Chloroflexota,Neither,1
Coccus,False,d__Bacteria,p__Cyanobacteria,Host,13
Coccus,False,d__Bacteria,p__Cyanobacteria,Neither,2
Coccus,False,d__Bacteria,p__Deferribacterota,Neither,1
Coccus,False,d__Bacteria,p__Desulfobacterota_A,Host,5
Coccus,False,d__Bacteria,p__Desulfobacterota_A,Neither,3
Coccus,False,d__Bacteria,p__Elusimicrobiota,Host,4
Coccus,False,d__Bacteria,p__Elusimicrobiota,Neither,2
Coccus,False,d__Bacteria,p__Eremiobacterota,Neither,1
Coccus,False,d__Bacteria,p__Fibrobacterota,Host,4
Coccus,False,d__Bacteria,p__Firmicutes,Host,87
Coccus,False,d__Bacteria,p__Firmicutes,Neither,75
Coccus,True,d__Bacteria,p__Firmicutes,Host,17
Coccus,True,d__Bacteria,p__Firmicutes,Neither,9
Coccus,False,d__Bacteria,p__Firmicutes_A,Host,429
Coccus,False,d__Bacteria,p__Firmicutes_A,Neither,171
Coccus,True,d__Bacteria,p__Firmicutes_A,Host,9
Coccus,True,d__Bacteria,p__Firmicutes_A,Neither,2
Coccus,False,d__Bacteria,p__Firmicutes_B,Host,1
Coccus,False,d__Bacteria,p__Firmicutes_B,Neither,2
Coccus,True,d__Bacteria,p__Firmicutes_B,Host,1
Coccus,False,d__Bacteria,p__Firmicutes_C,Host,11
Coccus,False,d__Bacteria,p__Firmicutes_C,Neither,8
Coccus,True,d__Bacteria,p__Firmicutes_C,Host,5
Coccus,True,d__Bacteria,p__Firmicutes_C,Neither,5
Coccus,False,d__Bacteria,p__Fusobacteriota,Host,2
Coccus,False,d__Bacteria,p__Fusobacteriota,Neither,15
Coccus,False,d__Bacteria,p__Myxococcota,Host,2
Coccus,False,d__Bacteria,p__Patescibacteria,Host,1
Coccus,False,d__Bacteria,p__Patescibacteria,Neither,3
Coccus,False,d__Bacteria,p__Planctomycetota,Host,1
Coccus,False,d__Bacteria,p__Planctomycetota,Neither,1
Coccus,False,d__Bacteria,p__Proteobacteria,Environment,8
Coccus,False,d__Bacteria,p__Proteobacteria,Host,23
Coccus,False,d__Bacteria,p__Proteobacteria,Neither,40
Coccus,True,d__Bacteria,p__Proteobacteria,Host,1
Coccus,False,d__Bacteria,p__Spirochaetota,Host,31
Coccus,False,d__Bacteria,p__Spirochaetota,Neither,8
Coccus,False,d__Bacteria,p__Synergistota,Neither,4
Coccus,False,d__Bacteria,p__Verrucomicrobiota,Host,13
Coccus,False,d__Bacteria,p__Verrucomicrobiota,Neither,14
Coccus,False,d__Bacteria,p__Verrucomicrobiota_A,Host,1
Coccus,False,d__Bacteria,p__Verrucomicrobiota_A,Neither,1
Coccus - clusters or groups predominate,False,d__Archaea,p__Euryarchaeota,Host,5
Coccus - clusters or groups predominate,False,d__Archaea,p__Halobacterota,Host,1
Coccus - clusters or groups predominate,False,d__Archaea,p__Halobacterota,Neither,3
Coccus - clusters or groups predominate,False,d__Archaea,p__Thermoplasmatota,Host,1
Coccus - clusters or groups predominate,False,d__Archaea,p__Thermoplasmatota,Neither,3
Coccus - clusters or groups predominate,False,d__Bacteria,p__Actinobacteriota,Environment,5
Coccus - clusters or groups predominate,False,d__Bacteria,p__Actinobacteriota,Host,37
Coccus - clusters or groups predominate,False,d__Bacteria,p__Actinobacteriota,Neither,42
Coccus - clusters or groups predominate,True,d__Bacteria,p__Actinobacteriota,Environment,2
Coccus - clusters or groups predominate,True,d__Bacteria,p__Actinobacteriota,Host,2
Coccus - clusters or groups predominate,True,d__Bacteria,p__Actinobacteriota,Neither,8
Coccus - clusters or groups predominate,False,d__Bacteria,p__Armatimonadota,Neither,1
Coccus - clusters or groups predominate,False,d__Bacteria,p__Bacteroidota,Host,217
Coccus - clusters or groups predominate,False,d__Bacteria,p__Bacteroidota,Neither,128
Coccus - clusters or groups predominate,False,d__Bacteria,p__Campylobacterota,Host,6
Coccus - clusters or groups predominate,False,d__Bacteria,p__Campylobacterota,Neither,14
Coccus - clusters or groups predominate,False,d__Bacteria,p__Chloroflexota,Neither,1
Coccus - clusters or groups predominate,False,d__Bacteria,p__Cyanobacteria,Host,13
Coccus - clusters or groups predominate,False,d__Bacteria,p__Cyanobacteria,Neither,2
Coccus - clusters or groups predominate,False,d__Bacteria,p__Deferribacterota,Neither,1
Coccus - clusters or groups predominate,False,d__Bacteria,p__Desulfobacterota_A,Host,5
Coccus - clusters or groups predominate,False,d__Bacteria,p__Desulfobacterota_A,Neither,3
Coccus - clusters or groups predominate,False,d__Bacteria,p__Elusimicrobiota,Host,4
Coccus - clusters or groups predominate,False,d__Bacteria,p__Elusimicrobiota,Neither,2
Coccus - clusters or groups predominate,False,d__Bacteria,p__Eremiobacterota,Neither,1
Coccus - clusters or groups predominate,False,d__Bacteria,p__Fibrobacterota,Host,4
Coccus - clusters or groups predominate,False,d__Bacteria,p__Firmicutes,Host,102
Coccus - clusters or groups predominate,False,d__Bacteria,p__Firmicutes,Neither,83
Coccus - clusters or groups predominate,True,d__Bacteria,p__Firmicutes,Host,2
Coccus - clusters or groups predominate,True,d__Bacteria,p__Firmicutes,Neither,1
Coccus - clusters or groups predominate,False,d__Bacteria,p__Firmicutes_A,Host,438
Coccus - clusters or groups predominate,False,d__Bacteria,p__Firmicutes_A,Neither,173
Coccus - clusters or groups predominate,False,d__Bacteria,p__Firmicutes_B,Host,2
Coccus - clusters or groups predominate,False,d__Bacteria,p__Firmicutes_B,Neither,2
Coccus - clusters or groups predominate,False,d__Bacteria,p__Firmicutes_C,Host,16
Coccus - clusters or groups predominate,False,d__Bacteria,p__Firmicutes_C,Neither,13
Coccus - clusters or groups predominate,False,d__Bacteria,p__Fusobacteriota,Host,2
Coccus - clusters or groups predominate,False,d__Bacteria,p__Fusobacteriota,Neither,15
Coccus - clusters or groups predominate,False,d__Bacteria,p__Myxococcota,Host,2
Coccus - clusters or groups predominate,False,d__Bacteria,p__Patescibacteria,Host,1
Coccus - clusters or groups predominate,False,d__Bacteria,p__Patescibacteria,Neither,3
Coccus - clusters or groups predominate,False,d__Bacteria,p__Planctomycetota,Host,1
Coccus - clusters or groups predominate,False,d__Bacteria,p__Planctomycetota,Neither,1
Coccus - clusters or groups predominate,False,d__Bacteria,p__Proteobacteria,Environment,8
Coccus - clusters or groups predominate,False,d__Bacteria,p__Proteobacteria,Host,24
Coccus - clusters or groups predominate,False,d__Bacteria,p__Proteobacteria,Neither,40
Coccus - clusters or groups predominate,False,d__Bacteria,p__Spirochaetota,Host,31
Coccus - clusters or groups predominate,False,d__Bacteria,p__Spirochaetota,Neither,8
Coccus - clusters or groups predominate,False,d__Bacteria,p__Synergistota,Neither,4
Coccus - clusters or groups predominate,False,d__Bacteria,p__Verrucomicrobiota,Host,13
Coccus - clusters or groups predominate,False,d__Bacteria,p__Verrucomicrobiota,Neither,14
Coccus - clusters or groups predominate,False,d__Bacteria,p__Verrucomicrobiota_A,Host,1
Coccus - clusters or groups predominate,False,d__Bacteria,p__Verrucomicrobiota_A,Neither,1
Coccus - pairs or chains predominate,False,d__Archaea,p__Euryarchaeota,Host,5
Coccus - pairs or chains predominate,False,d__Archaea,p__Halobacterota,Host,1
Coccus - pairs or chains predominate,False,d__Archaea,p__Halobacterota,Neither,3
Coccus - pairs or chains predominate,False,d__Archaea,p__Thermoplasmatota,Host,1
Coccus - pairs or chains predominate,False,d__Archaea,p__Thermoplasmatota,Neither,3
Coccus - pairs or chains predominate,False,d__Bacteria,p__Actinobacteriota,Environment,7
Coccus - pairs or chains predominate,False,d__Bacteria,p__Actinobacteriota,Host,39
Coccus - pairs or chains predominate,False,d__Bacteria,p__Actinobacteriota,Neither,50
Coccus - pairs or chains predominate,False,d__Bacteria,p__Armatimonadota,Neither,1
Coccus - pairs or chains predominate,False,d__Bacteria,p__Bacteroidota,Host,217
Coccus - pairs or chains predominate,False,d__Bacteria,p__Bacteroidota,Neither,128
Coccus - pairs or chains predominate,False,d__Bacteria,p__Campylobacterota,Host,6
Coccus - pairs or chains predominate,False,d__Bacteria,p__Campylobacterota,Neither,14
Coccus - pairs or chains predominate,False,d__Bacteria,p__Chloroflexota,Neither,1
Coccus - pairs or chains predominate,False,d__Bacteria,p__Cyanobacteria,Host,13
Coccus - pairs or chains predominate,False,d__Bacteria,p__Cyanobacteria,Neither,2
Coccus - pairs or chains predominate,False,d__Bacteria,p__Deferribacterota,Neither,1
Coccus - pairs or chains predominate,False,d__Bacteria,p__Desulfobacterota_A,Host,5
Coccus - pairs or chains predominate,False,d__Bacteria,p__Desulfobacterota_A,Neither,3
Coccus - pairs or chains predominate,False,d__Bacteria,p__Elusimicrobiota,Host,4
Coccus - pairs or chains predominate,False,d__Bacteria,p__Elusimicrobiota,Neither,2
Coccus - pairs or chains predominate,False,d__Bacteria,p__Eremiobacterota,Neither,1
Coccus - pairs or chains predominate,False,d__Bacteria,p__Fibrobacterota,Host,4
Coccus - pairs or chains predominate,False,d__Bacteria,p__Firmicutes,Host,86
Coccus - pairs or chains predominate,False,d__Bacteria,p__Firmicutes,Neither,74
Coccus - pairs or chains predominate,True,d__Bacteria,p__Firmicutes,Host,18
Coccus - pairs or chains predominate,True,d__Bacteria,p__Firmicutes,Neither,10
Coccus - pairs or chains predominate,False,d__Bacteria,p__Firmicutes_A,Host,437
Coccus - pairs or chains predominate,False,d__Bacteria,p__Firmicutes_A,Neither,173
Coccus - pairs or chains predominate,True,d__Bacteria,p__Firmicutes_A,Host,1
Coccus - pairs or chains predominate,False,d__Bacteria,p__Firmicutes_B,Host,2
Coccus - pairs or chains predominate,False,d__Bacteria,p__Firmicutes_B,Neither,2
Coccus - pairs or chains predominate,False,d__Bacteria,p__Firmicutes_C,Host,14
Coccus - pairs or chains predominate,False,d__Bacteria,p__Firmicutes_C,Neither,7
Coccus - pairs or chains predominate,True,d__Bacteria,p__Firmicutes_C,Host,2
Coccus - pairs or chains predominate,True,d__Bacteria,p__Firmicutes_C,Neither,6
Coccus - pairs or chains predominate,False,d__Bacteria,p__Fusobacteriota,Host,2
Coccus - pairs or chains predominate,False,d__Bacteria,p__Fusobacteriota,Neither,15
Coccus - pairs or chains predominate,False,d__Bacteria,p__Myxococcota,Host,2
Coccus - pairs or chains predominate,False,d__Bacteria,p__Patescibacteria,Host,1
Coccus - pairs or chains predominate,False,d__Bacteria,p__Patescibacteria,Neither,3
Coccus - pairs or chains predominate,False,d__Bacteria,p__Planctomycetota,Host,1
Coccus - pairs or chains predominate,False,d__Bacteria,p__Planctomycetota,Neither,1
Coccus - pairs or chains predominate,False,d__Bacteria,p__Proteobacteria,Environment,8
Coccus - pairs or chains predominate,False,d__Bacteria,p__Proteobacteria,Host,23
Coccus - pairs or chains predominate,False,d__Bacteria,p__Proteobacteria,Neither,40
Coccus - pairs or chains predominate,True,d__Bacteria,p__Proteobacteria,Host,1
Coccus - pairs or chains predominate,False,d__Bacteria,p__Spirochaetota,Host,31
Coccus - pairs or chains predominate,False,d__Bacteria,p__Spirochaetota,Neither,8
Coccus - pairs or chains predominate,False,d__Bacteria,p__Synergistota,Neither,4
Coccus - pairs or chains predominate,False,d__Bacteria,p__Verrucomicrobiota,Host,13
Coccus - pairs or chains predominate,False,d__Bacteria,p__Verrucomicrobiota,Neither,14
Coccus - pairs or chains predominate,False,d__Bacteria,p__Verrucomicrobiota_A,Host,1
Coccus - pairs or chains predominate,False,d__Bacteria,p__Verrucomicrobiota_A,Neither,1
Colistin-Polymyxin susceptible,False,d__Archaea,p__Euryarchaeota,Host,5
Colistin-Polymyxin susceptible,False,d__Archaea,p__Halobacterota,Host,1
Colistin-Polymyxin susceptible,False,d__Archaea,p__Halobacterota,Neither,3
Colistin-Polymyxin susceptible,False,d__Archaea,p__Thermoplasmatota,Host,1
Colistin-Polymyxin susceptible,False,d__Archaea,p__Thermoplasmatota,Neither,3
Colistin-Polymyxin susceptible,False,d__Bacteria,p__Actinobacteriota,Environment,7
Colistin-Polymyxin susceptible,False,d__Bacteria,p__Actinobacteriota,Host,39
Colistin-Polymyxin susceptible,False,d__Bacteria,p__Actinobacteriota,Neither,46
Colistin-Polymyxin susceptible,True,d__Bacteria,p__Actinobacteriota,Neither,4
Colistin-Polymyxin susceptible,False,d__Bacteria,p__Armatimonadota,Neither,1
Colistin-Polymyxin susceptible,False,d__Bacteria,p__Bacteroidota,Host,182
Colistin-Polymyxin susceptible,False,d__Bacteria,p__Bacteroidota,Neither,114
Colistin-Polymyxin susceptible,True,d__Bacteria,p__Bacteroidota,Host,35
Colistin-Polymyxin susceptible,True,d__Bacteria,p__Bacteroidota,Neither,14
Colistin-Polymyxin susceptible,False,d__Bacteria,p__Campylobacterota,Host,2
Colistin-Polymyxin susceptible,False,d__Bacteria,p__Campylobacterota,Neither,5
Colistin-Polymyxin susceptible,True,d__Bacteria,p__Campylobacterota,Host,4
Colistin-Polymyxin susceptible,True,d__Bacteria,p__Campylobacterota,Neither,9
Colistin-Polymyxin susceptible,False,d__Bacteria,p__Chloroflexota,Neither,1
Colistin-Polymyxin susceptible,False,d__Bacteria,p__Cyanobacteria,Host,5
Colistin-Polymyxin susceptible,True,d__Bacteria,p__Cyanobacteria,Host,8
Colistin-Polymyxin susceptible,True,d__Bacteria,p__Cyanobacteria,Neither,2
Colistin-Polymyxin susceptible,True,d__Bacteria,p__Deferribacterota,Neither,1
Colistin-Polymyxin susceptible,False,d__Bacteria,p__Desulfobacterota_A,Host,4
Colistin-Polymyxin susceptible,False,d__Bacteria,p__Desulfobacterota_A,Neither,2
Colistin-Polymyxin susceptible,True,d__Bacteria,p__Desulfobacterota_A,Host,1
Colistin-Polymyxin susceptible,True,d__Bacteria,p__Desulfobacterota_A,Neither,1
Colistin-Polymyxin susceptible,False,d__Bacteria,p__Elusimicrobiota,Host,4
Colistin-Polymyxin susceptible,False,d__Bacteria,p__Elusimicrobiota,Neither,2
Colistin-Polymyxin susceptible,False,d__Bacteria,p__Eremiobacterota,Neither,1
Colistin-Polymyxin susceptible,False,d__Bacteria,p__Fibrobacterota,Host,1
Colistin-Polymyxin susceptible,True,d__Bacteria,p__Fibrobacterota,Host,3
Colistin-Polymyxin susceptible,False,d__Bacteria,p__Firmicutes,Host,101
Colistin-Polymyxin susceptible,False,d__Bacteria,p__Firmicutes,Neither,81
Colistin-Polymyxin susceptible,True,d__Bacteria,p__Firmicutes,Host,3
Colistin-Polymyxin susceptible,True,d__Bacteria,p__Firmicutes,Neither,3
Colistin-Polymyxin susceptible,False,d__Bacteria,p__Firmicutes_A,Host,421
Colistin-Polymyxin susceptible,False,d__Bacteria,p__Firmicutes_A,Neither,168
Colistin-Polymyxin susceptible,True,d__Bacteria,p__Firmicutes_A,Host,17
Colistin-Polymyxin susceptible,True,d__Bacteria,p__Firmicutes_A,Neither,5
Colistin-Polymyxin susceptible,False,d__Bacteria,p__Firmicutes_B,Host,2
Colistin-Polymyxin susceptible,False,d__Bacteria,p__Firmicutes_B,Neither,2
Colistin-Polymyxin susceptible,False,d__Bacteria,p__Firmicutes_C,Host,1
Colistin-Polymyxin susceptible,False,d__Bacteria,p__Firmicutes_C,Neither,1
Colistin-Polymyxin susceptible,True,d__Bacteria,p__Firmicutes_C,Host,15
Colistin-Polymyxin susceptible,True,d__Bacteria,p__Firmicutes_C,Neither,12
Colistin-Polymyxin susceptible,False,d__Bacteria,p__Fusobacteriota,Neither,7
Colistin-Polymyxin susceptible,True,d__Bacteria,p__Fusobacteriota,Host,2
Colistin-Polymyxin susceptible,True,d__Bacteria,p__Fusobacteriota,Neither,8
Colistin-Polymyxin susceptible,False,d__Bacteria,p__Myxococcota,Host,2
Colistin-Polymyxin susceptible,False,d__Bacteria,p__Patescibacteria,Host,1
Colistin-Polymyxin susceptible,False,d__Bacteria,p__Patescibacteria,Neither,3
Colistin-Polymyxin susceptible,False,d__Bacteria,p__Planctomycetota,Neither,1
Colistin-Polymyxin susceptible,True,d__Bacteria,p__Planctomycetota,Host,1
Colistin-Polymyxin susceptible,False,d__Bacteria,p__Proteobacteria,Environment,3
Colistin-Polymyxin susceptible,False,d__Bacteria,p__Proteobacteria,Host,15
Colistin-Polymyxin susceptible,False,d__Bacteria,p__Proteobacteria,Neither,23
Colistin-Polymyxin susceptible,True,d__Bacteria,p__Proteobacteria,Environment,5
Colistin-Polymyxin susceptible,True,d__Bacteria,p__Proteobacteria,Host,9
Colistin-Polymyxin susceptible,True,d__Bacteria,p__Proteobacteria,Neither,17
Colistin-Polymyxin susceptible,False,d__Bacteria,p__Spirochaetota,Host,26
Colistin-Polymyxin susceptible,False,d__Bacteria,p__Spirochaetota,Neither,8
Colistin-Polymyxin susceptible,True,d__Bacteria,p__Spirochaetota,Host,5
Colistin-Polymyxin susceptible,True,d__Bacteria,p__Synergistota,Neither,4
Colistin-Polymyxin susceptible,False,d__Bacteria,p__Verrucomicrobiota,Host,13
Colistin-Polymyxin susceptible,False,d__Bacteria,p__Verrucomicrobiota,Neither,14
Colistin-Polymyxin susceptible,False,d__Bacteria,p__Verrucomicrobiota_A,Host,1
Colistin-Polymyxin susceptible,False,d__Bacteria,p__Verrucomicrobiota_A,Neither,1
D-Mannitol,False,d__Archaea,p__Euryarchaeota,Host,5
D-Mannitol,False,d__Archaea,p__Halobacterota,Host,1
D-Mannitol,False,d__Archaea,p__Halobacterota,Neither,3
D-Mannitol,False,d__Archaea,p__Thermoplasmatota,Host,1
D-Mannitol,False,d__Archaea,p__Thermoplasmatota,Neither,3
D-Mannitol,False,d__Bacteria,p__Actinobacteriota,Environment,5
D-Mannitol,False,d__Bacteria,p__Actinobacteriota,Host,36
D-Mannitol,False,d__Bacteria,p__Actinobacteriota,Neither,47
D-Mannitol,True,d__Bacteria,p__Actinobacteriota,Environment,2
D-Mannitol,True,d__Bacteria,p__Actinobacteriota,Host,3
D-Mannitol,True,d__Bacteria,p__Actinobacteriota,Neither,3
D-Mannitol,False,d__Bacteria,p__Armatimonadota,Neither,1
D-Mannitol,False,d__Bacteria,p__Bacteroidota,Host,217
D-Mannitol,False,d__Bacteria,p__Bacteroidota,Neither,128
D-Mannitol,False,d__Bacteria,p__Campylobacterota,Host,6
D-Mannitol,False,d__Bacteria,p__Campylobacterota,Neither,14
D-Mannitol,False,d__Bacteria,p__Chloroflexota,Neither,1
D-Mannitol,False,d__Bacteria,p__Cyanobacteria,Host,13
D-Mannitol,False,d__Bacteria,p__Cyanobacteria,Neither,2
D-Mannitol,False,d__Bacteria,p__Deferribacterota,Neither,1
D-Mannitol,False,d__Bacteria,p__Desulfobacterota_A,Host,5
D-Mannitol,False,d__Bacteria,p__Desulfobacterota_A,Neither,3
D-Mannitol,False,d__Bacteria,p__Elusimicrobiota,Host,4
D-Mannitol,False,d__Bacteria,p__Elusimicrobiota,Neither,2
D-Mannitol,False,d__Bacteria,p__Eremiobacterota,Neither,1
D-Mannitol,False,d__Bacteria,p__Fibrobacterota,Host,4
D-Mannitol,False,d__Bacteria,p__Firmicutes,Host,99
D-Mannitol,False,d__Bacteria,p__Firmicutes,Neither,82
D-Mannitol,True,d__Bacteria,p__Firmicutes,Host,5
D-Mannitol,True,d__Bacteria,p__Firmicutes,Neither,2
D-Mannitol,False,d__Bacteria,p__Firmicutes_A,Host,409
D-Mannitol,False,d__Bacteria,p__Firmicutes_A,Neither,165
D-Mannitol,True,d__Bacteria,p__Firmicutes_A,Host,29
D-Mannitol,True,d__Bacteria,p__Firmicutes_A,Neither,8
D-Mannitol,False,d__Bacteria,p__Firmicutes_B,Host,2
D-Mannitol,False,d__Bacteria,p__Firmicutes_B,Neither,2
D-Mannitol,False,d__Bacteria,p__Firmicutes_C,Host,8
D-Mannitol,False,d__Bacteria,p__Firmicutes_C,Neither,9
D-Mannitol,True,d__Bacteria,p__Firmicutes_C,Host,8
D-Mannitol,True,d__Bacteria,p__Firmicutes_C,Neither,4
D-Mannitol,False,d__Bacteria,p__Fusobacteriota,Host,2
D-Mannitol,False,d__Bacteria,p__Fusobacteriota,Neither,15
D-Mannitol,False,d__Bacteria,p__Myxococcota,Host,2
D-Mannitol,False,d__Bacteria,p__Patescibacteria,Host,1
D-Mannitol,False,d__Bacteria,p__Patescibacteria,Neither,3
D-Mannitol,False,d__Bacteria,p__Planctomycetota,Host,1
D-Mannitol,False,d__Bacteria,p__Planctomycetota,Neither,1
D-Mannitol,False,d__Bacteria,p__Proteobacteria,Environment,6
D-Mannitol,False,d__Bacteria,p__Proteobacteria,Host,20
D-Mannitol,False,d__Bacteria,p__Proteobacteria,Neither,30
D-Mannitol,True,d__Bacteria,p__Proteobacteria,Environment,2
D-Mannitol,True,d__Bacteria,p__Proteobacteria,Host,4
D-Mannitol,True,d__Bacteria,p__Proteobacteria,Neither,10
D-Mannitol,False,d__Bacteria,p__Spirochaetota,Host,31
D-Mannitol,False,d__Bacteria,p__Spirochaetota,Neither,8
D-Mannitol,False,d__Bacteria,p__Synergistota,Neither,4
D-Mannitol,False,d__Bacteria,p__Verrucomicrobiota,Host,13
D-Mannitol,False,d__Bacteria,p__Verrucomicrobiota,Neither,14
D-Mannitol,False,d__Bacteria,p__Verrucomicrobiota_A,Host,1
D-Mannitol,False,d__Bacteria,p__Verrucomicrobiota_A,Neither,1
D-Mannose,False,d__Archaea,p__Euryarchaeota,Host,5
D-Mannose,False,d__Archaea,p__Halobacterota,Host,1
D-Mannose,False,d__Archaea,p__Halobacterota,Neither,3
D-Mannose,False,d__Archaea,p__Thermoplasmatota,Host,1
D-Mannose,False,d__Archaea,p__Thermoplasmatota,Neither,3
D-Mannose,False,d__Bacteria,p__Actinobacteriota,Environment,5
D-Mannose,False,d__Bacteria,p__Actinobacteriota,Host,30
D-Mannose,False,d__Bacteria,p__Actinobacteriota,Neither,47
D-Mannose,True,d__Bacteria,p__Actinobacteriota,Environment,2
D-Mannose,True,d__Bacteria,p__Actinobacteriota,Host,9
D-Mannose,True,d__Bacteria,p__Actinobacteriota,Neither,3
D-Mannose,False,d__Bacteria,p__Armatimonadota,Neither,1
D-Mannose,False,d__Bacteria,p__Bacteroidota,Host,68
D-Mannose,False,d__Bacteria,p__Bacteroidota,Neither,90
D-Mannose,True,d__Bacteria,p__Bacteroidota,Host,149
D-Mannose,True,d__Bacteria,p__Bacteroidota,Neither,38
D-Mannose,False,d__Bacteria,p__Campylobacterota,Host,6
D-Mannose,False,d__Bacteria,p__Campylobacterota,Neither,13
D-Mannose,True,d__Bacteria,p__Campylobacterota,Neither,1
D-Mannose,False,d__Bacteria,p__Chloroflexota,Neither,1
D-Mannose,False,d__Bacteria,p__Cyanobacteria,Host,13
D-Mannose,False,d__Bacteria,p__Cyanobacteria,Neither,2
D-Mannose,False,d__Bacteria,p__Deferribacterota,Neither,1
D-Mannose,False,d__Bacteria,p__Desulfobacterota_A,Host,5
D-Mannose,False,d__Bacteria,p__Desulfobacterota_A,Neither,3
D-Mannose,False,d__Bacteria,p__Elusimicrobiota,Host,4
D-Mannose,False,d__Bacteria,p__Elusimicrobiota,Neither,2
D-Mannose,False,d__Bacteria,p__Eremiobacterota,Neither,1
D-Mannose,False,d__Bacteria,p__Fibrobacterota,Host,4
D-Mannose,False,d__Bacteria,p__Firmicutes,Host,65
D-Mannose,False,d__Bacteria,p__Firmicutes,Neither,48
D-Mannose,True,d__Bacteria,p__Firmicutes,Host,39
D-Mannose,True,d__Bacteria,p__Firmicutes,Neither,36
D-Mannose,False,d__Bacteria,p__Firmicutes_A,Host,339
D-Mannose,False,d__Bacteria,p__Firmicutes_A,Neither,133
D-Mannose,True,d__Bacteria,p__Firmicutes_A,Host,99
D-Mannose,True,d__Bacteria,p__Firmicutes_A,Neither,40
D-Mannose,False,d__Bacteria,p__Firmicutes_B,Host,2
D-Mannose,False,d__Bacteria,p__Firmicutes_B,Neither,2
D-Mannose,False,d__Bacteria,p__Firmicutes_C,Host,13
D-Mannose,False,d__Bacteria,p__Firmicutes_C,Neither,13
D-Mannose,True,d__Bacteria,p__Firmicutes_C,Host,3
D-Mannose,False,d__Bacteria,p__Fusobacteriota,Host,1
D-Mannose,False,d__Bacteria,p__Fusobacteriota,Neither,12
D-Mannose,True,d__Bacteria,p__Fusobacteriota,Host,1
D-Mannose,True,d__Bacteria,p__Fusobacteriota,Neither,3
D-Mannose,False,d__Bacteria,p__Myxococcota,Host,2
D-Mannose,False,d__Bacteria,p__Patescibacteria,Host,1
D-Mannose,False,d__Bacteria,p__Patescibacteria,Neither,3
D-Mannose,False,d__Bacteria,p__Planctomycetota,Neither,1
D-Mannose,True,d__Bacteria,p__Planctomycetota,Host,1
D-Mannose,False,d__Bacteria,p__Proteobacteria,Environment,5
D-Mannose,False,d__Bacteria,p__Proteobacteria,Host,17
D-Mannose,False,d__Bacteria,p__Proteobacteria,Neither,31
D-Mannose,True,d__Bacteria,p__Proteobacteria,Environment,3
D-Mannose,True,d__Bacteria,p__Proteobacteria,Host,7
D-Mannose,True,d__Bacteria,p__Proteobacteria,Neither,9
D-Mannose,False,d__Bacteria,p__Spirochaetota,Host,26
D-Mannose,False,d__Bacteria,p__Spirochaetota,Neither,6
D-Mannose,True,d__Bacteria,p__Spirochaetota,Host,5
D-Mannose,True,d__Bacteria,p__Spirochaetota,Neither,2
D-Mannose,False,d__Bacteria,p__Synergistota,Neither,4
D-Mannose,False,d__Bacteria,p__Verrucomicrobiota,Host,7
D-Mannose,False,d__Bacteria,p__Verrucomicrobiota,Neither,11
D-Mannose,True,d__Bacteria,p__Verrucomicrobiota,Host,6
D-Mannose,True,d__Bacteria,p__Verrucomicrobiota,Neither,3
D-Mannose,False,d__Bacteria,p__Verrucomicrobiota_A,Host,1
D-Mannose,False,d__Bacteria,p__Verrucomicrobiota_A,Neither,1
D-Sorbitol,False,d__Archaea,p__Euryarchaeota,Host,5
D-Sorbitol,False,d__Archaea,p__Halobacterota,Host,1
D-Sorbitol,False,d__Archaea,p__Halobacterota,Neither,3
D-Sorbitol,False,d__Archaea,p__Thermoplasmatota,Host,1
D-Sorbitol,False,d__Archaea,p__Thermoplasmatota,Neither,3
D-Sorbitol,False,d__Bacteria,p__Actinobacteriota,Environment,7
D-Sorbitol,False,d__Bacteria,p__Actinobacteriota,Host,39
D-Sorbitol,False,d__Bacteria,p__Actinobacteriota,Neither,50
D-Sorbitol,False,d__Bacteria,p__Armatimonadota,Neither,1
D-Sorbitol,False,d__Bacteria,p__Bacteroidota,Host,217
D-Sorbitol,False,d__Bacteria,p__Bacteroidota,Neither,128
D-Sorbitol,False,d__Bacteria,p__Campylobacterota,Host,6
D-Sorbitol,False,d__Bacteria,p__Campylobacterota,Neither,14
D-Sorbitol,False,d__Bacteria,p__Chloroflexota,Neither,1
D-Sorbitol,False,d__Bacteria,p__Cyanobacteria,Host,13
D-Sorbitol,False,d__Bacteria,p__Cyanobacteria,Neither,2
D-Sorbitol,False,d__Bacteria,p__Deferribacterota,Neither,1
D-Sorbitol,False,d__Bacteria,p__Desulfobacterota_A,Host,5
D-Sorbitol,False,d__Bacteria,p__Desulfobacterota_A,Neither,3
D-Sorbitol,False,d__Bacteria,p__Elusimicrobiota,Host,4
D-Sorbitol,False,d__Bacteria,p__Elusimicrobiota,Neither,2
D-Sorbitol,False,d__Bacteria,p__Eremiobacterota,Neither,1
D-Sorbitol,False,d__Bacteria,p__Fibrobacterota,Host,4
D-Sorbitol,False,d__Bacteria,p__Firmicutes,Host,102
D-Sorbitol,False,d__Bacteria,p__Firmicutes,Neither,83
D-Sorbitol,True,d__Bacteria,p__Firmicutes,Host,2
D-Sorbitol,True,d__Bacteria,p__Firmicutes,Neither,1
D-Sorbitol,False,d__Bacteria,p__Firmicutes_A,Host,433
D-Sorbitol,False,d__Bacteria,p__Firmicutes_A,Neither,173
D-Sorbitol,True,d__Bacteria,p__Firmicutes_A,Host,5
D-Sorbitol,False,d__Bacteria,p__Firmicutes_B,Host,2
D-Sorbitol,False,d__Bacteria,p__Firmicutes_B,Neither,2
D-Sorbitol,False,d__Bacteria,p__Firmicutes_C,Host,15
D-Sorbitol,False,d__Bacteria,p__Firmicutes_C,Neither,12
D-Sorbitol,True,d__Bacteria,p__Firmicutes_C,Host,1
D-Sorbitol,True,d__Bacteria,p__Firmicutes_C,Neither,1
D-Sorbitol,False,d__Bacteria,p__Fusobacteriota,Host,2
D-Sorbitol,False,d__Bacteria,p__Fusobacteriota,Neither,14
D-Sorbitol,True,d__Bacteria,p__Fusobacteriota,Neither,1
D-Sorbitol,False,d__Bacteria,p__Myxococcota,Host,2
D-Sorbitol,False,d__Bacteria,p__Patescibacteria,Host,1
D-Sorbitol,False,d__Bacteria,p__Patescibacteria,Neither,3
D-Sorbitol,False,d__Bacteria,p__Planctomycetota,Host,1
D-Sorbitol,False,d__Bacteria,p__Planctomycetota,Neither,1
D-Sorbitol,False,d__Bacteria,p__Proteobacteria,Environment,8
D-Sorbitol,False,d__Bacteria,p__Proteobacteria,Host,21
D-Sorbitol,False,d__Bacteria,p__Proteobacteria,Neither,38
D-Sorbitol,True,d__Bacteria,p__Proteobacteria,Host,3
D-Sorbitol,True,d__Bacteria,p__Proteobacteria,Neither,2
D-Sorbitol,False,d__Bacteria,p__Spirochaetota,Host,31
D-Sorbitol,False,d__Bacteria,p__Spirochaetota,Neither,8
D-Sorbitol,False,d__Bacteria,p__Synergistota,Neither,4
D-Sorbitol,False,d__Bacteria,p__Verrucomicrobiota,Host,13
D-Sorbitol,False,d__Bacteria,p__Verrucomicrobiota,Neither,14
D-Sorbitol,False,d__Bacteria,p__Verrucomicrobiota_A,Host,1
D-Sorbitol,False,d__Bacteria,p__Verrucomicrobiota_A,Neither,1
D-Xylose,False,d__Archaea,p__Euryarchaeota,Host,5
D-Xylose,False,d__Archaea,p__Halobacterota,Host,1
D-Xylose,False,d__Archaea,p__Halobacterota,Neither,3
D-Xylose,False,d__Archaea,p__Thermoplasmatota,Host,1
D-Xylose,False,d__Archaea,p__Thermoplasmatota,Neither,3
D-Xylose,False,d__Bacteria,p__Actinobacteriota,Environment,5
D-Xylose,False,d__Bacteria,p__Actinobacteriota,Host,28
D-Xylose,False,d__Bacteria,p__Actinobacteriota,Neither,50
D-Xylose,True,d__Bacteria,p__Actinobacteriota,Environment,2
D-Xylose,True,d__Bacteria,p__Actinobacteriota,Host,11
D-Xylose,False,d__Bacteria,p__Armatimonadota,Neither,1
D-Xylose,False,d__Bacteria,p__Bacteroidota,Host,92
D-Xylose,False,d__Bacteria,p__Bacteroidota,Neither,88
D-Xylose,True,d__Bacteria,p__Bacteroidota,Host,125
D-Xylose,True,d__Bacteria,p__Bacteroidota,Neither,40
D-Xylose,False,d__Bacteria,p__Campylobacterota,Host,6
D-Xylose,False,d__Bacteria,p__Campylobacterota,Neither,14
D-Xylose,True,d__Bacteria,p__Chloroflexota,Neither,1
D-Xylose,False,d__Bacteria,p__Cyanobacteria,Host,13
D-Xylose,False,d__Bacteria,p__Cyanobacteria,Neither,2
D-Xylose,False,d__Bacteria,p__Deferribacterota,Neither,1
D-Xylose,False,d__Bacteria,p__Desulfobacterota_A,Host,5
D-Xylose,False,d__Bacteria,p__Desulfobacterota_A,Neither,3
D-Xylose,False,d__Bacteria,p__Elusimicrobiota,Host,4
D-Xylose,False,d__Bacteria,p__Elusimicrobiota,Neither,2
D-Xylose,False,d__Bacteria,p__Eremiobacterota,Neither,1
D-Xylose,False,d__Bacteria,p__Fibrobacterota,Host,3
D-Xylose,True,d__Bacteria,p__Fibrobacterota,Host,1
D-Xylose,False,d__Bacteria,p__Firmicutes,Host,103
D-Xylose,False,d__Bacteria,p__Firmicutes,Neither,80
D-Xylose,True,d__Bacteria,p__Firmicutes,Host,1
D-Xylose,True,d__Bacteria,p__Firmicutes,Neither,4
D-Xylose,False,d__Bacteria,p__Firmicutes_A,Host,283
D-Xylose,False,d__Bacteria,p__Firmicutes_A,Neither,120
D-Xylose,True,d__Bacteria,p__Firmicutes_A,Host,155
D-Xylose,True,d__Bacteria,p__Firmicutes_A,Neither,53
D-Xylose,False,d__Bacteria,p__Firmicutes_B,Host,2
D-Xylose,False,d__Bacteria,p__Firmicutes_B,Neither,2
D-Xylose,False,d__Bacteria,p__Firmicutes_C,Host,16
D-Xylose,False,d__Bacteria,p__Firmicutes_C,Neither,12
D-Xylose,True,d__Bacteria,p__Firmicutes_C,Neither,1
D-Xylose,False,d__Bacteria,p__Fusobacteriota,Host,2
D-Xylose,False,d__Bacteria,p__Fusobacteriota,Neither,15
D-Xylose,False,d__Bacteria,p__Myxococcota,Host,2
D-Xylose,False,d__Bacteria,p__Patescibacteria,Host,1
D-Xylose,False,d__Bacteria,p__Patescibacteria,Neither,3
D-Xylose,False,d__Bacteria,p__Planctomycetota,Neither,1
D-Xylose,True,d__Bacteria,p__Planctomycetota,Host,1
D-Xylose,False,d__Bacteria,p__Proteobacteria,Environment,7
D-Xylose,False,d__Bacteria,p__Proteobacteria,Host,20
D-Xylose,False,d__Bacteria,p__Proteobacteria,Neither,35
D-Xylose,True,d__Bacteria,p__Proteobacteria,Environment,1
D-Xylose,True,d__Bacteria,p__Proteobacteria,Host,4
D-Xylose,True,d__Bacteria,p__Proteobacteria,Neither,5
D-Xylose,False,d__Bacteria,p__Spirochaetota,Host,23
D-Xylose,False,d__Bacteria,p__Spirochaetota,Neither,8
D-Xylose,True,d__Bacteria,p__Spirochaetota,Host,8
D-Xylose,False,d__Bacteria,p__Synergistota,Neither,4
D-Xylose,False,d__Bacteria,p__Verrucomicrobiota,Host,5
D-Xylose,False,d__Bacteria,p__Verrucomicrobiota,Neither,13
D-Xylose,True,d__Bacteria,p__Verrucomicrobiota,Host,8
D-Xylose,True,d__Bacteria,p__Verrucomicrobiota,Neither,1
D-Xylose,False,d__Bacteria,p__Verrucomicrobiota_A,Host,1
D-Xylose,False,d__Bacteria,p__Verrucomicrobiota_A,Neither,1
DNase,False,d__Archaea,p__Euryarchaeota,Host,5
DNase,False,d__Archaea,p__Halobacterota,Host,1
DNase,False,d__Archaea,p__Halobacterota,Neither,2
DNase,True,d__Archaea,p__Halobacterota,Neither,1
DNase,False,d__Archaea,p__Thermoplasmatota,Neither,2
DNase,True,d__Archaea,p__Thermoplasmatota,Host,1
DNase,True,d__Archaea,p__Thermoplasmatota,Neither,1
DNase,False,d__Bacteria,p__Actinobacteriota,Environment,7
DNase,False,d__Bacteria,p__Actinobacteriota,Host,39
DNase,False,d__Bacteria,p__Actinobacteriota,Neither,50
DNase,False,d__Bacteria,p__Armatimonadota,Neither,1
DNase,False,d__Bacteria,p__Bacteroidota,Host,204
DNase,False,d__Bacteria,p__Bacteroidota,Neither,122
DNase,True,d__Bacteria,p__Bacteroidota,Host,13
DNase,True,d__Bacteria,p__Bacteroidota,Neither,6
DNase,False,d__Bacteria,p__Campylobacterota,Host,6
DNase,False,d__Bacteria,p__Campylobacterota,Neither,14
DNase,False,d__Bacteria,p__Chloroflexota,Neither,1
DNase,False,d__Bacteria,p__Cyanobacteria,Host,12
DNase,False,d__Bacteria,p__Cyanobacteria,Neither,2
DNase,True,d__Bacteria,p__Cyanobacteria,Host,1
DNase,False,d__Bacteria,p__Deferribacterota,Neither,1
DNase,False,d__Bacteria,p__Desulfobacterota_A,Host,5
DNase,False,d__Bacteria,p__Desulfobacterota_A,Neither,3
DNase,False,d__Bacteria,p__Elusimicrobiota,Host,4
DNase,False,d__Bacteria,p__Elusimicrobiota,Neither,2
DNase,False,d__Bacteria,p__Eremiobacterota,Neither,1
DNase,False,d__Bacteria,p__Fibrobacterota,Host,4
DNase,False,d__Bacteria,p__Firmicutes,Host,96
DNase,False,d__Bacteria,p__Firmicutes,Neither,72
DNase,True,d__Bacteria,p__Firmicutes,Host,8
DNase,True,d__Bacteria,p__Firmicutes,Neither,12
DNase,False,d__Bacteria,p__Firmicutes_A,Host,383
DNase,False,d__Bacteria,p__Firmicutes_A,Neither,155
DNase,True,d__Bacteria,p__Firmicutes_A,Host,55
DNase,True,d__Bacteria,p__Firmicutes_A,Neither,18
DNase,False,d__Bacteria,p__Firmicutes_B,Host,2
DNase,False,d__Bacteria,p__Firmicutes_B,Neither,2
DNase,False,d__Bacteria,p__Firmicutes_C,Host,16
DNase,False,d__Bacteria,p__Firmicutes_C,Neither,13
DNase,False,d__Bacteria,p__Fusobacteriota,Host,2
DNase,False,d__Bacteria,p__Fusobacteriota,Neither,14
DNase,True,d__Bacteria,p__Fusobacteriota,Neither,1
DNase,False,d__Bacteria,p__Myxococcota,Host,2
DNase,False,d__Bacteria,p__Patescibacteria,Host,1
DNase,False,d__Bacteria,p__Patescibacteria,Neither,3
DNase,False,d__Bacteria,p__Planctomycetota,Host,1
DNase,False,d__Bacteria,p__Planctomycetota,Neither,1
DNase,False,d__Bacteria,p__Proteobacteria,Environment,5
DNase,False,d__Bacteria,p__Proteobacteria,Host,24
DNase,False,d__Bacteria,p__Proteobacteria,Neither,36
DNase,True,d__Bacteria,p__Proteobacteria,Environment,3
DNase,True,d__Bacteria,p__Proteobacteria,Neither,4
DNase,False,d__Bacteria,p__Spirochaetota,Host,31
DNase,False,d__Bacteria,p__Spirochaetota,Neither,8
DNase,False,d__Bacteria,p__Synergistota,Neither,4
DNase,False,d__Bacteria,p__Verrucomicrobiota,Host,13
DNase,False,d__Bacteria,p__Verrucomicrobiota,Neither,14
DNase,False,d__Bacteria,p__Verrucomicrobiota_A,Host,1
DNase,False,d__Bacteria,p__Verrucomicrobiota_A,Neither,1
Esculin hydrolysis,False,d__Archaea,p__Euryarchaeota,Host,5
Esculin hydrolysis,False,d__Archaea,p__Halobacterota,Host,1
Esculin hydrolysis,False,d__Archaea,p__Halobacterota,Neither,3
Esculin hydrolysis,False,d__Archaea,p__Thermoplasmatota,Host,1
Esculin hydrolysis,False,d__Archaea,p__Thermoplasmatota,Neither,3
Esculin hydrolysis,False,d__Bacteria,p__Actinobacteriota,Environment,3
Esculin hydrolysis,False,d__Bacteria,p__Actinobacteriota,Host,32
Esculin hydrolysis,False,d__Bacteria,p__Actinobacteriota,Neither,47
Esculin hydrolysis,True,d__Bacteria,p__Actinobacteriota,Environment,4
Esculin hydrolysis,True,d__Bacteria,p__Actinobacteriota,Host,7
Esculin hydrolysis,True,d__Bacteria,p__Actinobacteriota,Neither,3
Esculin hydrolysis,False,d__Bacteria,p__Armatimonadota,Neither,1
Esculin hydrolysis,False,d__Bacteria,p__Bacteroidota,Host,93
Esculin hydrolysis,False,d__Bacteria,p__Bacteroidota,Neither,87
Esculin hydrolysis,True,d__Bacteria,p__Bacteroidota,Host,124
Esculin hydrolysis,True,d__Bacteria,p__Bacteroidota,Neither,41
Esculin hydrolysis,False,d__Bacteria,p__Campylobacterota,Host,6
Esculin hydrolysis,False,d__Bacteria,p__Campylobacterota,Neither,14
Esculin hydrolysis,False,d__Bacteria,p__Chloroflexota,Neither,1
Esculin hydrolysis,False,d__Bacteria,p__Cyanobacteria,Host,13
Esculin hydrolysis,False,d__Bacteria,p__Cyanobacteria,Neither,2
Esculin hydrolysis,False,d__Bacteria,p__Deferribacterota,Neither,1
Esculin hydrolysis,False,d__Bacteria,p__Desulfobacterota_A,Host,5
Esculin hydrolysis,False,d__Bacteria,p__Desulfobacterota_A,Neither,3
Esculin hydrolysis,False,d__Bacteria,p__Elusimicrobiota,Host,4
Esculin hydrolysis,False,d__Bacteria,p__Elusimicrobiota,Neither,2
Esculin hydrolysis,False,d__Bacteria,p__Eremiobacterota,Neither,1
Esculin hydrolysis,False,d__Bacteria,p__Fibrobacterota,Host,3
Esculin hydrolysis,True,d__Bacteria,p__Fibrobacterota,Host,1
Esculin hydrolysis,False,d__Bacteria,p__Firmicutes,Host,63
Esculin hydrolysis,False,d__Bacteria,p__Firmicutes,Neither,54
Esculin hydrolysis,True,d__Bacteria,p__Firmicutes,Host,41
Esculin hydrolysis,True,d__Bacteria,p__Firmicutes,Neither,30
Esculin hydrolysis,False,d__Bacteria,p__Firmicutes_A,Host,209
Esculin hydrolysis,False,d__Bacteria,p__Firmicutes_A,Neither,107
Esculin hydrolysis,True,d__Bacteria,p__Firmicutes_A,Host,229
Esculin hydrolysis,True,d__Bacteria,p__Firmicutes_A,Neither,66
Esculin hydrolysis,False,d__Bacteria,p__Firmicutes_B,Host,2
Esculin hydrolysis,False,d__Bacteria,p__Firmicutes_B,Neither,2
Esculin hydrolysis,False,d__Bacteria,p__Firmicutes_C,Host,16
Esculin hydrolysis,False,d__Bacteria,p__Firmicutes_C,Neither,13
Esculin hydrolysis,False,d__Bacteria,p__Fusobacteriota,Host,2
Esculin hydrolysis,False,d__Bacteria,p__Fusobacteriota,Neither,15
Esculin hydrolysis,False,d__Bacteria,p__Myxococcota,Host,2
Esculin hydrolysis,False,d__Bacteria,p__Patescibacteria,Host,1
Esculin hydrolysis,False,d__Bacteria,p__Patescibacteria,Neither,3
Esculin hydrolysis,False,d__Bacteria,p__Planctomycetota,Neither,1
Esculin hydrolysis,True,d__Bacteria,p__Planctomycetota,Host,1
Esculin hydrolysis,False,d__Bacteria,p__Proteobacteria,Environment,6
Esculin hydrolysis,False,d__Bacteria,p__Proteobacteria,Host,24
Esculin hydrolysis,False,d__Bacteria,p__Proteobacteria,Neither,39
Esculin hydrolysis,True,d__Bacteria,p__Proteobacteria,Environment,2
Esculin hydrolysis,True,d__Bacteria,p__Proteobacteria,Neither,1
Esculin hydrolysis,False,d__Bacteria,p__Spirochaetota,Host,25
Esculin hydrolysis,False,d__Bacteria,p__Spirochaetota,Neither,5
Esculin hydrolysis,True,d__Bacteria,p__Spirochaetota,Host,6
Esculin hydrolysis,True,d__Bacteria,p__Spirochaetota,Neither,3
Esculin hydrolysis,False,d__Bacteria,p__Synergistota,Neither,4
Esculin hydrolysis,False,d__Bacteria,p__Verrucomicrobiota,Host,13
Esculin hydrolysis,False,d__Bacteria,p__Verrucomicrobiota,Neither,13
Esculin hydrolysis,True,d__Bacteria,p__Verrucomicrobiota,Neither,1
Esculin hydrolysis,False,d__Bacteria,p__Verrucomicrobiota_A,Host,1
Esculin hydrolysis,False,d__Bacteria,p__Verrucomicrobiota_A,Neither,1
Facultative,False,d__Archaea,p__Euryarchaeota,Host,5
Facultative,False,d__Archaea,p__Halobacterota,Host,1
Facultative,False,d__Archaea,p__Halobacterota,Neither,3
Facultative,False,d__Archaea,p__Thermoplasmatota,Host,1
Facultative,False,d__Archaea,p__Thermoplasmatota,Neither,3
Facultative,False,d__Bacteria,p__Actinobacteriota,Environment,7
Facultative,False,d__Bacteria,p__Actinobacteriota,Host,35
Facultative,False,d__Bacteria,p__Actinobacteriota,Neither,42
Facultative,True,d__Bacteria,p__Actinobacteriota,Host,4
Facultative,True,d__Bacteria,p__Actinobacteriota,Neither,8
Facultative,False,d__Bacteria,p__Armatimonadota,Neither,1
Facultative,False,d__Bacteria,p__Bacteroidota,Host,215
Facultative,False,d__Bacteria,p__Bacteroidota,Neither,128
Facultative,True,d__Bacteria,p__Bacteroidota,Host,2
Facultative,False,d__Bacteria,p__Campylobacterota,Host,6
Facultative,False,d__Bacteria,p__Campylobacterota,Neither,14
Facultative,False,d__Bacteria,p__Chloroflexota,Neither,1
Facultative,False,d__Bacteria,p__Cyanobacteria,Host,13
Facultative,False,d__Bacteria,p__Cyanobacteria,Neither,2
Facultative,False,d__Bacteria,p__Deferribacterota,Neither,1
Facultative,False,d__Bacteria,p__Desulfobacterota_A,Host,5
Facultative,False,d__Bacteria,p__Desulfobacterota_A,Neither,3
Facultative,False,d__Bacteria,p__Elusimicrobiota,Host,4
Facultative,False,d__Bacteria,p__Elusimicrobiota,Neither,2
Facultative,False,d__Bacteria,p__Eremiobacterota,Neither,1
Facultative,False,d__Bacteria,p__Fibrobacterota,Host,4
Facultative,False,d__Bacteria,p__Firmicutes,Host,63
Facultative,False,d__Bacteria,p__Firmicutes,Neither,37
Facultative,True,d__Bacteria,p__Firmicutes,Host,41
Facultative,True,d__Bacteria,p__Firmicutes,Neither,47
Facultative,False,d__Bacteria,p__Firmicutes_A,Host,434
Facultative,False,d__Bacteria,p__Firmicutes_A,Neither,171
Facultative,True,d__Bacteria,p__Firmicutes_A,Host,4
Facultative,True,d__Bacteria,p__Firmicutes_A,Neither,2
Facultative,False,d__Bacteria,p__Firmicutes_B,Host,2
Facultative,False,d__Bacteria,p__Firmicutes_B,Neither,2
Facultative,False,d__Bacteria,p__Firmicutes_C,Host,16
Facultative,False,d__Bacteria,p__Firmicutes_C,Neither,13
Facultative,False,d__Bacteria,p__Fusobacteriota,Host,2
Facultative,False,d__Bacteria,p__Fusobacteriota,Neither,11
Facultative,True,d__Bacteria,p__Fusobacteriota,Neither,4
Facultative,False,d__Bacteria,p__Myxococcota,Host,2
Facultative,False,d__Bacteria,p__Patescibacteria,Host,1
Facultative,False,d__Bacteria,p__Patescibacteria,Neither,3
Facultative,False,d__Bacteria,p__Planctomycetota,Host,1
Facultative,False,d__Bacteria,p__Planctomycetota,Neither,1
Facultative,False,d__Bacteria,p__Proteobacteria,Environment,7
Facultative,False,d__Bacteria,p__Proteobacteria,Host,15
Facultative,False,d__Bacteria,p__Proteobacteria,Neither,22
Facultative,True,d__Bacteria,p__Proteobacteria,Environment,1
Facultative,True,d__Bacteria,p__Proteobacteria,Host,9
Facultative,True,d__Bacteria,p__Proteobacteria,Neither,18
Facultative,False,d__Bacteria,p__Spirochaetota,Host,31
Facultative,False,d__Bacteria,p__Spirochaetota,Neither,8
Facultative,False,d__Bacteria,p__Synergistota,Neither,4
Facultative,False,d__Bacteria,p__Verrucomicrobiota,Host,11
Facultative,False,d__Bacteria,p__Verrucomicrobiota,Neither,9
Facultative,True,d__Bacteria,p__Verrucomicrobiota,Host,2
Facultative,True,d__Bacteria,p__Verrucomicrobiota,Neither,5
Facultative,False,d__Bacteria,p__Verrucomicrobiota_A,Host,1
Facultative,False,d__Bacteria,p__Verrucomicrobiota_A,Neither,1
Gas from glucose,False,d__Archaea,p__Euryarchaeota,Host,5
Gas from glucose,False,d__Archaea,p__Halobacterota,Host,1
Gas from glucose,False,d__Archaea,p__Halobacterota,Neither,3
Gas from glucose,False,d__Archaea,p__Thermoplasmatota,Host,1
Gas from glucose,False,d__Archaea,p__Thermoplasmatota,Neither,3
Gas from glucose,False,d__Bacteria,p__Actinobacteriota,Environment,7
Gas from glucose,False,d__Bacteria,p__Actinobacteriota,Host,39
Gas from glucose,False,d__Bacteria,p__Actinobacteriota,Neither,50
Gas from glucose,False,d__Bacteria,p__Armatimonadota,Neither,1
Gas from glucose,False,d__Bacteria,p__Bacteroidota,Host,217
Gas from glucose,False,d__Bacteria,p__Bacteroidota,Neither,128
Gas from glucose,False,d__Bacteria,p__Campylobacterota,Host,6
Gas from glucose,False,d__Bacteria,p__Campylobacterota,Neither,14
Gas from glucose,False,d__Bacteria,p__Chloroflexota,Neither,1
Gas from glucose,False,d__Bacteria,p__Cyanobacteria,Host,13
Gas from glucose,False,d__Bacteria,p__Cyanobacteria,Neither,2
Gas from glucose,False,d__Bacteria,p__Deferribacterota,Neither,1
Gas from glucose,False,d__Bacteria,p__Desulfobacterota_A,Host,5
Gas from glucose,False,d__Bacteria,p__Desulfobacterota_A,Neither,3
Gas from glucose,False,d__Bacteria,p__Elusimicrobiota,Host,4
Gas from glucose,False,d__Bacteria,p__Elusimicrobiota,Neither,2
Gas from glucose,False,d__Bacteria,p__Eremiobacterota,Neither,1
Gas from glucose,False,d__Bacteria,p__Fibrobacterota,Host,4
Gas from glucose,False,d__Bacteria,p__Firmicutes,Host,102
Gas from glucose,False,d__Bacteria,p__Firmicutes,Neither,83
Gas from glucose,True,d__Bacteria,p__Firmicutes,Host,2
Gas from glucose,True,d__Bacteria,p__Firmicutes,Neither,1
Gas from glucose,False,d__Bacteria,p__Firmicutes_A,Host,382
Gas from glucose,False,d__Bacteria,p__Firmicutes_A,Neither,165
Gas from glucose,True,d__Bacteria,p__Firmicutes_A,Host,56
Gas from glucose,True,d__Bacteria,p__Firmicutes_A,Neither,8
Gas from glucose,False,d__Bacteria,p__Firmicutes_B,Host,2
Gas from glucose,False,d__Bacteria,p__Firmicutes_B,Neither,2
Gas from glucose,False,d__Bacteria,p__Firmicutes_C,Host,16
Gas from glucose,False,d__Bacteria,p__Firmicutes_C,Neither,13
Gas from glucose,False,d__Bacteria,p__Fusobacteriota,Host,2
Gas from glucose,False,d__Bacteria,p__Fusobacteriota,Neither,15
Gas from glucose,False,d__Bacteria,p__Myxococcota,Host,2
Gas from glucose,False,d__Bacteria,p__Patescibacteria,Host,1
Gas from glucose,False,d__Bacteria,p__Patescibacteria,Neither,3
Gas from glucose,False,d__Bacteria,p__Planctomycetota,Host,1
Gas from glucose,False,d__Bacteria,p__Planctomycetota,Neither,1
Gas from glucose,False,d__Bacteria,p__Proteobacteria,Environment,7
Gas from glucose,False,d__Bacteria,p__Proteobacteria,Host,18
Gas from glucose,False,d__Bacteria,p__Proteobacteria,Neither,36
Gas from glucose,True,d__Bacteria,p__Proteobacteria,Environment,1
Gas from glucose,True,d__Bacteria,p__Proteobacteria,Host,6
Gas from glucose,True,d__Bacteria,p__Proteobacteria,Neither,4
Gas from glucose,False,d__Bacteria,p__Spirochaetota,Host,31
Gas from glucose,False,d__Bacteria,p__Spirochaetota,Neither,8
Gas from glucose,False,d__Bacteria,p__Synergistota,Neither,4
Gas from glucose,False,d__Bacteria,p__Verrucomicrobiota,Host,13
Gas from glucose,False,d__Bacteria,p__Verrucomicrobiota,Neither,14
Gas from glucose,False,d__Bacteria,p__Verrucomicrobiota_A,Host,1
Gas from glucose,False,d__Bacteria,p__Verrucomicrobiota_A,Neither,1
Gelatin hydrolysis,False,d__Archaea,p__Euryarchaeota,Host,5
Gelatin hydrolysis,False,d__Archaea,p__Halobacterota,Host,1
Gelatin hydrolysis,False,d__Archaea,p__Halobacterota,Neither,3
Gelatin hydrolysis,False,d__Archaea,p__Thermoplasmatota,Host,1
Gelatin hydrolysis,False,d__Archaea,p__Thermoplasmatota,Neither,3
Gelatin hydrolysis,False,d__Bacteria,p__Actinobacteriota,Environment,5
Gelatin hydrolysis,False,d__Bacteria,p__Actinobacteriota,Host,37
Gelatin hydrolysis,False,d__Bacteria,p__Actinobacteriota,Neither,48
Gelatin hydrolysis,True,d__Bacteria,p__Actinobacteriota,Environment,2
Gelatin hydrolysis,True,d__Bacteria,p__Actinobacteriota,Host,2
Gelatin hydrolysis,True,d__Bacteria,p__Actinobacteriota,Neither,2
Gelatin hydrolysis,False,d__Bacteria,p__Armatimonadota,Neither,1
Gelatin hydrolysis,False,d__Bacteria,p__Bacteroidota,Host,105
Gelatin hydrolysis,False,d__Bacteria,p__Bacteroidota,Neither,56
Gelatin hydrolysis,True,d__Bacteria,p__Bacteroidota,Host,112
Gelatin hydrolysis,True,d__Bacteria,p__Bacteroidota,Neither,72
Gelatin hydrolysis,False,d__Bacteria,p__Campylobacterota,Host,6
Gelatin hydrolysis,False,d__Bacteria,p__Campylobacterota,Neither,14
Gelatin hydrolysis,False,d__Bacteria,p__Chloroflexota,Neither,1
Gelatin hydrolysis,False,d__Bacteria,p__Cyanobacteria,Host,13
Gelatin hydrolysis,False,d__Bacteria,p__Cyanobacteria,Neither,2
Gelatin hydrolysis,False,d__Bacteria,p__Deferribacterota,Neither,1
Gelatin hydrolysis,False,d__Bacteria,p__Desulfobacterota_A,Host,5
Gelatin hydrolysis,False,d__Bacteria,p__Desulfobacterota_A,Neither,3
Gelatin hydrolysis,False,d__Bacteria,p__Elusimicrobiota,Host,4
Gelatin hydrolysis,False,d__Bacteria,p__Elusimicrobiota,Neither,1
Gelatin hydrolysis,True,d__Bacteria,p__Elusimicrobiota,Neither,1
Gelatin hydrolysis,False,d__Bacteria,p__Eremiobacterota,Neither,1
Gelatin hydrolysis,False,d__Bacteria,p__Fibrobacterota,Host,4
Gelatin hydrolysis,False,d__Bacteria,p__Firmicutes,Host,103
Gelatin hydrolysis,False,d__Bacteria,p__Firmicutes,Neither,83
Gelatin hydrolysis,True,d__Bacteria,p__Firmicutes,Host,1
Gelatin hydrolysis,True,d__Bacteria,p__Firmicutes,Neither,1
Gelatin hydrolysis,False,d__Bacteria,p__Firmicutes_A,Host,413
Gelatin hydrolysis,False,d__Bacteria,p__Firmicutes_A,Neither,169
Gelatin hydrolysis,True,d__Bacteria,p__Firmicutes_A,Host,25
Gelatin hydrolysis,True,d__Bacteria,p__Firmicutes_A,Neither,4
Gelatin hydrolysis,False,d__Bacteria,p__Firmicutes_B,Host,2
Gelatin hydrolysis,False,d__Bacteria,p__Firmicutes_B,Neither,2
Gelatin hydrolysis,False,d__Bacteria,p__Firmicutes_C,Host,16
Gelatin hydrolysis,False,d__Bacteria,p__Firmicutes_C,Neither,13
Gelatin hydrolysis,False,d__Bacteria,p__Fusobacteriota,Host,2
Gelatin hydrolysis,False,d__Bacteria,p__Fusobacteriota,Neither,15
Gelatin hydrolysis,False,d__Bacteria,p__Myxococcota,Host,2
Gelatin hydrolysis,False,d__Bacteria,p__Patescibacteria,Host,1
Gelatin hydrolysis,False,d__Bacteria,p__Patescibacteria,Neither,3
Gelatin hydrolysis,False,d__Bacteria,p__Planctomycetota,Host,1
Gelatin hydrolysis,True,d__Bacteria,p__Planctomycetota,Neither,1
Gelatin hydrolysis,False,d__Bacteria,p__Proteobacteria,Environment,6
Gelatin hydrolysis,False,d__Bacteria,p__Proteobacteria,Host,24
Gelatin hydrolysis,False,d__Bacteria,p__Proteobacteria,Neither,36
Gelatin hydrolysis,True,d__Bacteria,p__Proteobacteria,Environment,2
Gelatin hydrolysis,True,d__Bacteria,p__Proteobacteria,Neither,4
Gelatin hydrolysis,False,d__Bacteria,p__Spirochaetota,Host,30
Gelatin hydrolysis,False,d__Bacteria,p__Spirochaetota,Neither,8
Gelatin hydrolysis,True,d__Bacteria,p__Spirochaetota,Host,1
Gelatin hydrolysis,False,d__Bacteria,p__Synergistota,Neither,4
Gelatin hydrolysis,False,d__Bacteria,p__Verrucomicrobiota,Host,12
Gelatin hydrolysis,False,d__Bacteria,p__Verrucomicrobiota,Neither,14
Gelatin hydrolysis,True,d__Bacteria,p__Verrucomicrobiota,Host,1
Gelatin hydrolysis,False,d__Bacteria,p__Verrucomicrobiota_A,Host,1
Gelatin hydrolysis,False,d__Bacteria,p__Verrucomicrobiota_A,Neither,1
Glucose fermenter,False,d__Archaea,p__Euryarchaeota,Host,5
Glucose fermenter,False,d__Archaea,p__Halobacterota,Host,1
Glucose fermenter,False,d__Archaea,p__Halobacterota,Neither,3
Glucose fermenter,False,d__Archaea,p__Thermoplasmatota,Host,1
Glucose fermenter,False,d__Archaea,p__Thermoplasmatota,Neither,3
Glucose fermenter,False,d__Bacteria,p__Actinobacteriota,Environment,3
Glucose fermenter,False,d__Bacteria,p__Actinobacteriota,Host,6
Glucose fermenter,False,d__Bacteria,p__Actinobacteriota,Neither,31
Glucose fermenter,True,d__Bacteria,p__Actinobacteriota,Environment,4
Glucose fermenter,True,d__Bacteria,p__Actinobacteriota,Host,33
Glucose fermenter,True,d__Bacteria,p__Actinobacteriota,Neither,19
Glucose fermenter,True,d__Bacteria,p__Armatimonadota,Neither,1
Glucose fermenter,False,d__Bacteria,p__Bacteroidota,Host,28
Glucose fermenter,False,d__Bacteria,p__Bacteroidota,Neither,39
Glucose fermenter,True,d__Bacteria,p__Bacteroidota,Host,189
Glucose fermenter,True,d__Bacteria,p__Bacteroidota,Neither,89
Glucose fermenter,False,d__Bacteria,p__Campylobacterota,Host,6
Glucose fermenter,False,d__Bacteria,p__Campylobacterota,Neither,14
Glucose fermenter,False,d__Bacteria,p__Chloroflexota,Neither,1
Glucose fermenter,False,d__Bacteria,p__Cyanobacteria,Host,13
Glucose fermenter,False,d__Bacteria,p__Cyanobacteria,Neither,2
Glucose fermenter,False,d__Bacteria,p__Deferribacterota,Neither,1
Glucose fermenter,False,d__Bacteria,p__Desulfobacterota_A,Host,5
Glucose fermenter,False,d__Bacteria,p__Desulfobacterota_A,Neither,3
Glucose fermenter,False,d__Bacteria,p__Elusimicrobiota,Host,4
Glucose fermenter,False,d__Bacteria,p__Elusimicrobiota,Neither,2
Glucose fermenter,False,d__Bacteria,p__Eremiobacterota,Neither,1
Glucose fermenter,False,d__Bacteria,p__Fibrobacterota,Host,3
Glucose fermenter,True,d__Bacteria,p__Fibrobacterota,Host,1
Glucose fermenter,False,d__Bacteria,p__Firmicutes,Host,50
Glucose fermenter,False,d__Bacteria,p__Firmicutes,Neither,25
Glucose fermenter,True,d__Bacteria,p__Firmicutes,Host,54
Glucose fermenter,True,d__Bacteria,p__Firmicutes,Neither,59
Glucose fermenter,False,d__Bacteria,p__Firmicutes_A,Host,108
Glucose fermenter,False,d__Bacteria,p__Firmicutes_A,Neither,61
Glucose fermenter,True,d__Bacteria,p__Firmicutes_A,Host,330
Glucose fermenter,True,d__Bacteria,p__Firmicutes_A,Neither,112
Glucose fermenter,False,d__Bacteria,p__Firmicutes_B,Host,2
Glucose fermenter,False,d__Bacteria,p__Firmicutes_B,Neither,2
Glucose fermenter,False,d__Bacteria,p__Firmicutes_C,Host,9
Glucose fermenter,False,d__Bacteria,p__Firmicutes_C,Neither,10
Glucose fermenter,True,d__Bacteria,p__Firmicutes_C,Host,7
Glucose fermenter,True,d__Bacteria,p__Firmicutes_C,Neither,3
Glucose fermenter,False,d__Bacteria,p__Fusobacteriota,Neither,4
Glucose fermenter,True,d__Bacteria,p__Fusobacteriota,Host,2
Glucose fermenter,True,d__Bacteria,p__Fusobacteriota,Neither,11
Glucose fermenter,False,d__Bacteria,p__Myxococcota,Host,2
Glucose fermenter,False,d__Bacteria,p__Patescibacteria,Host,1
Glucose fermenter,False,d__Bacteria,p__Patescibacteria,Neither,3
Glucose fermenter,False,d__Bacteria,p__Planctomycetota,Host,1
Glucose fermenter,True,d__Bacteria,p__Planctomycetota,Neither,1
Glucose fermenter,False,d__Bacteria,p__Proteobacteria,Environment,7
Glucose fermenter,False,d__Bacteria,p__Proteobacteria,Host,14
Glucose fermenter,False,d__Bacteria,p__Proteobacteria,Neither,21
Glucose fermenter,True,d__Bacteria,p__Proteobacteria,Environment,1
Glucose fermenter,True,d__Bacteria,p__Proteobacteria,Host,10
Glucose fermenter,True,d__Bacteria,p__Proteobacteria,Neither,19
Glucose fermenter,False,d__Bacteria,p__Spirochaetota,Host,9
Glucose fermenter,False,d__Bacteria,p__Spirochaetota,Neither,1
Glucose fermenter,True,d__Bacteria,p__Spirochaetota,Host,22
Glucose fermenter,True,d__Bacteria,p__Spirochaetota,Neither,7
Glucose fermenter,False,d__Bacteria,p__Synergistota,Neither,3
Glucose fermenter,True,d__Bacteria,p__Synergistota,Neither,1
Glucose fermenter,False,d__Bacteria,p__Verrucomicrobiota,Host,5
Glucose fermenter,False,d__Bacteria,p__Verrucomicrobiota,Neither,9
Glucose fermenter,True,d__Bacteria,p__Verrucomicrobiota,Host,8
Glucose fermenter,True,d__Bacteria,p__Verrucomicrobiota,Neither,5
Glucose fermenter,False,d__Bacteria,p__Verrucomicrobiota_A,Host,1
Glucose fermenter,False,d__Bacteria,p__Verrucomicrobiota_A,Neither,1
Glucose oxidizer,False,d__Archaea,p__Euryarchaeota,Host,5
Glucose oxidizer,False,d__Archaea,p__Halobacterota,Host,1
Glucose oxidizer,False,d__Archaea,p__Halobacterota,Neither,3
Glucose oxidizer,False,d__Archaea,p__Thermoplasmatota,Host,1
Glucose oxidizer,False,d__Archaea,p__Thermoplasmatota,Neither,3
Glucose oxidizer,False,d__Bacteria,p__Actinobacteriota,Environment,3
Glucose oxidizer,False,d__Bacteria,p__Actinobacteriota,Host,38
Glucose oxidizer,False,d__Bacteria,p__Actinobacteriota,Neither,46
Glucose oxidizer,True,d__Bacteria,p__Actinobacteriota,Environment,4
Glucose oxidizer,True,d__Bacteria,p__Actinobacteriota,Host,1
Glucose oxidizer,True,d__Bacteria,p__Actinobacteriota,Neither,4
Glucose oxidizer,False,d__Bacteria,p__Armatimonadota,Neither,1
Glucose oxidizer,False,d__Bacteria,p__Bacteroidota,Host,217
Glucose oxidizer,False,d__Bacteria,p__Bacteroidota,Neither,128
Glucose oxidizer,False,d__Bacteria,p__Campylobacterota,Host,6
Glucose oxidizer,False,d__Bacteria,p__Campylobacterota,Neither,14
Glucose oxidizer,False,d__Bacteria,p__Chloroflexota,Neither,1
Glucose oxidizer,False,d__Bacteria,p__Cyanobacteria,Host,13
Glucose oxidizer,False,d__Bacteria,p__Cyanobacteria,Neither,2
Glucose oxidizer,False,d__Bacteria,p__Deferribacterota,Neither,1
Glucose oxidizer,False,d__Bacteria,p__Desulfobacterota_A,Host,5
Glucose oxidizer,False,d__Bacteria,p__Desulfobacterota_A,Neither,3
Glucose oxidizer,False,d__Bacteria,p__Elusimicrobiota,Host,4
Glucose oxidizer,False,d__Bacteria,p__Elusimicrobiota,Neither,2
Glucose oxidizer,False,d__Bacteria,p__Eremiobacterota,Neither,1
Glucose oxidizer,False,d__Bacteria,p__Fibrobacterota,Host,4
Glucose oxidizer,False,d__Bacteria,p__Firmicutes,Host,104
Glucose oxidizer,False,d__Bacteria,p__Firmicutes,Neither,84
Glucose oxidizer,False,d__Bacteria,p__Firmicutes_A,Host,438
Glucose oxidizer,False,d__Bacteria,p__Firmicutes_A,Neither,173
Glucose oxidizer,False,d__Bacteria,p__Firmicutes_B,Host,2
Glucose oxidizer,False,d__Bacteria,p__Firmicutes_B,Neither,2
Glucose oxidizer,False,d__Bacteria,p__Firmicutes_C,Host,16
Glucose oxidizer,False,d__Bacteria,p__Firmicutes_C,Neither,13
Glucose oxidizer,False,d__Bacteria,p__Fusobacteriota,Host,2
Glucose oxidizer,False,d__Bacteria,p__Fusobacteriota,Neither,15
Glucose oxidizer,False,d__Bacteria,p__Myxococcota,Host,2
Glucose oxidizer,False,d__Bacteria,p__Patescibacteria,Host,1
Glucose oxidizer,False,d__Bacteria,p__Patescibacteria,Neither,3
Glucose oxidizer,False,d__Bacteria,p__Planctomycetota,Host,1
Glucose oxidizer,False,d__Bacteria,p__Planctomycetota,Neither,1
Glucose oxidizer,False,d__Bacteria,p__Proteobacteria,Environment,3
Glucose oxidizer,False,d__Bacteria,p__Proteobacteria,Host,23
Glucose oxidizer,False,d__Bacteria,p__Proteobacteria,Neither,39
Glucose oxidizer,True,d__Bacteria,p__Proteobacteria,Environment,5
Glucose oxidizer,True,d__Bacteria,p__Proteobacteria,Host,1
Glucose oxidizer,True,d__Bacteria,p__Proteobacteria,Neither,1
Glucose oxidizer,False,d__Bacteria,p__Spirochaetota,Host,31
Glucose oxidizer,False,d__Bacteria,p__Spirochaetota,Neither,8
Glucose oxidizer,False,d__Bacteria,p__Synergistota,Neither,4
Glucose oxidizer,False,d__Bacteria,p__Verrucomicrobiota,Host,13
Glucose oxidizer,False,d__Bacteria,p__Verrucomicrobiota,Neither,14
Glucose oxidizer,False,d__Bacteria,p__Verrucomicrobiota_A,Host,1
Glucose oxidizer,False,d__Bacteria,p__Verrucomicrobiota_A,Neither,1
Glycerol,False,d__Archaea,p__Euryarchaeota,Host,5
Glycerol,False,d__Archaea,p__Halobacterota,Host,1
Glycerol,False,d__Archaea,p__Halobacterota,Neither,3
Glycerol,False,d__Archaea,p__Thermoplasmatota,Host,1
Glycerol,False,d__Archaea,p__Thermoplasmatota,Neither,3
Glycerol,False,d__Bacteria,p__Actinobacteriota,Environment,5
Glycerol,False,d__Bacteria,p__Actinobacteriota,Host,39
Glycerol,False,d__Bacteria,p__Actinobacteriota,Neither,50
Glycerol,True,d__Bacteria,p__Actinobacteriota,Environment,2
Glycerol,False,d__Bacteria,p__Armatimonadota,Neither,1
Glycerol,False,d__Bacteria,p__Bacteroidota,Host,214
Glycerol,False,d__Bacteria,p__Bacteroidota,Neither,126
Glycerol,True,d__Bacteria,p__Bacteroidota,Host,3
Glycerol,True,d__Bacteria,p__Bacteroidota,Neither,2
Glycerol,False,d__Bacteria,p__Campylobacterota,Host,6
Glycerol,False,d__Bacteria,p__Campylobacterota,Neither,14
Glycerol,False,d__Bacteria,p__Chloroflexota,Neither,1
Glycerol,False,d__Bacteria,p__Cyanobacteria,Host,13
Glycerol,False,d__Bacteria,p__Cyanobacteria,Neither,2
Glycerol,False,d__Bacteria,p__Deferribacterota,Neither,1
Glycerol,False,d__Bacteria,p__Desulfobacterota_A,Host,5
Glycerol,False,d__Bacteria,p__Desulfobacterota_A,Neither,3
Glycerol,False,d__Bacteria,p__Elusimicrobiota,Host,4
Glycerol,False,d__Bacteria,p__Elusimicrobiota,Neither,2
Glycerol,False,d__Bacteria,p__Eremiobacterota,Neither,1
Glycerol,False,d__Bacteria,p__Fibrobacterota,Host,4
Glycerol,False,d__Bacteria,p__Firmicutes,Host,102
Glycerol,False,d__Bacteria,p__Firmicutes,Neither,84
Glycerol,True,d__Bacteria,p__Firmicutes,Host,2
Glycerol,False,d__Bacteria,p__Firmicutes_A,Host,432
Glycerol,False,d__Bacteria,p__Firmicutes_A,Neither,171
Glycerol,True,d__Bacteria,p__Firmicutes_A,Host,6
Glycerol,True,d__Bacteria,p__Firmicutes_A,Neither,2
Glycerol,False,d__Bacteria,p__Firmicutes_B,Host,2
Glycerol,False,d__Bacteria,p__Firmicutes_B,Neither,2
Glycerol,False,d__Bacteria,p__Firmicutes_C,Host,15
Glycerol,False,d__Bacteria,p__Firmicutes_C,Neither,12
Glycerol,True,d__Bacteria,p__Firmicutes_C,Host,1
Glycerol,True,d__Bacteria,p__Firmicutes_C,Neither,1
Glycerol,False,d__Bacteria,p__Fusobacteriota,Host,2
Glycerol,False,d__Bacteria,p__Fusobacteriota,Neither,14
Glycerol,True,d__Bacteria,p__Fusobacteriota,Neither,1
Glycerol,False,d__Bacteria,p__Myxococcota,Host,2
Glycerol,False,d__Bacteria,p__Patescibacteria,Host,1
Glycerol,False,d__Bacteria,p__Patescibacteria,Neither,3
Glycerol,False,d__Bacteria,p__Planctomycetota,Host,1
Glycerol,False,d__Bacteria,p__Planctomycetota,Neither,1
Glycerol,False,d__Bacteria,p__Proteobacteria,Environment,5
Glycerol,False,d__Bacteria,p__Proteobacteria,Host,21
Glycerol,False,d__Bacteria,p__Proteobacteria,Neither,38
Glycerol,True,d__Bacteria,p__Proteobacteria,Environment,3
Glycerol,True,d__Bacteria,p__Proteobacteria,Host,3
Glycerol,True,d__Bacteria,p__Proteobacteria,Neither,2
Glycerol,False,d__Bacteria,p__Spirochaetota,Host,31
Glycerol,False,d__Bacteria,p__Spirochaetota,Neither,8
Glycerol,False,d__Bacteria,p__Synergistota,Neither,4
Glycerol,False,d__Bacteria,p__Verrucomicrobiota,Host,12
Glycerol,False,d__Bacteria,p__Verrucomicrobiota,Neither,14
Glycerol,True,d__Bacteria,p__Verrucomicrobiota,Host,1
Glycerol,False,d__Bacteria,p__Verrucomicrobiota_A,Host,1
Glycerol,False,d__Bacteria,p__Verrucomicrobiota_A,Neither,1
Gram negative,False,d__Archaea,p__Euryarchaeota,Host,5
Gram negative,False,d__Archaea,p__Halobacterota,Host,1
Gram negative,False,d__Archaea,p__Halobacterota,Neither,3
Gram negative,False,d__Archaea,p__Thermoplasmatota,Host,1
Gram negative,False,d__Archaea,p__Thermoplasmatota,Neither,3
Gram negative,False,d__Bacteria,p__Actinobacteriota,Environment,7
Gram negative,False,d__Bacteria,p__Actinobacteriota,Host,39
Gram negative,False,d__Bacteria,p__Actinobacteriota,Neither,50
Gram negative,True,d__Bacteria,p__Armatimonadota,Neither,1
Gram negative,False,d__Bacteria,p__Bacteroidota,Host,1
Gram negative,False,d__Bacteria,p__Bacteroidota,Neither,2
Gram negative,True,d__Bacteria,p__Bacteroidota,Host,216
Gram negative,True,d__Bacteria,p__Bacteroidota,Neither,126
Gram negative,True,d__Bacteria,p__Campylobacterota,Host,6
Gram negative,True,d__Bacteria,p__Campylobacterota,Neither,14
Gram negative,False,d__Bacteria,p__Chloroflexota,Neither,1
Gram negative,True,d__Bacteria,p__Cyanobacteria,Host,13
Gram negative,True,d__Bacteria,p__Cyanobacteria,Neither,2
Gram negative,True,d__Bacteria,p__Deferribacterota,Neither,1
Gram negative,True,d__Bacteria,p__Desulfobacterota_A,Host,5
Gram negative,True,d__Bacteria,p__Desulfobacterota_A,Neither,3
Gram negative,True,d__Bacteria,p__Elusimicrobiota,Host,4
Gram negative,True,d__Bacteria,p__Elusimicrobiota,Neither,2
Gram negative,True,d__Bacteria,p__Eremiobacterota,Neither,1
Gram negative,True,d__Bacteria,p__Fibrobacterota,Host,4
Gram negative,False,d__Bacteria,p__Firmicutes,Host,102
Gram negative,False,d__Bacteria,p__Firmicutes,Neither,84
Gram negative,True,d__Bacteria,p__Firmicutes,Host,2
Gram negative,False,d__Bacteria,p__Firmicutes_A,Host,437
Gram negative,False,d__Bacteria,p__Firmicutes_A,Neither,173
Gram negative,True,d__Bacteria,p__Firmicutes_A,Host,1
Gram negative,False,d__Bacteria,p__Firmicutes_B,Host,2
Gram negative,False,d__Bacteria,p__Firmicutes_B,Neither,2
Gram negative,True,d__Bacteria,p__Firmicutes_C,Host,16
Gram negative,True,d__Bacteria,p__Firmicutes_C,Neither,13
Gram negative,False,d__Bacteria,p__Fusobacteriota,Neither,2
Gram negative,True,d__Bacteria,p__Fusobacteriota,Host,2
Gram negative,True,d__Bacteria,p__Fusobacteriota,Neither,13
Gram negative,True,d__Bacteria,p__Myxococcota,Host,2
Gram negative,False,d__Bacteria,p__Patescibacteria,Host,1
Gram negative,False,d__Bacteria,p__Patescibacteria,Neither,3
Gram negative,True,d__Bacteria,p__Planctomycetota,Host,1
Gram negative,True,d__Bacteria,p__Planctomycetota,Neither,1
Gram negative,True,d__Bacteria,p__Proteobacteria,Environment,8
Gram negative,True,d__Bacteria,p__Proteobacteria,Host,24
Gram negative,True,d__Bacteria,p__Proteobacteria,Neither,40
Gram negative,False,d__Bacteria,p__Spirochaetota,Host,5
Gram negative,True,d__Bacteria,p__Spirochaetota,Host,26
Gram negative,True,d__Bacteria,p__Spirochaetota,Neither,8
Gram negative,True,d__Bacteria,p__Synergistota,Neither,4
Gram negative,False,d__Bacteria,p__Verrucomicrobiota,Host,2
Gram negative,False,d__Bacteria,p__Verrucomicrobiota,Neither,2
Gram negative,True,d__Bacteria,p__Verrucomicrobiota,Host,11
Gram negative,True,d__Bacteria,p__Verrucomicrobiota,Neither,12
Gram negative,True,d__Bacteria,p__Verrucomicrobiota_A,Host,1
Gram negative,True,d__Bacteria,p__Verrucomicrobiota_A,Neither,1
Gram positive,False,d__Archaea,p__Euryarchaeota,Host,5
Gram positive,False,d__Archaea,p__Halobacterota,Host,1
Gram positive,False,d__Archaea,p__Halobacterota,Neither,3
Gram positive,False,d__Archaea,p__Thermoplasmatota,Host,1
Gram positive,False,d__Archaea,p__Thermoplasmatota,Neither,3
Gram positive,False,d__Bacteria,p__Actinobacteriota,Neither,3
Gram positive,True,d__Bacteria,p__Actinobacteriota,Environment,7
Gram positive,True,d__Bacteria,p__Actinobacteriota,Host,39
Gram positive,True,d__Bacteria,p__Actinobacteriota,Neither,47
Gram positive,False,d__Bacteria,p__Armatimonadota,Neither,1
Gram positive,False,d__Bacteria,p__Bacteroidota,Host,217
Gram positive,False,d__Bacteria,p__Bacteroidota,Neither,128
Gram positive,False,d__Bacteria,p__Campylobacterota,Host,6
Gram positive,False,d__Bacteria,p__Campylobacterota,Neither,14
Gram positive,False,d__Bacteria,p__Chloroflexota,Neither,1
Gram positive,False,d__Bacteria,p__Cyanobacteria,Host,13
Gram positive,False,d__Bacteria,p__Cyanobacteria,Neither,2
Gram positive,False,d__Bacteria,p__Deferribacterota,Neither,1
Gram positive,False,d__Bacteria,p__Desulfobacterota_A,Host,5
Gram positive,False,d__Bacteria,p__Desulfobacterota_A,Neither,3
Gram positive,False,d__Bacteria,p__Elusimicrobiota,Host,4
Gram positive,False,d__Bacteria,p__Elusimicrobiota,Neither,2
Gram positive,False,d__Bacteria,p__Eremiobacterota,Neither,1
Gram positive,False,d__Bacteria,p__Fibrobacterota,Host,4
Gram positive,False,d__Bacteria,p__Firmicutes,Host,15
Gram positive,False,d__Bacteria,p__Firmicutes,Neither,27
Gram positive,True,d__Bacteria,p__Firmicutes,Host,89
Gram positive,True,d__Bacteria,p__Firmicutes,Neither,57
Gram positive,False,d__Bacteria,p__Firmicutes_A,Host,43
Gram positive,False,d__Bacteria,p__Firmicutes_A,Neither,33
Gram positive,True,d__Bacteria,p__Firmicutes_A,Host,395
Gram positive,True,d__Bacteria,p__Firmicutes_A,Neither,140
Gram positive,True,d__Bacteria,p__Firmicutes_B,Host,2
Gram positive,True,d__Bacteria,p__Firmicutes_B,Neither,2
Gram positive,False,d__Bacteria,p__Firmicutes_C,Host,15
Gram positive,False,d__Bacteria,p__Firmicutes_C,Neither,13
Gram positive,True,d__Bacteria,p__Firmicutes_C,Host,1
Gram positive,False,d__Bacteria,p__Fusobacteriota,Host,2
Gram positive,False,d__Bacteria,p__Fusobacteriota,Neither,15
Gram positive,False,d__Bacteria,p__Myxococcota,Host,2
Gram positive,False,d__Bacteria,p__Patescibacteria,Host,1
Gram positive,False,d__Bacteria,p__Patescibacteria,Neither,2
Gram positive,True,d__Bacteria,p__Patescibacteria,Neither,1
Gram positive,False,d__Bacteria,p__Planctomycetota,Host,1
Gram positive,False,d__Bacteria,p__Planctomycetota,Neither,1
Gram positive,False,d__Bacteria,p__Proteobacteria,Environment,8
Gram positive,False,d__Bacteria,p__Proteobacteria,Host,24
Gram positive,False,d__Bacteria,p__Proteobacteria,Neither,40
Gram positive,False,d__Bacteria,p__Spirochaetota,Host,31
Gram positive,False,d__Bacteria,p__Spirochaetota,Neither,8
Gram positive,False,d__Bacteria,p__Synergistota,Neither,4
Gram positive,False,d__Bacteria,p__Verrucomicrobiota,Host,13
Gram positive,False,d__Bacteria,p__Verrucomicrobiota,Neither,14
Gram positive,False,d__Bacteria,p__Verrucomicrobiota_A,Host,1
Gram positive,False,d__Bacteria,p__Verrucomicrobiota_A,Neither,1
Growth at 42¬∞C,True,d__Archaea,p__Euryarchaeota,Host,5
Growth at 42¬∞C,False,d__Archaea,p__Halobacterota,Host,1
Growth at 42¬∞C,False,d__Archaea,p__Halobacterota,Neither,3
Growth at 42¬∞C,False,d__Archaea,p__Thermoplasmatota,Host,1
Growth at 42¬∞C,False,d__Archaea,p__Thermoplasmatota,Neither,3
Growth at 42¬∞C,False,d__Bacteria,p__Actinobacteriota,Environment,5
Growth at 42¬∞C,False,d__Bacteria,p__Actinobacteriota,Host,21
Growth at 42¬∞C,False,d__Bacteria,p__Actinobacteriota,Neither,33
Growth at 42¬∞C,True,d__Bacteria,p__Actinobacteriota,Environment,2
Growth at 42¬∞C,True,d__Bacteria,p__Actinobacteriota,Host,18
Growth at 42¬∞C,True,d__Bacteria,p__Actinobacteriota,Neither,17
Growth at 42¬∞C,False,d__Bacteria,p__Armatimonadota,Neither,1
Growth at 42¬∞C,False,d__Bacteria,p__Bacteroidota,Host,28
Growth at 42¬∞C,False,d__Bacteria,p__Bacteroidota,Neither,20
Growth at 42¬∞C,True,d__Bacteria,p__Bacteroidota,Host,189
Growth at 42¬∞C,True,d__Bacteria,p__Bacteroidota,Neither,108
Growth at 42¬∞C,False,d__Bacteria,p__Campylobacterota,Host,4
Growth at 42¬∞C,False,d__Bacteria,p__Campylobacterota,Neither,8
Growth at 42¬∞C,True,d__Bacteria,p__Campylobacterota,Host,2
Growth at 42¬∞C,True,d__Bacteria,p__Campylobacterota,Neither,6
Growth at 42¬∞C,False,d__Bacteria,p__Chloroflexota,Neither,1
Growth at 42¬∞C,False,d__Bacteria,p__Cyanobacteria,Host,9
Growth at 42¬∞C,False,d__Bacteria,p__Cyanobacteria,Neither,2
Growth at 42¬∞C,True,d__Bacteria,p__Cyanobacteria,Host,4
Growth at 42¬∞C,False,d__Bacteria,p__Deferribacterota,Neither,1
Growth at 42¬∞C,False,d__Bacteria,p__Desulfobacterota_A,Host,3
Growth at 42¬∞C,False,d__Bacteria,p__Desulfobacterota_A,Neither,2
Growth at 42¬∞C,True,d__Bacteria,p__Desulfobacterota_A,Host,2
Growth at 42¬∞C,True,d__Bacteria,p__Desulfobacterota_A,Neither,1
Growth at 42¬∞C,False,d__Bacteria,p__Elusimicrobiota,Host,4
Growth at 42¬∞C,False,d__Bacteria,p__Elusimicrobiota,Neither,2
Growth at 42¬∞C,True,d__Bacteria,p__Eremiobacterota,Neither,1
Growth at 42¬∞C,False,d__Bacteria,p__Fibrobacterota,Host,2
Growth at 42¬∞C,True,d__Bacteria,p__Fibrobacterota,Host,2
Growth at 42¬∞C,False,d__Bacteria,p__Firmicutes,Host,39
Growth at 42¬∞C,False,d__Bacteria,p__Firmicutes,Neither,41
Growth at 42¬∞C,True,d__Bacteria,p__Firmicutes,Host,65
Growth at 42¬∞C,True,d__Bacteria,p__Firmicutes,Neither,43
Growth at 42¬∞C,False,d__Bacteria,p__Firmicutes_A,Host,96
Growth at 42¬∞C,False,d__Bacteria,p__Firmicutes_A,Neither,77
Growth at 42¬∞C,True,d__Bacteria,p__Firmicutes_A,Host,342
Growth at 42¬∞C,True,d__Bacteria,p__Firmicutes_A,Neither,96
Growth at 42¬∞C,False,d__Bacteria,p__Firmicutes_B,Neither,1
Growth at 42¬∞C,True,d__Bacteria,p__Firmicutes_B,Host,2
Growth at 42¬∞C,True,d__Bacteria,p__Firmicutes_B,Neither,1
Growth at 42¬∞C,False,d__Bacteria,p__Firmicutes_C,Host,11
Growth at 42¬∞C,False,d__Bacteria,p__Firmicutes_C,Neither,11
Growth at 42¬∞C,True,d__Bacteria,p__Firmicutes_C,Host,5
Growth at 42¬∞C,True,d__Bacteria,p__Firmicutes_C,Neither,2
Growth at 42¬∞C,False,d__Bacteria,p__Fusobacteriota,Neither,4
Growth at 42¬∞C,True,d__Bacteria,p__Fusobacteriota,Host,2
Growth at 42¬∞C,True,d__Bacteria,p__Fusobacteriota,Neither,11
Growth at 42¬∞C,True,d__Bacteria,p__Myxococcota,Host,2
Growth at 42¬∞C,False,d__Bacteria,p__Patescibacteria,Host,1
Growth at 42¬∞C,False,d__Bacteria,p__Patescibacteria,Neither,3
Growth at 42¬∞C,False,d__Bacteria,p__Planctomycetota,Host,1
Growth at 42¬∞C,False,d__Bacteria,p__Planctomycetota,Neither,1
Growth at 42¬∞C,False,d__Bacteria,p__Proteobacteria,Environment,4
Growth at 42¬∞C,False,d__Bacteria,p__Proteobacteria,Host,19
Growth at 42¬∞C,False,d__Bacteria,p__Proteobacteria,Neither,30
Growth at 42¬∞C,True,d__Bacteria,p__Proteobacteria,Environment,4
Growth at 42¬∞C,True,d__Bacteria,p__Proteobacteria,Host,5
Growth at 42¬∞C,True,d__Bacteria,p__Proteobacteria,Neither,10
Growth at 42¬∞C,False,d__Bacteria,p__Spirochaetota,Host,6
Growth at 42¬∞C,False,d__Bacteria,p__Spirochaetota,Neither,4
Growth at 42¬∞C,True,d__Bacteria,p__Spirochaetota,Host,25
Growth at 42¬∞C,True,d__Bacteria,p__Spirochaetota,Neither,4
Growth at 42¬∞C,False,d__Bacteria,p__Synergistota,Neither,4
Growth at 42¬∞C,False,d__Bacteria,p__Verrucomicrobiota,Host,11
Growth at 42¬∞C,False,d__Bacteria,p__Verrucomicrobiota,Neither,9
Growth at 42¬∞C,True,d__Bacteria,p__Verrucomicrobiota,Host,2
Growth at 42¬∞C,True,d__Bacteria,p__Verrucomicrobiota,Neither,5
Growth at 42¬∞C,False,d__Bacteria,p__Verrucomicrobiota_A,Host,1
Growth at 42¬∞C,False,d__Bacteria,p__Verrucomicrobiota_A,Neither,1
Growth in 6.5% NaCl,False,d__Archaea,p__Euryarchaeota,Host,5
Growth in 6.5% NaCl,False,d__Archaea,p__Halobacterota,Host,1
Growth in 6.5% NaCl,False,d__Archaea,p__Halobacterota,Neither,3
Growth in 6.5% NaCl,False,d__Archaea,p__Thermoplasmatota,Host,1
Growth in 6.5% NaCl,False,d__Archaea,p__Thermoplasmatota,Neither,3
Growth in 6.5% NaCl,False,d__Bacteria,p__Actinobacteriota,Environment,2
Growth in 6.5% NaCl,False,d__Bacteria,p__Actinobacteriota,Host,34
Growth in 6.5% NaCl,False,d__Bacteria,p__Actinobacteriota,Neither,32
Growth in 6.5% NaCl,True,d__Bacteria,p__Actinobacteriota,Environment,5
Growth in 6.5% NaCl,True,d__Bacteria,p__Actinobacteriota,Host,5
Growth in 6.5% NaCl,True,d__Bacteria,p__Actinobacteriota,Neither,18
Growth in 6.5% NaCl,False,d__Bacteria,p__Armatimonadota,Neither,1
Growth in 6.5% NaCl,False,d__Bacteria,p__Bacteroidota,Host,217
Growth in 6.5% NaCl,False,d__Bacteria,p__Bacteroidota,Neither,128
Growth in 6.5% NaCl,False,d__Bacteria,p__Campylobacterota,Host,6
Growth in 6.5% NaCl,False,d__Bacteria,p__Campylobacterota,Neither,14
Growth in 6.5% NaCl,False,d__Bacteria,p__Chloroflexota,Neither,1
Growth in 6.5% NaCl,False,d__Bacteria,p__Cyanobacteria,Host,13
Growth in 6.5% NaCl,False,d__Bacteria,p__Cyanobacteria,Neither,2
Growth in 6.5% NaCl,False,d__Bacteria,p__Deferribacterota,Neither,1
Growth in 6.5% NaCl,False,d__Bacteria,p__Desulfobacterota_A,Host,5
Growth in 6.5% NaCl,False,d__Bacteria,p__Desulfobacterota_A,Neither,3
Growth in 6.5% NaCl,False,d__Bacteria,p__Elusimicrobiota,Host,4
Growth in 6.5% NaCl,False,d__Bacteria,p__Elusimicrobiota,Neither,2
Growth in 6.5% NaCl,False,d__Bacteria,p__Eremiobacterota,Neither,1
Growth in 6.5% NaCl,False,d__Bacteria,p__Fibrobacterota,Host,4
Growth in 6.5% NaCl,False,d__Bacteria,p__Firmicutes,Host,88
Growth in 6.5% NaCl,False,d__Bacteria,p__Firmicutes,Neither,76
Growth in 6.5% NaCl,True,d__Bacteria,p__Firmicutes,Host,16
Growth in 6.5% NaCl,True,d__Bacteria,p__Firmicutes,Neither,8
Growth in 6.5% NaCl,False,d__Bacteria,p__Firmicutes_A,Host,436
Growth in 6.5% NaCl,False,d__Bacteria,p__Firmicutes_A,Neither,173
Growth in 6.5% NaCl,True,d__Bacteria,p__Firmicutes_A,Host,2
Growth in 6.5% NaCl,False,d__Bacteria,p__Firmicutes_B,Host,2
Growth in 6.5% NaCl,False,d__Bacteria,p__Firmicutes_B,Neither,2
Growth in 6.5% NaCl,False,d__Bacteria,p__Firmicutes_C,Host,16
Growth in 6.5% NaCl,False,d__Bacteria,p__Firmicutes_C,Neither,13
Growth in 6.5% NaCl,False,d__Bacteria,p__Fusobacteriota,Host,2
Growth in 6.5% NaCl,False,d__Bacteria,p__Fusobacteriota,Neither,15
Growth in 6.5% NaCl,False,d__Bacteria,p__Myxococcota,Host,2
Growth in 6.5% NaCl,False,d__Bacteria,p__Patescibacteria,Host,1
Growth in 6.5% NaCl,False,d__Bacteria,p__Patescibacteria,Neither,3
Growth in 6.5% NaCl,False,d__Bacteria,p__Planctomycetota,Host,1
Growth in 6.5% NaCl,False,d__Bacteria,p__Planctomycetota,Neither,1
Growth in 6.5% NaCl,False,d__Bacteria,p__Proteobacteria,Environment,8
Growth in 6.5% NaCl,False,d__Bacteria,p__Proteobacteria,Host,24
Growth in 6.5% NaCl,False,d__Bacteria,p__Proteobacteria,Neither,37
Growth in 6.5% NaCl,True,d__Bacteria,p__Proteobacteria,Neither,3
Growth in 6.5% NaCl,False,d__Bacteria,p__Spirochaetota,Host,31
Growth in 6.5% NaCl,False,d__Bacteria,p__Spirochaetota,Neither,8
Growth in 6.5% NaCl,False,d__Bacteria,p__Synergistota,Neither,4
Growth in 6.5% NaCl,False,d__Bacteria,p__Verrucomicrobiota,Host,13
Growth in 6.5% NaCl,False,d__Bacteria,p__Verrucomicrobiota,Neither,14
Growth in 6.5% NaCl,False,d__Bacteria,p__Verrucomicrobiota_A,Host,1
Growth in 6.5% NaCl,False,d__Bacteria,p__Verrucomicrobiota_A,Neither,1
Growth in KCN,False,d__Archaea,p__Euryarchaeota,Host,4
Growth in KCN,True,d__Archaea,p__Euryarchaeota,Host,1
Growth in KCN,False,d__Archaea,p__Halobacterota,Host,1
Growth in KCN,False,d__Archaea,p__Halobacterota,Neither,3
Growth in KCN,False,d__Archaea,p__Thermoplasmatota,Host,1
Growth in KCN,False,d__Archaea,p__Thermoplasmatota,Neither,3
Growth in KCN,False,d__Bacteria,p__Actinobacteriota,Environment,7
Growth in KCN,False,d__Bacteria,p__Actinobacteriota,Host,36
Growth in KCN,False,d__Bacteria,p__Actinobacteriota,Neither,49
Growth in KCN,True,d__Bacteria,p__Actinobacteriota,Host,3
Growth in KCN,True,d__Bacteria,p__Actinobacteriota,Neither,1
Growth in KCN,False,d__Bacteria,p__Armatimonadota,Neither,1
Growth in KCN,False,d__Bacteria,p__Bacteroidota,Host,215
Growth in KCN,False,d__Bacteria,p__Bacteroidota,Neither,125
Growth in KCN,True,d__Bacteria,p__Bacteroidota,Host,2
Growth in KCN,True,d__Bacteria,p__Bacteroidota,Neither,3
Growth in KCN,False,d__Bacteria,p__Campylobacterota,Host,4
Growth in KCN,False,d__Bacteria,p__Campylobacterota,Neither,9
Growth in KCN,True,d__Bacteria,p__Campylobacterota,Host,2
Growth in KCN,True,d__Bacteria,p__Campylobacterota,Neither,5
Growth in KCN,False,d__Bacteria,p__Chloroflexota,Neither,1
Growth in KCN,False,d__Bacteria,p__Cyanobacteria,Host,13
Growth in KCN,False,d__Bacteria,p__Cyanobacteria,Neither,2
Growth in KCN,False,d__Bacteria,p__Deferribacterota,Neither,1
Growth in KCN,False,d__Bacteria,p__Desulfobacterota_A,Host,5
Growth in KCN,False,d__Bacteria,p__Desulfobacterota_A,Neither,3
Growth in KCN,False,d__Bacteria,p__Elusimicrobiota,Host,4
Growth in KCN,False,d__Bacteria,p__Elusimicrobiota,Neither,2
Growth in KCN,False,d__Bacteria,p__Eremiobacterota,Neither,1
Growth in KCN,False,d__Bacteria,p__Fibrobacterota,Host,4
Growth in KCN,False,d__Bacteria,p__Firmicutes,Host,103
Growth in KCN,False,d__Bacteria,p__Firmicutes,Neither,83
Growth in KCN,True,d__Bacteria,p__Firmicutes,Host,1
Growth in KCN,True,d__Bacteria,p__Firmicutes,Neither,1
Growth in KCN,False,d__Bacteria,p__Firmicutes_A,Host,438
Growth in KCN,False,d__Bacteria,p__Firmicutes_A,Neither,173
Growth in KCN,False,d__Bacteria,p__Firmicutes_B,Host,2
Growth in KCN,False,d__Bacteria,p__Firmicutes_B,Neither,2
Growth in KCN,False,d__Bacteria,p__Firmicutes_C,Host,16
Growth in KCN,False,d__Bacteria,p__Firmicutes_C,Neither,13
Growth in KCN,False,d__Bacteria,p__Fusobacteriota,Host,2
Growth in KCN,False,d__Bacteria,p__Fusobacteriota,Neither,15
Growth in KCN,False,d__Bacteria,p__Myxococcota,Host,2
Growth in KCN,False,d__Bacteria,p__Patescibacteria,Host,1
Growth in KCN,False,d__Bacteria,p__Patescibacteria,Neither,3
Growth in KCN,False,d__Bacteria,p__Planctomycetota,Host,1
Growth in KCN,False,d__Bacteria,p__Planctomycetota,Neither,1
Growth in KCN,False,d__Bacteria,p__Proteobacteria,Environment,2
Growth in KCN,False,d__Bacteria,p__Proteobacteria,Host,21
Growth in KCN,False,d__Bacteria,p__Proteobacteria,Neither,24
Growth in KCN,True,d__Bacteria,p__Proteobacteria,Environment,6
Growth in KCN,True,d__Bacteria,p__Proteobacteria,Host,3
Growth in KCN,True,d__Bacteria,p__Proteobacteria,Neither,16
Growth in KCN,False,d__Bacteria,p__Spirochaetota,Host,31
Growth in KCN,False,d__Bacteria,p__Spirochaetota,Neither,8
Growth in KCN,False,d__Bacteria,p__Synergistota,Neither,4
Growth in KCN,False,d__Bacteria,p__Verrucomicrobiota,Host,13
Growth in KCN,False,d__Bacteria,p__Verrucomicrobiota,Neither,14
Growth in KCN,False,d__Bacteria,p__Verrucomicrobiota_A,Host,1
Growth in KCN,False,d__Bacteria,p__Verrucomicrobiota_A,Neither,1
Growth on MacConkey agar,False,d__Archaea,p__Euryarchaeota,Host,5
Growth on MacConkey agar,False,d__Archaea,p__Halobacterota,Host,1
Growth on MacConkey agar,False,d__Archaea,p__Halobacterota,Neither,3
Growth on MacConkey agar,False,d__Archaea,p__Thermoplasmatota,Host,1
Growth on MacConkey agar,False,d__Archaea,p__Thermoplasmatota,Neither,3
Growth on MacConkey agar,False,d__Bacteria,p__Actinobacteriota,Environment,7
Growth on MacConkey agar,False,d__Bacteria,p__Actinobacteriota,Host,39
Growth on MacConkey agar,False,d__Bacteria,p__Actinobacteriota,Neither,50
Growth on MacConkey agar,False,d__Bacteria,p__Armatimonadota,Neither,1
Growth on MacConkey agar,False,d__Bacteria,p__Bacteroidota,Host,217
Growth on MacConkey agar,False,d__Bacteria,p__Bacteroidota,Neither,128
Growth on MacConkey agar,False,d__Bacteria,p__Campylobacterota,Host,6
Growth on MacConkey agar,False,d__Bacteria,p__Campylobacterota,Neither,14
Growth on MacConkey agar,False,d__Bacteria,p__Chloroflexota,Neither,1
Growth on MacConkey agar,False,d__Bacteria,p__Cyanobacteria,Host,13
Growth on MacConkey agar,False,d__Bacteria,p__Cyanobacteria,Neither,2
Growth on MacConkey agar,False,d__Bacteria,p__Deferribacterota,Neither,1
Growth on MacConkey agar,False,d__Bacteria,p__Desulfobacterota_A,Host,5
Growth on MacConkey agar,False,d__Bacteria,p__Desulfobacterota_A,Neither,3
Growth on MacConkey agar,False,d__Bacteria,p__Elusimicrobiota,Host,4
Growth on MacConkey agar,False,d__Bacteria,p__Elusimicrobiota,Neither,2
Growth on MacConkey agar,False,d__Bacteria,p__Eremiobacterota,Neither,1
Growth on MacConkey agar,False,d__Bacteria,p__Fibrobacterota,Host,4
Growth on MacConkey agar,False,d__Bacteria,p__Firmicutes,Host,104
Growth on MacConkey agar,False,d__Bacteria,p__Firmicutes,Neither,84
Growth on MacConkey agar,False,d__Bacteria,p__Firmicutes_A,Host,438
Growth on MacConkey agar,False,d__Bacteria,p__Firmicutes_A,Neither,173
Growth on MacConkey agar,False,d__Bacteria,p__Firmicutes_B,Host,2
Growth on MacConkey agar,False,d__Bacteria,p__Firmicutes_B,Neither,2
Growth on MacConkey agar,False,d__Bacteria,p__Firmicutes_C,Host,16
Growth on MacConkey agar,False,d__Bacteria,p__Firmicutes_C,Neither,13
Growth on MacConkey agar,False,d__Bacteria,p__Fusobacteriota,Host,2
Growth on MacConkey agar,False,d__Bacteria,p__Fusobacteriota,Neither,15
Growth on MacConkey agar,False,d__Bacteria,p__Myxococcota,Host,2
Growth on MacConkey agar,False,d__Bacteria,p__Patescibacteria,Host,1
Growth on MacConkey agar,False,d__Bacteria,p__Patescibacteria,Neither,3
Growth on MacConkey agar,False,d__Bacteria,p__Planctomycetota,Host,1
Growth on MacConkey agar,False,d__Bacteria,p__Planctomycetota,Neither,1
Growth on MacConkey agar,False,d__Bacteria,p__Proteobacteria,Host,18
Growth on MacConkey agar,False,d__Bacteria,p__Proteobacteria,Neither,26
Growth on MacConkey agar,True,d__Bacteria,p__Proteobacteria,Environment,8
Growth on MacConkey agar,True,d__Bacteria,p__Proteobacteria,Host,6
Growth on MacConkey agar,True,d__Bacteria,p__Proteobacteria,Neither,14
Growth on MacConkey agar,False,d__Bacteria,p__Spirochaetota,Host,31
Growth on MacConkey agar,False,d__Bacteria,p__Spirochaetota,Neither,8
Growth on MacConkey agar,False,d__Bacteria,p__Synergistota,Neither,4
Growth on MacConkey agar,False,d__Bacteria,p__Verrucomicrobiota,Host,13
Growth on MacConkey agar,False,d__Bacteria,p__Verrucomicrobiota,Neither,14
Growth on MacConkey agar,False,d__Bacteria,p__Verrucomicrobiota_A,Host,1
Growth on MacConkey agar,False,d__Bacteria,p__Verrucomicrobiota_A,Neither,1
Growth on ordinary blood agar,False,d__Archaea,p__Euryarchaeota,Host,2
Growth on ordinary blood agar,True,d__Archaea,p__Euryarchaeota,Host,3
Growth on ordinary blood agar,False,d__Archaea,p__Halobacterota,Host,1
Growth on ordinary blood agar,True,d__Archaea,p__Halobacterota,Neither,3
Growth on ordinary blood agar,False,d__Archaea,p__Thermoplasmatota,Neither,1
Growth on ordinary blood agar,True,d__Archaea,p__Thermoplasmatota,Host,1
Growth on ordinary blood agar,True,d__Archaea,p__Thermoplasmatota,Neither,2
Growth on ordinary blood agar,False,d__Bacteria,p__Actinobacteriota,Host,1
Growth on ordinary blood agar,False,d__Bacteria,p__Actinobacteriota,Neither,2
Growth on ordinary blood agar,True,d__Bacteria,p__Actinobacteriota,Environment,7
Growth on ordinary blood agar,True,d__Bacteria,p__Actinobacteriota,Host,38
Growth on ordinary blood agar,True,d__Bacteria,p__Actinobacteriota,Neither,48
Growth on ordinary blood agar,True,d__Bacteria,p__Armatimonadota,Neither,1
Growth on ordinary blood agar,False,d__Bacteria,p__Bacteroidota,Host,10
Growth on ordinary blood agar,False,d__Bacteria,p__Bacteroidota,Neither,23
Growth on ordinary blood agar,True,d__Bacteria,p__Bacteroidota,Host,207
Growth on ordinary blood agar,True,d__Bacteria,p__Bacteroidota,Neither,105
Growth on ordinary blood agar,True,d__Bacteria,p__Campylobacterota,Host,6
Growth on ordinary blood agar,True,d__Bacteria,p__Campylobacterota,Neither,14
Growth on ordinary blood agar,False,d__Bacteria,p__Chloroflexota,Neither,1
Growth on ordinary blood agar,False,d__Bacteria,p__Cyanobacteria,Host,6
Growth on ordinary blood agar,False,d__Bacteria,p__Cyanobacteria,Neither,1
Growth on ordinary blood agar,True,d__Bacteria,p__Cyanobacteria,Host,7
Growth on ordinary blood agar,True,d__Bacteria,p__Cyanobacteria,Neither,1
Growth on ordinary blood agar,False,d__Bacteria,p__Deferribacterota,Neither,1
Growth on ordinary blood agar,False,d__Bacteria,p__Desulfobacterota_A,Neither,1
Growth on ordinary blood agar,True,d__Bacteria,p__Desulfobacterota_A,Host,5
Growth on ordinary blood agar,True,d__Bacteria,p__Desulfobacterota_A,Neither,2
Growth on ordinary blood agar,False,d__Bacteria,p__Elusimicrobiota,Host,3
Growth on ordinary blood agar,False,d__Bacteria,p__Elusimicrobiota,Neither,1
Growth on ordinary blood agar,True,d__Bacteria,p__Elusimicrobiota,Host,1
Growth on ordinary blood agar,True,d__Bacteria,p__Elusimicrobiota,Neither,1
Growth on ordinary blood agar,True,d__Bacteria,p__Eremiobacterota,Neither,1
Growth on ordinary blood agar,True,d__Bacteria,p__Fibrobacterota,Host,4
Growth on ordinary blood agar,False,d__Bacteria,p__Firmicutes,Host,39
Growth on ordinary blood agar,False,d__Bacteria,p__Firmicutes,Neither,26
Growth on ordinary blood agar,True,d__Bacteria,p__Firmicutes,Host,65
Growth on ordinary blood agar,True,d__Bacteria,p__Firmicutes,Neither,58
Growth on ordinary blood agar,False,d__Bacteria,p__Firmicutes_A,Host,31
Growth on ordinary blood agar,False,d__Bacteria,p__Firmicutes_A,Neither,36
Growth on ordinary blood agar,True,d__Bacteria,p__Firmicutes_A,Host,407
Growth on ordinary blood agar,True,d__Bacteria,p__Firmicutes_A,Neither,137
Growth on ordinary blood agar,True,d__Bacteria,p__Firmicutes_B,Host,2
Growth on ordinary blood agar,True,d__Bacteria,p__Firmicutes_B,Neither,2
Growth on ordinary blood agar,True,d__Bacteria,p__Firmicutes_C,Host,16
Growth on ordinary blood agar,True,d__Bacteria,p__Firmicutes_C,Neither,13
Growth on ordinary blood agar,False,d__Bacteria,p__Fusobacteriota,Neither,1
Growth on ordinary blood agar,True,d__Bacteria,p__Fusobacteriota,Host,2
Growth on ordinary blood agar,True,d__Bacteria,p__Fusobacteriota,Neither,14
Growth on ordinary blood agar,True,d__Bacteria,p__Myxococcota,Host,2
Growth on ordinary blood agar,False,d__Bacteria,p__Patescibacteria,Host,1
Growth on ordinary blood agar,False,d__Bacteria,p__Patescibacteria,Neither,3
Growth on ordinary blood agar,True,d__Bacteria,p__Planctomycetota,Host,1
Growth on ordinary blood agar,True,d__Bacteria,p__Planctomycetota,Neither,1
Growth on ordinary blood agar,False,d__Bacteria,p__Proteobacteria,Host,3
Growth on ordinary blood agar,False,d__Bacteria,p__Proteobacteria,Neither,9
Growth on ordinary blood agar,True,d__Bacteria,p__Proteobacteria,Environment,8
Growth on ordinary blood agar,True,d__Bacteria,p__Proteobacteria,Host,21
Growth on ordinary blood agar,True,d__Bacteria,p__Proteobacteria,Neither,31
Growth on ordinary blood agar,False,d__Bacteria,p__Spirochaetota,Host,29
Growth on ordinary blood agar,False,d__Bacteria,p__Spirochaetota,Neither,8
Growth on ordinary blood agar,True,d__Bacteria,p__Spirochaetota,Host,2
Growth on ordinary blood agar,True,d__Bacteria,p__Synergistota,Neither,4
Growth on ordinary blood agar,False,d__Bacteria,p__Verrucomicrobiota,Host,9
Growth on ordinary blood agar,False,d__Bacteria,p__Verrucomicrobiota,Neither,10
Growth on ordinary blood agar,True,d__Bacteria,p__Verrucomicrobiota,Host,4
Growth on ordinary blood agar,True,d__Bacteria,p__Verrucomicrobiota,Neither,4
Growth on ordinary blood agar,False,d__Bacteria,p__Verrucomicrobiota_A,Host,1
Growth on ordinary blood agar,False,d__Bacteria,p__Verrucomicrobiota_A,Neither,1
Hydrogen sulfide,False,d__Archaea,p__Euryarchaeota,Host,5
Hydrogen sulfide,False,d__Archaea,p__Halobacterota,Host,1
Hydrogen sulfide,False,d__Archaea,p__Halobacterota,Neither,3
Hydrogen sulfide,False,d__Archaea,p__Thermoplasmatota,Host,1
Hydrogen sulfide,False,d__Archaea,p__Thermoplasmatota,Neither,3
Hydrogen sulfide,False,d__Bacteria,p__Actinobacteriota,Environment,7
Hydrogen sulfide,False,d__Bacteria,p__Actinobacteriota,Host,27
Hydrogen sulfide,False,d__Bacteria,p__Actinobacteriota,Neither,45
Hydrogen sulfide,True,d__Bacteria,p__Actinobacteriota,Host,12
Hydrogen sulfide,True,d__Bacteria,p__Actinobacteriota,Neither,5
Hydrogen sulfide,False,d__Bacteria,p__Armatimonadota,Neither,1
Hydrogen sulfide,False,d__Bacteria,p__Bacteroidota,Host,161
Hydrogen sulfide,False,d__Bacteria,p__Bacteroidota,Neither,109
Hydrogen sulfide,True,d__Bacteria,p__Bacteroidota,Host,56
Hydrogen sulfide,True,d__Bacteria,p__Bacteroidota,Neither,19
Hydrogen sulfide,False,d__Bacteria,p__Campylobacterota,Host,6
Hydrogen sulfide,False,d__Bacteria,p__Campylobacterota,Neither,14
Hydrogen sulfide,False,d__Bacteria,p__Chloroflexota,Neither,1
Hydrogen sulfide,False,d__Bacteria,p__Cyanobacteria,Host,13
Hydrogen sulfide,False,d__Bacteria,p__Cyanobacteria,Neither,2
Hydrogen sulfide,False,d__Bacteria,p__Deferribacterota,Neither,1
Hydrogen sulfide,False,d__Bacteria,p__Desulfobacterota_A,Host,2
Hydrogen sulfide,False,d__Bacteria,p__Desulfobacterota_A,Neither,2
Hydrogen sulfide,True,d__Bacteria,p__Desulfobacterota_A,Host,3
Hydrogen sulfide,True,d__Bacteria,p__Desulfobacterota_A,Neither,1
Hydrogen sulfide,False,d__Bacteria,p__Elusimicrobiota,Host,4
Hydrogen sulfide,False,d__Bacteria,p__Elusimicrobiota,Neither,2
Hydrogen sulfide,False,d__Bacteria,p__Eremiobacterota,Neither,1
Hydrogen sulfide,False,d__Bacteria,p__Fibrobacterota,Host,4
Hydrogen sulfide,False,d__Bacteria,p__Firmicutes,Host,103
Hydrogen sulfide,False,d__Bacteria,p__Firmicutes,Neither,80
Hydrogen sulfide,True,d__Bacteria,p__Firmicutes,Host,1
Hydrogen sulfide,True,d__Bacteria,p__Firmicutes,Neither,4
Hydrogen sulfide,False,d__Bacteria,p__Firmicutes_A,Host,389
Hydrogen sulfide,False,d__Bacteria,p__Firmicutes_A,Neither,156
Hydrogen sulfide,True,d__Bacteria,p__Firmicutes_A,Host,49
Hydrogen sulfide,True,d__Bacteria,p__Firmicutes_A,Neither,17
Hydrogen sulfide,False,d__Bacteria,p__Firmicutes_B,Host,2
Hydrogen sulfide,False,d__Bacteria,p__Firmicutes_B,Neither,2
Hydrogen sulfide,False,d__Bacteria,p__Firmicutes_C,Host,16
Hydrogen sulfide,False,d__Bacteria,p__Firmicutes_C,Neither,13
Hydrogen sulfide,False,d__Bacteria,p__Fusobacteriota,Host,2
Hydrogen sulfide,False,d__Bacteria,p__Fusobacteriota,Neither,14
Hydrogen sulfide,True,d__Bacteria,p__Fusobacteriota,Neither,1
Hydrogen sulfide,False,d__Bacteria,p__Myxococcota,Host,2
Hydrogen sulfide,False,d__Bacteria,p__Patescibacteria,Host,1
Hydrogen sulfide,False,d__Bacteria,p__Patescibacteria,Neither,3
Hydrogen sulfide,False,d__Bacteria,p__Planctomycetota,Host,1
Hydrogen sulfide,False,d__Bacteria,p__Planctomycetota,Neither,1
Hydrogen sulfide,False,d__Bacteria,p__Proteobacteria,Environment,8
Hydrogen sulfide,False,d__Bacteria,p__Proteobacteria,Host,20
Hydrogen sulfide,False,d__Bacteria,p__Proteobacteria,Neither,39
Hydrogen sulfide,True,d__Bacteria,p__Proteobacteria,Host,4
Hydrogen sulfide,True,d__Bacteria,p__Proteobacteria,Neither,1
Hydrogen sulfide,False,d__Bacteria,p__Spirochaetota,Host,30
Hydrogen sulfide,False,d__Bacteria,p__Spirochaetota,Neither,7
Hydrogen sulfide,True,d__Bacteria,p__Spirochaetota,Host,1
Hydrogen sulfide,True,d__Bacteria,p__Spirochaetota,Neither,1
Hydrogen sulfide,False,d__Bacteria,p__Synergistota,Neither,2
Hydrogen sulfide,True,d__Bacteria,p__Synergistota,Neither,2
Hydrogen sulfide,False,d__Bacteria,p__Verrucomicrobiota,Host,13
Hydrogen sulfide,False,d__Bacteria,p__Verrucomicrobiota,Neither,14
Hydrogen sulfide,False,d__Bacteria,p__Verrucomicrobiota_A,Host,1
Hydrogen sulfide,False,d__Bacteria,p__Verrucomicrobiota_A,Neither,1
Indole,False,d__Archaea,p__Euryarchaeota,Host,5
Indole,False,d__Archaea,p__Halobacterota,Neither,3
Indole,True,d__Archaea,p__Halobacterota,Host,1
Indole,False,d__Archaea,p__Thermoplasmatota,Host,1
Indole,False,d__Archaea,p__Thermoplasmatota,Neither,3
Indole,False,d__Bacteria,p__Actinobacteriota,Environment,7
Indole,False,d__Bacteria,p__Actinobacteriota,Host,39
Indole,False,d__Bacteria,p__Actinobacteriota,Neither,49
Indole,True,d__Bacteria,p__Actinobacteriota,Neither,1
Indole,False,d__Bacteria,p__Armatimonadota,Neither,1
Indole,False,d__Bacteria,p__Bacteroidota,Host,198
Indole,False,d__Bacteria,p__Bacteroidota,Neither,126
Indole,True,d__Bacteria,p__Bacteroidota,Host,19
Indole,True,d__Bacteria,p__Bacteroidota,Neither,2
Indole,False,d__Bacteria,p__Campylobacterota,Host,6
Indole,False,d__Bacteria,p__Campylobacterota,Neither,14
Indole,False,d__Bacteria,p__Chloroflexota,Neither,1
Indole,False,d__Bacteria,p__Cyanobacteria,Host,13
Indole,False,d__Bacteria,p__Cyanobacteria,Neither,2
Indole,False,d__Bacteria,p__Deferribacterota,Neither,1
Indole,False,d__Bacteria,p__Desulfobacterota_A,Host,5
Indole,False,d__Bacteria,p__Desulfobacterota_A,Neither,3
Indole,False,d__Bacteria,p__Elusimicrobiota,Host,4
Indole,False,d__Bacteria,p__Elusimicrobiota,Neither,2
Indole,False,d__Bacteria,p__Eremiobacterota,Neither,1
Indole,False,d__Bacteria,p__Fibrobacterota,Host,4
Indole,False,d__Bacteria,p__Firmicutes,Host,104
Indole,False,d__Bacteria,p__Firmicutes,Neither,84
Indole,False,d__Bacteria,p__Firmicutes_A,Host,437
Indole,False,d__Bacteria,p__Firmicutes_A,Neither,173
Indole,True,d__Bacteria,p__Firmicutes_A,Host,1
Indole,False,d__Bacteria,p__Firmicutes_B,Host,2
Indole,False,d__Bacteria,p__Firmicutes_B,Neither,2
Indole,False,d__Bacteria,p__Firmicutes_C,Host,16
Indole,False,d__Bacteria,p__Firmicutes_C,Neither,13
Indole,False,d__Bacteria,p__Fusobacteriota,Host,2
Indole,False,d__Bacteria,p__Fusobacteriota,Neither,14
Indole,True,d__Bacteria,p__Fusobacteriota,Neither,1
Indole,False,d__Bacteria,p__Myxococcota,Host,2
Indole,False,d__Bacteria,p__Patescibacteria,Host,1
Indole,False,d__Bacteria,p__Patescibacteria,Neither,3
Indole,False,d__Bacteria,p__Planctomycetota,Host,1
Indole,False,d__Bacteria,p__Planctomycetota,Neither,1
Indole,False,d__Bacteria,p__Proteobacteria,Environment,7
Indole,False,d__Bacteria,p__Proteobacteria,Host,20
Indole,False,d__Bacteria,p__Proteobacteria,Neither,38
Indole,True,d__Bacteria,p__Proteobacteria,Environment,1
Indole,True,d__Bacteria,p__Proteobacteria,Host,4
Indole,True,d__Bacteria,p__Proteobacteria,Neither,2
Indole,False,d__Bacteria,p__Spirochaetota,Host,30
Indole,False,d__Bacteria,p__Spirochaetota,Neither,8
Indole,True,d__Bacteria,p__Spirochaetota,Host,1
Indole,False,d__Bacteria,p__Synergistota,Neither,4
Indole,False,d__Bacteria,p__Verrucomicrobiota,Host,12
Indole,False,d__Bacteria,p__Verrucomicrobiota,Neither,14
Indole,True,d__Bacteria,p__Verrucomicrobiota,Host,1
Indole,False,d__Bacteria,p__Verrucomicrobiota_A,Host,1
Indole,False,d__Bacteria,p__Verrucomicrobiota_A,Neither,1
L-Arabinose,False,d__Archaea,p__Euryarchaeota,Host,5
L-Arabinose,False,d__Archaea,p__Halobacterota,Host,1
L-Arabinose,False,d__Archaea,p__Halobacterota,Neither,3
L-Arabinose,False,d__Archaea,p__Thermoplasmatota,Host,1
L-Arabinose,False,d__Archaea,p__Thermoplasmatota,Neither,3
L-Arabinose,False,d__Bacteria,p__Actinobacteriota,Environment,6
L-Arabinose,False,d__Bacteria,p__Actinobacteriota,Host,27
L-Arabinose,False,d__Bacteria,p__Actinobacteriota,Neither,44
L-Arabinose,True,d__Bacteria,p__Actinobacteriota,Environment,1
L-Arabinose,True,d__Bacteria,p__Actinobacteriota,Host,12
L-Arabinose,True,d__Bacteria,p__Actinobacteriota,Neither,6
L-Arabinose,False,d__Bacteria,p__Armatimonadota,Neither,1
L-Arabinose,False,d__Bacteria,p__Bacteroidota,Host,136
L-Arabinose,False,d__Bacteria,p__Bacteroidota,Neither,106
L-Arabinose,True,d__Bacteria,p__Bacteroidota,Host,81
L-Arabinose,True,d__Bacteria,p__Bacteroidota,Neither,22
L-Arabinose,False,d__Bacteria,p__Campylobacterota,Host,6
L-Arabinose,False,d__Bacteria,p__Campylobacterota,Neither,14
L-Arabinose,True,d__Bacteria,p__Chloroflexota,Neither,1
L-Arabinose,False,d__Bacteria,p__Cyanobacteria,Host,13
L-Arabinose,False,d__Bacteria,p__Cyanobacteria,Neither,2
L-Arabinose,False,d__Bacteria,p__Deferribacterota,Neither,1
L-Arabinose,False,d__Bacteria,p__Desulfobacterota_A,Host,5
L-Arabinose,False,d__Bacteria,p__Desulfobacterota_A,Neither,3
L-Arabinose,False,d__Bacteria,p__Elusimicrobiota,Host,4
L-Arabinose,False,d__Bacteria,p__Elusimicrobiota,Neither,2
L-Arabinose,False,d__Bacteria,p__Eremiobacterota,Neither,1
L-Arabinose,False,d__Bacteria,p__Fibrobacterota,Host,4
L-Arabinose,False,d__Bacteria,p__Firmicutes,Host,95
L-Arabinose,False,d__Bacteria,p__Firmicutes,Neither,76
L-Arabinose,True,d__Bacteria,p__Firmicutes,Host,9
L-Arabinose,True,d__Bacteria,p__Firmicutes,Neither,8
L-Arabinose,False,d__Bacteria,p__Firmicutes_A,Host,317
L-Arabinose,False,d__Bacteria,p__Firmicutes_A,Neither,142
L-Arabinose,True,d__Bacteria,p__Firmicutes_A,Host,121
L-Arabinose,True,d__Bacteria,p__Firmicutes_A,Neither,31
L-Arabinose,False,d__Bacteria,p__Firmicutes_B,Host,2
L-Arabinose,False,d__Bacteria,p__Firmicutes_B,Neither,2
L-Arabinose,False,d__Bacteria,p__Firmicutes_C,Host,11
L-Arabinose,False,d__Bacteria,p__Firmicutes_C,Neither,10
L-Arabinose,True,d__Bacteria,p__Firmicutes_C,Host,5
L-Arabinose,True,d__Bacteria,p__Firmicutes_C,Neither,3
L-Arabinose,False,d__Bacteria,p__Fusobacteriota,Host,2
L-Arabinose,False,d__Bacteria,p__Fusobacteriota,Neither,15
L-Arabinose,False,d__Bacteria,p__Myxococcota,Host,2
L-Arabinose,False,d__Bacteria,p__Patescibacteria,Host,1
L-Arabinose,False,d__Bacteria,p__Patescibacteria,Neither,3
L-Arabinose,False,d__Bacteria,p__Planctomycetota,Host,1
L-Arabinose,False,d__Bacteria,p__Planctomycetota,Neither,1
L-Arabinose,False,d__Bacteria,p__Proteobacteria,Environment,7
L-Arabinose,False,d__Bacteria,p__Proteobacteria,Host,18
L-Arabinose,False,d__Bacteria,p__Proteobacteria,Neither,38
L-Arabinose,True,d__Bacteria,p__Proteobacteria,Environment,1
L-Arabinose,True,d__Bacteria,p__Proteobacteria,Host,6
L-Arabinose,True,d__Bacteria,p__Proteobacteria,Neither,2
L-Arabinose,False,d__Bacteria,p__Spirochaetota,Host,29
L-Arabinose,False,d__Bacteria,p__Spirochaetota,Neither,8
L-Arabinose,True,d__Bacteria,p__Spirochaetota,Host,2
L-Arabinose,False,d__Bacteria,p__Synergistota,Neither,4
L-Arabinose,False,d__Bacteria,p__Verrucomicrobiota,Host,11
L-Arabinose,False,d__Bacteria,p__Verrucomicrobiota,Neither,12
L-Arabinose,True,d__Bacteria,p__Verrucomicrobiota,Host,2
L-Arabinose,True,d__Bacteria,p__Verrucomicrobiota,Neither,2
L-Arabinose,False,d__Bacteria,p__Verrucomicrobiota_A,Host,1
L-Arabinose,False,d__Bacteria,p__Verrucomicrobiota_A,Neither,1
L-Rhamnose,False,d__Archaea,p__Euryarchaeota,Host,5
L-Rhamnose,False,d__Archaea,p__Halobacterota,Host,1
L-Rhamnose,False,d__Archaea,p__Halobacterota,Neither,3
L-Rhamnose,False,d__Archaea,p__Thermoplasmatota,Host,1
L-Rhamnose,False,d__Archaea,p__Thermoplasmatota,Neither,3
L-Rhamnose,False,d__Bacteria,p__Actinobacteriota,Environment,6
L-Rhamnose,False,d__Bacteria,p__Actinobacteriota,Host,37
L-Rhamnose,False,d__Bacteria,p__Actinobacteriota,Neither,47
L-Rhamnose,True,d__Bacteria,p__Actinobacteriota,Environment,1
L-Rhamnose,True,d__Bacteria,p__Actinobacteriota,Host,2
L-Rhamnose,True,d__Bacteria,p__Actinobacteriota,Neither,3
L-Rhamnose,False,d__Bacteria,p__Armatimonadota,Neither,1
L-Rhamnose,False,d__Bacteria,p__Bacteroidota,Host,141
L-Rhamnose,False,d__Bacteria,p__Bacteroidota,Neither,103
L-Rhamnose,True,d__Bacteria,p__Bacteroidota,Host,76
L-Rhamnose,True,d__Bacteria,p__Bacteroidota,Neither,25
L-Rhamnose,False,d__Bacteria,p__Campylobacterota,Host,6
L-Rhamnose,False,d__Bacteria,p__Campylobacterota,Neither,14
L-Rhamnose,False,d__Bacteria,p__Chloroflexota,Neither,1
L-Rhamnose,False,d__Bacteria,p__Cyanobacteria,Host,13
L-Rhamnose,False,d__Bacteria,p__Cyanobacteria,Neither,2
L-Rhamnose,False,d__Bacteria,p__Deferribacterota,Neither,1
L-Rhamnose,False,d__Bacteria,p__Desulfobacterota_A,Host,5
L-Rhamnose,False,d__Bacteria,p__Desulfobacterota_A,Neither,3
L-Rhamnose,False,d__Bacteria,p__Elusimicrobiota,Host,4
L-Rhamnose,False,d__Bacteria,p__Elusimicrobiota,Neither,2
L-Rhamnose,False,d__Bacteria,p__Eremiobacterota,Neither,1
L-Rhamnose,False,d__Bacteria,p__Fibrobacterota,Host,4
L-Rhamnose,False,d__Bacteria,p__Firmicutes,Host,101
L-Rhamnose,False,d__Bacteria,p__Firmicutes,Neither,80
L-Rhamnose,True,d__Bacteria,p__Firmicutes,Host,3
L-Rhamnose,True,d__Bacteria,p__Firmicutes,Neither,4
L-Rhamnose,False,d__Bacteria,p__Firmicutes_A,Host,402
L-Rhamnose,False,d__Bacteria,p__Firmicutes_A,Neither,160
L-Rhamnose,True,d__Bacteria,p__Firmicutes_A,Host,36
L-Rhamnose,True,d__Bacteria,p__Firmicutes_A,Neither,13
L-Rhamnose,False,d__Bacteria,p__Firmicutes_B,Host,2
L-Rhamnose,False,d__Bacteria,p__Firmicutes_B,Neither,2
L-Rhamnose,False,d__Bacteria,p__Firmicutes_C,Host,15
L-Rhamnose,False,d__Bacteria,p__Firmicutes_C,Neither,12
L-Rhamnose,True,d__Bacteria,p__Firmicutes_C,Host,1
L-Rhamnose,True,d__Bacteria,p__Firmicutes_C,Neither,1
L-Rhamnose,False,d__Bacteria,p__Fusobacteriota,Host,2
L-Rhamnose,False,d__Bacteria,p__Fusobacteriota,Neither,15
L-Rhamnose,False,d__Bacteria,p__Myxococcota,Host,2
L-Rhamnose,False,d__Bacteria,p__Patescibacteria,Host,1
L-Rhamnose,False,d__Bacteria,p__Patescibacteria,Neither,3
L-Rhamnose,True,d__Bacteria,p__Planctomycetota,Host,1
L-Rhamnose,True,d__Bacteria,p__Planctomycetota,Neither,1
L-Rhamnose,False,d__Bacteria,p__Proteobacteria,Environment,7
L-Rhamnose,False,d__Bacteria,p__Proteobacteria,Host,22
L-Rhamnose,False,d__Bacteria,p__Proteobacteria,Neither,38
L-Rhamnose,True,d__Bacteria,p__Proteobacteria,Environment,1
L-Rhamnose,True,d__Bacteria,p__Proteobacteria,Host,2
L-Rhamnose,True,d__Bacteria,p__Proteobacteria,Neither,2
L-Rhamnose,False,d__Bacteria,p__Spirochaetota,Host,31
L-Rhamnose,False,d__Bacteria,p__Spirochaetota,Neither,6
L-Rhamnose,True,d__Bacteria,p__Spirochaetota,Neither,2
L-Rhamnose,False,d__Bacteria,p__Synergistota,Neither,4
L-Rhamnose,False,d__Bacteria,p__Verrucomicrobiota,Host,7
L-Rhamnose,False,d__Bacteria,p__Verrucomicrobiota,Neither,14
L-Rhamnose,True,d__Bacteria,p__Verrucomicrobiota,Host,6
L-Rhamnose,False,d__Bacteria,p__Verrucomicrobiota_A,Host,1
L-Rhamnose,False,d__Bacteria,p__Verrucomicrobiota_A,Neither,1
Lactose,False,d__Archaea,p__Euryarchaeota,Host,5
Lactose,False,d__Archaea,p__Halobacterota,Host,1
Lactose,False,d__Archaea,p__Halobacterota,Neither,3
Lactose,False,d__Archaea,p__Thermoplasmatota,Host,1
Lactose,False,d__Archaea,p__Thermoplasmatota,Neither,3
Lactose,False,d__Bacteria,p__Actinobacteriota,Environment,5
Lactose,False,d__Bacteria,p__Actinobacteriota,Host,17
Lactose,False,d__Bacteria,p__Actinobacteriota,Neither,43
Lactose,True,d__Bacteria,p__Actinobacteriota,Environment,2
Lactose,True,d__Bacteria,p__Actinobacteriota,Host,22
Lactose,True,d__Bacteria,p__Actinobacteriota,Neither,7
Lactose,True,d__Bacteria,p__Armatimonadota,Neither,1
Lactose,False,d__Bacteria,p__Bacteroidota,Host,32
Lactose,False,d__Bacteria,p__Bacteroidota,Neither,49
Lactose,True,d__Bacteria,p__Bacteroidota,Host,185
Lactose,True,d__Bacteria,p__Bacteroidota,Neither,79
Lactose,False,d__Bacteria,p__Campylobacterota,Host,6
Lactose,False,d__Bacteria,p__Campylobacterota,Neither,14
Lactose,False,d__Bacteria,p__Chloroflexota,Neither,1
Lactose,False,d__Bacteria,p__Cyanobacteria,Host,13
Lactose,False,d__Bacteria,p__Cyanobacteria,Neither,2
Lactose,False,d__Bacteria,p__Deferribacterota,Neither,1
Lactose,False,d__Bacteria,p__Desulfobacterota_A,Host,5
Lactose,False,d__Bacteria,p__Desulfobacterota_A,Neither,3
Lactose,False,d__Bacteria,p__Elusimicrobiota,Host,4
Lactose,False,d__Bacteria,p__Elusimicrobiota,Neither,2
Lactose,False,d__Bacteria,p__Eremiobacterota,Neither,1
Lactose,False,d__Bacteria,p__Fibrobacterota,Host,3
Lactose,True,d__Bacteria,p__Fibrobacterota,Host,1
Lactose,False,d__Bacteria,p__Firmicutes,Host,58
Lactose,False,d__Bacteria,p__Firmicutes,Neither,48
Lactose,True,d__Bacteria,p__Firmicutes,Host,46
Lactose,True,d__Bacteria,p__Firmicutes,Neither,36
Lactose,False,d__Bacteria,p__Firmicutes_A,Host,207
Lactose,False,d__Bacteria,p__Firmicutes_A,Neither,89
Lactose,True,d__Bacteria,p__Firmicutes_A,Host,231
Lactose,True,d__Bacteria,p__Firmicutes_A,Neither,84
Lactose,False,d__Bacteria,p__Firmicutes_B,Host,2
Lactose,False,d__Bacteria,p__Firmicutes_B,Neither,2
Lactose,False,d__Bacteria,p__Firmicutes_C,Host,10
Lactose,False,d__Bacteria,p__Firmicutes_C,Neither,10
Lactose,True,d__Bacteria,p__Firmicutes_C,Host,6
Lactose,True,d__Bacteria,p__Firmicutes_C,Neither,3
Lactose,False,d__Bacteria,p__Fusobacteriota,Host,2
Lactose,False,d__Bacteria,p__Fusobacteriota,Neither,15
Lactose,False,d__Bacteria,p__Myxococcota,Host,2
Lactose,False,d__Bacteria,p__Patescibacteria,Host,1
Lactose,False,d__Bacteria,p__Patescibacteria,Neither,3
Lactose,True,d__Bacteria,p__Planctomycetota,Host,1
Lactose,True,d__Bacteria,p__Planctomycetota,Neither,1
Lactose,False,d__Bacteria,p__Proteobacteria,Environment,8
Lactose,False,d__Bacteria,p__Proteobacteria,Host,21
Lactose,False,d__Bacteria,p__Proteobacteria,Neither,34
Lactose,True,d__Bacteria,p__Proteobacteria,Host,3
Lactose,True,d__Bacteria,p__Proteobacteria,Neither,6
Lactose,False,d__Bacteria,p__Spirochaetota,Host,18
Lactose,False,d__Bacteria,p__Spirochaetota,Neither,5
Lactose,True,d__Bacteria,p__Spirochaetota,Host,13
Lactose,True,d__Bacteria,p__Spirochaetota,Neither,3
Lactose,False,d__Bacteria,p__Synergistota,Neither,4
Lactose,False,d__Bacteria,p__Verrucomicrobiota,Host,2
Lactose,False,d__Bacteria,p__Verrucomicrobiota,Neither,4
Lactose,True,d__Bacteria,p__Verrucomicrobiota,Host,11
Lactose,True,d__Bacteria,p__Verrucomicrobiota,Neither,10
Lactose,False,d__Bacteria,p__Verrucomicrobiota_A,Host,1
Lactose,False,d__Bacteria,p__Verrucomicrobiota_A,Neither,1
Lipase,False,d__Archaea,p__Euryarchaeota,Host,5
Lipase,False,d__Archaea,p__Halobacterota,Host,1
Lipase,False,d__Archaea,p__Halobacterota,Neither,3
Lipase,False,d__Archaea,p__Thermoplasmatota,Host,1
Lipase,False,d__Archaea,p__Thermoplasmatota,Neither,3
Lipase,False,d__Bacteria,p__Actinobacteriota,Environment,5
Lipase,False,d__Bacteria,p__Actinobacteriota,Host,39
Lipase,False,d__Bacteria,p__Actinobacteriota,Neither,50
Lipase,True,d__Bacteria,p__Actinobacteriota,Environment,2
Lipase,False,d__Bacteria,p__Armatimonadota,Neither,1
Lipase,False,d__Bacteria,p__Bacteroidota,Host,214
Lipase,False,d__Bacteria,p__Bacteroidota,Neither,128
Lipase,True,d__Bacteria,p__Bacteroidota,Host,3
Lipase,False,d__Bacteria,p__Campylobacterota,Host,6
Lipase,False,d__Bacteria,p__Campylobacterota,Neither,14
Lipase,False,d__Bacteria,p__Chloroflexota,Neither,1
Lipase,False,d__Bacteria,p__Cyanobacteria,Host,13
Lipase,False,d__Bacteria,p__Cyanobacteria,Neither,2
Lipase,False,d__Bacteria,p__Deferribacterota,Neither,1
Lipase,False,d__Bacteria,p__Desulfobacterota_A,Host,5
Lipase,False,d__Bacteria,p__Desulfobacterota_A,Neither,3
Lipase,False,d__Bacteria,p__Elusimicrobiota,Host,4
Lipase,False,d__Bacteria,p__Elusimicrobiota,Neither,2
Lipase,False,d__Bacteria,p__Eremiobacterota,Neither,1
Lipase,False,d__Bacteria,p__Fibrobacterota,Host,4
Lipase,False,d__Bacteria,p__Firmicutes,Host,104
Lipase,False,d__Bacteria,p__Firmicutes,Neither,83
Lipase,True,d__Bacteria,p__Firmicutes,Neither,1
Lipase,False,d__Bacteria,p__Firmicutes_A,Host,433
Lipase,False,d__Bacteria,p__Firmicutes_A,Neither,173
Lipase,True,d__Bacteria,p__Firmicutes_A,Host,5
Lipase,False,d__Bacteria,p__Firmicutes_B,Host,2
Lipase,False,d__Bacteria,p__Firmicutes_B,Neither,2
Lipase,False,d__Bacteria,p__Firmicutes_C,Host,16
Lipase,False,d__Bacteria,p__Firmicutes_C,Neither,13
Lipase,False,d__Bacteria,p__Fusobacteriota,Host,2
Lipase,False,d__Bacteria,p__Fusobacteriota,Neither,14
Lipase,True,d__Bacteria,p__Fusobacteriota,Neither,1
Lipase,False,d__Bacteria,p__Myxococcota,Host,2
Lipase,False,d__Bacteria,p__Patescibacteria,Host,1
Lipase,False,d__Bacteria,p__Patescibacteria,Neither,3
Lipase,False,d__Bacteria,p__Planctomycetota,Host,1
Lipase,False,d__Bacteria,p__Planctomycetota,Neither,1
Lipase,False,d__Bacteria,p__Proteobacteria,Environment,4
Lipase,False,d__Bacteria,p__Proteobacteria,Host,24
Lipase,False,d__Bacteria,p__Proteobacteria,Neither,36
Lipase,True,d__Bacteria,p__Proteobacteria,Environment,4
Lipase,True,d__Bacteria,p__Proteobacteria,Neither,4
Lipase,False,d__Bacteria,p__Spirochaetota,Host,30
Lipase,False,d__Bacteria,p__Spirochaetota,Neither,8
Lipase,True,d__Bacteria,p__Spirochaetota,Host,1
Lipase,False,d__Bacteria,p__Synergistota,Neither,4
Lipase,False,d__Bacteria,p__Verrucomicrobiota,Host,13
Lipase,False,d__Bacteria,p__Verrucomicrobiota,Neither,14
Lipase,False,d__Bacteria,p__Verrucomicrobiota_A,Host,1
Lipase,False,d__Bacteria,p__Verrucomicrobiota_A,Neither,1
Lysine decarboxylase,False,d__Archaea,p__Euryarchaeota,Host,5
Lysine decarboxylase,False,d__Archaea,p__Halobacterota,Host,1
Lysine decarboxylase,False,d__Archaea,p__Halobacterota,Neither,3
Lysine decarboxylase,False,d__Archaea,p__Thermoplasmatota,Host,1
Lysine decarboxylase,False,d__Archaea,p__Thermoplasmatota,Neither,3
Lysine decarboxylase,False,d__Bacteria,p__Actinobacteriota,Environment,7
Lysine decarboxylase,False,d__Bacteria,p__Actinobacteriota,Host,39
Lysine decarboxylase,False,d__Bacteria,p__Actinobacteriota,Neither,50
Lysine decarboxylase,False,d__Bacteria,p__Armatimonadota,Neither,1
Lysine decarboxylase,False,d__Bacteria,p__Bacteroidota,Host,216
Lysine decarboxylase,False,d__Bacteria,p__Bacteroidota,Neither,126
Lysine decarboxylase,True,d__Bacteria,p__Bacteroidota,Host,1
Lysine decarboxylase,True,d__Bacteria,p__Bacteroidota,Neither,2
Lysine decarboxylase,False,d__Bacteria,p__Campylobacterota,Host,6
Lysine decarboxylase,False,d__Bacteria,p__Campylobacterota,Neither,14
Lysine decarboxylase,False,d__Bacteria,p__Chloroflexota,Neither,1
Lysine decarboxylase,False,d__Bacteria,p__Cyanobacteria,Host,13
Lysine decarboxylase,False,d__Bacteria,p__Cyanobacteria,Neither,2
Lysine decarboxylase,False,d__Bacteria,p__Deferribacterota,Neither,1
Lysine decarboxylase,False,d__Bacteria,p__Desulfobacterota_A,Host,5
Lysine decarboxylase,False,d__Bacteria,p__Desulfobacterota_A,Neither,3
Lysine decarboxylase,False,d__Bacteria,p__Elusimicrobiota,Host,4
Lysine decarboxylase,False,d__Bacteria,p__Elusimicrobiota,Neither,2
Lysine decarboxylase,False,d__Bacteria,p__Eremiobacterota,Neither,1
Lysine decarboxylase,False,d__Bacteria,p__Fibrobacterota,Host,4
Lysine decarboxylase,False,d__Bacteria,p__Firmicutes,Host,104
Lysine decarboxylase,False,d__Bacteria,p__Firmicutes,Neither,84
Lysine decarboxylase,False,d__Bacteria,p__Firmicutes_A,Host,435
Lysine decarboxylase,False,d__Bacteria,p__Firmicutes_A,Neither,173
Lysine decarboxylase,True,d__Bacteria,p__Firmicutes_A,Host,3
Lysine decarboxylase,False,d__Bacteria,p__Firmicutes_B,Host,2
Lysine decarboxylase,False,d__Bacteria,p__Firmicutes_B,Neither,2
Lysine decarboxylase,False,d__Bacteria,p__Firmicutes_C,Host,16
Lysine decarboxylase,False,d__Bacteria,p__Firmicutes_C,Neither,13
Lysine decarboxylase,False,d__Bacteria,p__Fusobacteriota,Host,2
Lysine decarboxylase,False,d__Bacteria,p__Fusobacteriota,Neither,15
Lysine decarboxylase,False,d__Bacteria,p__Myxococcota,Host,2
Lysine decarboxylase,False,d__Bacteria,p__Patescibacteria,Host,1
Lysine decarboxylase,False,d__Bacteria,p__Patescibacteria,Neither,3
Lysine decarboxylase,False,d__Bacteria,p__Planctomycetota,Host,1
Lysine decarboxylase,False,d__Bacteria,p__Planctomycetota,Neither,1
Lysine decarboxylase,False,d__Bacteria,p__Proteobacteria,Environment,8
Lysine decarboxylase,False,d__Bacteria,p__Proteobacteria,Host,23
Lysine decarboxylase,False,d__Bacteria,p__Proteobacteria,Neither,39
Lysine decarboxylase,True,d__Bacteria,p__Proteobacteria,Host,1
Lysine decarboxylase,True,d__Bacteria,p__Proteobacteria,Neither,1
Lysine decarboxylase,False,d__Bacteria,p__Spirochaetota,Host,31
Lysine decarboxylase,False,d__Bacteria,p__Spirochaetota,Neither,8
Lysine decarboxylase,False,d__Bacteria,p__Synergistota,Neither,4
Lysine decarboxylase,False,d__Bacteria,p__Verrucomicrobiota,Host,13
Lysine decarboxylase,False,d__Bacteria,p__Verrucomicrobiota,Neither,14
Lysine decarboxylase,False,d__Bacteria,p__Verrucomicrobiota_A,Host,1
Lysine decarboxylase,False,d__Bacteria,p__Verrucomicrobiota_A,Neither,1
Malonate,False,d__Archaea,p__Euryarchaeota,Host,5
Malonate,False,d__Archaea,p__Halobacterota,Host,1
Malonate,False,d__Archaea,p__Halobacterota,Neither,3
Malonate,False,d__Archaea,p__Thermoplasmatota,Host,1
Malonate,False,d__Archaea,p__Thermoplasmatota,Neither,3
Malonate,False,d__Bacteria,p__Actinobacteriota,Environment,4
Malonate,False,d__Bacteria,p__Actinobacteriota,Host,37
Malonate,False,d__Bacteria,p__Actinobacteriota,Neither,46
Malonate,True,d__Bacteria,p__Actinobacteriota,Environment,3
Malonate,True,d__Bacteria,p__Actinobacteriota,Host,2
Malonate,True,d__Bacteria,p__Actinobacteriota,Neither,4
Malonate,False,d__Bacteria,p__Armatimonadota,Neither,1
Malonate,False,d__Bacteria,p__Bacteroidota,Host,217
Malonate,False,d__Bacteria,p__Bacteroidota,Neither,128
Malonate,False,d__Bacteria,p__Campylobacterota,Host,6
Malonate,False,d__Bacteria,p__Campylobacterota,Neither,14
Malonate,False,d__Bacteria,p__Chloroflexota,Neither,1
Malonate,False,d__Bacteria,p__Cyanobacteria,Host,12
Malonate,False,d__Bacteria,p__Cyanobacteria,Neither,2
Malonate,True,d__Bacteria,p__Cyanobacteria,Host,1
Malonate,False,d__Bacteria,p__Deferribacterota,Neither,1
Malonate,False,d__Bacteria,p__Desulfobacterota_A,Host,5
Malonate,False,d__Bacteria,p__Desulfobacterota_A,Neither,3
Malonate,False,d__Bacteria,p__Elusimicrobiota,Host,4
Malonate,False,d__Bacteria,p__Elusimicrobiota,Neither,2
Malonate,False,d__Bacteria,p__Eremiobacterota,Neither,1
Malonate,False,d__Bacteria,p__Fibrobacterota,Host,4
Malonate,False,d__Bacteria,p__Firmicutes,Host,100
Malonate,False,d__Bacteria,p__Firmicutes,Neither,80
Malonate,True,d__Bacteria,p__Firmicutes,Host,4
Malonate,True,d__Bacteria,p__Firmicutes,Neither,4
Malonate,False,d__Bacteria,p__Firmicutes_A,Host,413
Malonate,False,d__Bacteria,p__Firmicutes_A,Neither,161
Malonate,True,d__Bacteria,p__Firmicutes_A,Host,25
Malonate,True,d__Bacteria,p__Firmicutes_A,Neither,12
Malonate,False,d__Bacteria,p__Firmicutes_B,Host,2
Malonate,False,d__Bacteria,p__Firmicutes_B,Neither,1
Malonate,True,d__Bacteria,p__Firmicutes_B,Neither,1
Malonate,False,d__Bacteria,p__Firmicutes_C,Host,10
Malonate,False,d__Bacteria,p__Firmicutes_C,Neither,10
Malonate,True,d__Bacteria,p__Firmicutes_C,Host,6
Malonate,True,d__Bacteria,p__Firmicutes_C,Neither,3
Malonate,False,d__Bacteria,p__Fusobacteriota,Host,2
Malonate,False,d__Bacteria,p__Fusobacteriota,Neither,15
Malonate,False,d__Bacteria,p__Myxococcota,Host,2
Malonate,False,d__Bacteria,p__Patescibacteria,Host,1
Malonate,False,d__Bacteria,p__Patescibacteria,Neither,3
Malonate,False,d__Bacteria,p__Planctomycetota,Host,1
Malonate,False,d__Bacteria,p__Planctomycetota,Neither,1
Malonate,False,d__Bacteria,p__Proteobacteria,Environment,5
Malonate,False,d__Bacteria,p__Proteobacteria,Host,23
Malonate,False,d__Bacteria,p__Proteobacteria,Neither,36
Malonate,True,d__Bacteria,p__Proteobacteria,Environment,3
Malonate,True,d__Bacteria,p__Proteobacteria,Host,1
Malonate,True,d__Bacteria,p__Proteobacteria,Neither,4
Malonate,False,d__Bacteria,p__Spirochaetota,Host,31
Malonate,False,d__Bacteria,p__Spirochaetota,Neither,8
Malonate,False,d__Bacteria,p__Synergistota,Neither,4
Malonate,False,d__Bacteria,p__Verrucomicrobiota,Host,12
Malonate,False,d__Bacteria,p__Verrucomicrobiota,Neither,12
Malonate,True,d__Bacteria,p__Verrucomicrobiota,Host,1
Malonate,True,d__Bacteria,p__Verrucomicrobiota,Neither,2
Malonate,False,d__Bacteria,p__Verrucomicrobiota_A,Host,1
Malonate,False,d__Bacteria,p__Verrucomicrobiota_A,Neither,1
Maltose,False,d__Archaea,p__Euryarchaeota,Host,5
Maltose,False,d__Archaea,p__Halobacterota,Host,1
Maltose,False,d__Archaea,p__Halobacterota,Neither,3
Maltose,False,d__Archaea,p__Thermoplasmatota,Host,1
Maltose,False,d__Archaea,p__Thermoplasmatota,Neither,3
Maltose,False,d__Bacteria,p__Actinobacteriota,Environment,5
Maltose,False,d__Bacteria,p__Actinobacteriota,Host,15
Maltose,False,d__Bacteria,p__Actinobacteriota,Neither,37
Maltose,True,d__Bacteria,p__Actinobacteriota,Environment,2
Maltose,True,d__Bacteria,p__Actinobacteriota,Host,24
Maltose,True,d__Bacteria,p__Actinobacteriota,Neither,13
Maltose,False,d__Bacteria,p__Armatimonadota,Neither,1
Maltose,False,d__Bacteria,p__Bacteroidota,Host,48
Maltose,False,d__Bacteria,p__Bacteroidota,Neither,69
Maltose,True,d__Bacteria,p__Bacteroidota,Host,169
Maltose,True,d__Bacteria,p__Bacteroidota,Neither,59
Maltose,False,d__Bacteria,p__Campylobacterota,Host,6
Maltose,False,d__Bacteria,p__Campylobacterota,Neither,14
Maltose,False,d__Bacteria,p__Chloroflexota,Neither,1
Maltose,False,d__Bacteria,p__Cyanobacteria,Host,8
Maltose,False,d__Bacteria,p__Cyanobacteria,Neither,2
Maltose,True,d__Bacteria,p__Cyanobacteria,Host,5
Maltose,False,d__Bacteria,p__Deferribacterota,Neither,1
Maltose,False,d__Bacteria,p__Desulfobacterota_A,Host,5
Maltose,False,d__Bacteria,p__Desulfobacterota_A,Neither,3
Maltose,False,d__Bacteria,p__Elusimicrobiota,Host,4
Maltose,False,d__Bacteria,p__Elusimicrobiota,Neither,2
Maltose,False,d__Bacteria,p__Eremiobacterota,Neither,1
Maltose,False,d__Bacteria,p__Fibrobacterota,Host,4
Maltose,False,d__Bacteria,p__Firmicutes,Host,50
Maltose,False,d__Bacteria,p__Firmicutes,Neither,30
Maltose,True,d__Bacteria,p__Firmicutes,Host,54
Maltose,True,d__Bacteria,p__Firmicutes,Neither,54
Maltose,False,d__Bacteria,p__Firmicutes_A,Host,167
Maltose,False,d__Bacteria,p__Firmicutes_A,Neither,106
Maltose,True,d__Bacteria,p__Firmicutes_A,Host,271
Maltose,True,d__Bacteria,p__Firmicutes_A,Neither,67
Maltose,False,d__Bacteria,p__Firmicutes_B,Host,2
Maltose,False,d__Bacteria,p__Firmicutes_B,Neither,2
Maltose,False,d__Bacteria,p__Firmicutes_C,Host,11
Maltose,False,d__Bacteria,p__Firmicutes_C,Neither,8
Maltose,True,d__Bacteria,p__Firmicutes_C,Host,5
Maltose,True,d__Bacteria,p__Firmicutes_C,Neither,5
Maltose,False,d__Bacteria,p__Fusobacteriota,Host,1
Maltose,False,d__Bacteria,p__Fusobacteriota,Neither,6
Maltose,True,d__Bacteria,p__Fusobacteriota,Host,1
Maltose,True,d__Bacteria,p__Fusobacteriota,Neither,9
Maltose,False,d__Bacteria,p__Myxococcota,Host,2
Maltose,False,d__Bacteria,p__Patescibacteria,Host,1
Maltose,False,d__Bacteria,p__Patescibacteria,Neither,3
Maltose,False,d__Bacteria,p__Planctomycetota,Host,1
Maltose,False,d__Bacteria,p__Planctomycetota,Neither,1
Maltose,False,d__Bacteria,p__Proteobacteria,Environment,6
Maltose,False,d__Bacteria,p__Proteobacteria,Host,18
Maltose,False,d__Bacteria,p__Proteobacteria,Neither,22
Maltose,True,d__Bacteria,p__Proteobacteria,Environment,2
Maltose,True,d__Bacteria,p__Proteobacteria,Host,6
Maltose,True,d__Bacteria,p__Proteobacteria,Neither,18
Maltose,False,d__Bacteria,p__Spirochaetota,Host,26
Maltose,False,d__Bacteria,p__Spirochaetota,Neither,7
Maltose,True,d__Bacteria,p__Spirochaetota,Host,5
Maltose,True,d__Bacteria,p__Spirochaetota,Neither,1
Maltose,False,d__Bacteria,p__Synergistota,Neither,4
Maltose,False,d__Bacteria,p__Verrucomicrobiota,Host,12
Maltose,False,d__Bacteria,p__Verrucomicrobiota,Neither,14
Maltose,True,d__Bacteria,p__Verrucomicrobiota,Host,1
Maltose,False,d__Bacteria,p__Verrucomicrobiota_A,Host,1
Maltose,False,d__Bacteria,p__Verrucomicrobiota_A,Neither,1
Melibiose,False,d__Archaea,p__Euryarchaeota,Host,5
Melibiose,False,d__Archaea,p__Halobacterota,Host,1
Melibiose,False,d__Archaea,p__Halobacterota,Neither,3
Melibiose,False,d__Archaea,p__Thermoplasmatota,Host,1
Melibiose,False,d__Archaea,p__Thermoplasmatota,Neither,3
Melibiose,False,d__Bacteria,p__Actinobacteriota,Environment,6
Melibiose,False,d__Bacteria,p__Actinobacteriota,Host,31
Melibiose,False,d__Bacteria,p__Actinobacteriota,Neither,48
Melibiose,True,d__Bacteria,p__Actinobacteriota,Environment,1
Melibiose,True,d__Bacteria,p__Actinobacteriota,Host,8
Melibiose,True,d__Bacteria,p__Actinobacteriota,Neither,2
Melibiose,False,d__Bacteria,p__Armatimonadota,Neither,1
Melibiose,False,d__Bacteria,p__Bacteroidota,Host,177
Melibiose,False,d__Bacteria,p__Bacteroidota,Neither,122
Melibiose,True,d__Bacteria,p__Bacteroidota,Host,40
Melibiose,True,d__Bacteria,p__Bacteroidota,Neither,6
Melibiose,False,d__Bacteria,p__Campylobacterota,Host,6
Melibiose,False,d__Bacteria,p__Campylobacterota,Neither,14
Melibiose,False,d__Bacteria,p__Chloroflexota,Neither,1
Melibiose,False,d__Bacteria,p__Cyanobacteria,Host,13
Melibiose,False,d__Bacteria,p__Cyanobacteria,Neither,2
Melibiose,False,d__Bacteria,p__Deferribacterota,Neither,1
Melibiose,False,d__Bacteria,p__Desulfobacterota_A,Host,5
Melibiose,False,d__Bacteria,p__Desulfobacterota_A,Neither,3
Melibiose,False,d__Bacteria,p__Elusimicrobiota,Host,4
Melibiose,False,d__Bacteria,p__Elusimicrobiota,Neither,2
Melibiose,False,d__Bacteria,p__Eremiobacterota,Neither,1
Melibiose,False,d__Bacteria,p__Fibrobacterota,Host,4
Melibiose,False,d__Bacteria,p__Firmicutes,Host,82
Melibiose,False,d__Bacteria,p__Firmicutes,Neither,76
Melibiose,True,d__Bacteria,p__Firmicutes,Host,22
Melibiose,True,d__Bacteria,p__Firmicutes,Neither,8
Melibiose,False,d__Bacteria,p__Firmicutes_A,Host,430
Melibiose,False,d__Bacteria,p__Firmicutes_A,Neither,163
Melibiose,True,d__Bacteria,p__Firmicutes_A,Host,8
Melibiose,True,d__Bacteria,p__Firmicutes_A,Neither,10
Melibiose,False,d__Bacteria,p__Firmicutes_B,Host,2
Melibiose,False,d__Bacteria,p__Firmicutes_B,Neither,2
Melibiose,False,d__Bacteria,p__Firmicutes_C,Host,16
Melibiose,False,d__Bacteria,p__Firmicutes_C,Neither,13
Melibiose,False,d__Bacteria,p__Fusobacteriota,Host,2
Melibiose,False,d__Bacteria,p__Fusobacteriota,Neither,15
Melibiose,False,d__Bacteria,p__Myxococcota,Host,2
Melibiose,False,d__Bacteria,p__Patescibacteria,Host,1
Melibiose,False,d__Bacteria,p__Patescibacteria,Neither,3
Melibiose,False,d__Bacteria,p__Planctomycetota,Host,1
Melibiose,True,d__Bacteria,p__Planctomycetota,Neither,1
Melibiose,False,d__Bacteria,p__Proteobacteria,Environment,8
Melibiose,False,d__Bacteria,p__Proteobacteria,Host,23
Melibiose,False,d__Bacteria,p__Proteobacteria,Neither,38
Melibiose,True,d__Bacteria,p__Proteobacteria,Host,1
Melibiose,True,d__Bacteria,p__Proteobacteria,Neither,2
Melibiose,False,d__Bacteria,p__Spirochaetota,Host,31
Melibiose,False,d__Bacteria,p__Spirochaetota,Neither,8
Melibiose,False,d__Bacteria,p__Synergistota,Neither,4
Melibiose,False,d__Bacteria,p__Verrucomicrobiota,Host,4
Melibiose,False,d__Bacteria,p__Verrucomicrobiota,Neither,13
Melibiose,True,d__Bacteria,p__Verrucomicrobiota,Host,9
Melibiose,True,d__Bacteria,p__Verrucomicrobiota,Neither,1
Melibiose,False,d__Bacteria,p__Verrucomicrobiota_A,Host,1
Melibiose,False,d__Bacteria,p__Verrucomicrobiota_A,Neither,1
Methyl red,False,d__Archaea,p__Euryarchaeota,Host,5
Methyl red,False,d__Archaea,p__Halobacterota,Host,1
Methyl red,False,d__Archaea,p__Halobacterota,Neither,3
Methyl red,False,d__Archaea,p__Thermoplasmatota,Host,1
Methyl red,False,d__Archaea,p__Thermoplasmatota,Neither,3
Methyl red,False,d__Bacteria,p__Actinobacteriota,Environment,7
Methyl red,False,d__Bacteria,p__Actinobacteriota,Host,39
Methyl red,False,d__Bacteria,p__Actinobacteriota,Neither,50
Methyl red,False,d__Bacteria,p__Armatimonadota,Neither,1
Methyl red,False,d__Bacteria,p__Bacteroidota,Host,217
Methyl red,False,d__Bacteria,p__Bacteroidota,Neither,128
Methyl red,False,d__Bacteria,p__Campylobacterota,Host,6
Methyl red,False,d__Bacteria,p__Campylobacterota,Neither,14
Methyl red,False,d__Bacteria,p__Chloroflexota,Neither,1
Methyl red,False,d__Bacteria,p__Cyanobacteria,Host,13
Methyl red,False,d__Bacteria,p__Cyanobacteria,Neither,2
Methyl red,False,d__Bacteria,p__Deferribacterota,Neither,1
Methyl red,False,d__Bacteria,p__Desulfobacterota_A,Host,5
Methyl red,False,d__Bacteria,p__Desulfobacterota_A,Neither,3
Methyl red,False,d__Bacteria,p__Elusimicrobiota,Host,4
Methyl red,False,d__Bacteria,p__Elusimicrobiota,Neither,2
Methyl red,False,d__Bacteria,p__Eremiobacterota,Neither,1
Methyl red,False,d__Bacteria,p__Fibrobacterota,Host,4
Methyl red,False,d__Bacteria,p__Firmicutes,Host,104
Methyl red,False,d__Bacteria,p__Firmicutes,Neither,83
Methyl red,True,d__Bacteria,p__Firmicutes,Neither,1
Methyl red,False,d__Bacteria,p__Firmicutes_A,Host,438
Methyl red,False,d__Bacteria,p__Firmicutes_A,Neither,173
Methyl red,False,d__Bacteria,p__Firmicutes_B,Host,2
Methyl red,False,d__Bacteria,p__Firmicutes_B,Neither,2
Methyl red,False,d__Bacteria,p__Firmicutes_C,Host,16
Methyl red,False,d__Bacteria,p__Firmicutes_C,Neither,13
Methyl red,False,d__Bacteria,p__Fusobacteriota,Host,2
Methyl red,False,d__Bacteria,p__Fusobacteriota,Neither,15
Methyl red,False,d__Bacteria,p__Myxococcota,Host,2
Methyl red,False,d__Bacteria,p__Patescibacteria,Host,1
Methyl red,False,d__Bacteria,p__Patescibacteria,Neither,3
Methyl red,False,d__Bacteria,p__Planctomycetota,Host,1
Methyl red,False,d__Bacteria,p__Planctomycetota,Neither,1
Methyl red,False,d__Bacteria,p__Proteobacteria,Environment,7
Methyl red,False,d__Bacteria,p__Proteobacteria,Host,19
Methyl red,False,d__Bacteria,p__Proteobacteria,Neither,35
Methyl red,True,d__Bacteria,p__Proteobacteria,Environment,1
Methyl red,True,d__Bacteria,p__Proteobacteria,Host,5
Methyl red,True,d__Bacteria,p__Proteobacteria,Neither,5
Methyl red,False,d__Bacteria,p__Spirochaetota,Host,31
Methyl red,False,d__Bacteria,p__Spirochaetota,Neither,8
Methyl red,False,d__Bacteria,p__Synergistota,Neither,4
Methyl red,False,d__Bacteria,p__Verrucomicrobiota,Host,13
Methyl red,False,d__Bacteria,p__Verrucomicrobiota,Neither,14
Methyl red,False,d__Bacteria,p__Verrucomicrobiota_A,Host,1
Methyl red,False,d__Bacteria,p__Verrucomicrobiota_A,Neither,1
Motile,False,d__Archaea,p__Euryarchaeota,Host,5
Motile,False,d__Archaea,p__Halobacterota,Host,1
Motile,False,d__Archaea,p__Halobacterota,Neither,3
Motile,False,d__Archaea,p__Thermoplasmatota,Host,1
Motile,False,d__Archaea,p__Thermoplasmatota,Neither,3
Motile,False,d__Bacteria,p__Actinobacteriota,Environment,7
Motile,False,d__Bacteria,p__Actinobacteriota,Host,39
Motile,False,d__Bacteria,p__Actinobacteriota,Neither,50
Motile,False,d__Bacteria,p__Armatimonadota,Neither,1
Motile,False,d__Bacteria,p__Bacteroidota,Host,217
Motile,False,d__Bacteria,p__Bacteroidota,Neither,128
Motile,False,d__Bacteria,p__Campylobacterota,Neither,1
Motile,True,d__Bacteria,p__Campylobacterota,Host,6
Motile,True,d__Bacteria,p__Campylobacterota,Neither,13
Motile,False,d__Bacteria,p__Chloroflexota,Neither,1
Motile,False,d__Bacteria,p__Cyanobacteria,Host,6
Motile,False,d__Bacteria,p__Cyanobacteria,Neither,1
Motile,True,d__Bacteria,p__Cyanobacteria,Host,7
Motile,True,d__Bacteria,p__Cyanobacteria,Neither,1
Motile,False,d__Bacteria,p__Deferribacterota,Neither,1
Motile,False,d__Bacteria,p__Desulfobacterota_A,Host,2
Motile,False,d__Bacteria,p__Desulfobacterota_A,Neither,2
Motile,True,d__Bacteria,p__Desulfobacterota_A,Host,3
Motile,True,d__Bacteria,p__Desulfobacterota_A,Neither,1
Motile,False,d__Bacteria,p__Elusimicrobiota,Host,4
Motile,False,d__Bacteria,p__Elusimicrobiota,Neither,2
Motile,False,d__Bacteria,p__Eremiobacterota,Neither,1
Motile,False,d__Bacteria,p__Fibrobacterota,Host,4
Motile,False,d__Bacteria,p__Firmicutes,Host,102
Motile,False,d__Bacteria,p__Firmicutes,Neither,81
Motile,True,d__Bacteria,p__Firmicutes,Host,2
Motile,True,d__Bacteria,p__Firmicutes,Neither,3
Motile,False,d__Bacteria,p__Firmicutes_A,Host,377
Motile,False,d__Bacteria,p__Firmicutes_A,Neither,141
Motile,True,d__Bacteria,p__Firmicutes_A,Host,61
Motile,True,d__Bacteria,p__Firmicutes_A,Neither,32
Motile,False,d__Bacteria,p__Firmicutes_B,Host,2
Motile,False,d__Bacteria,p__Firmicutes_B,Neither,2
Motile,False,d__Bacteria,p__Firmicutes_C,Host,13
Motile,False,d__Bacteria,p__Firmicutes_C,Neither,11
Motile,True,d__Bacteria,p__Firmicutes_C,Host,3
Motile,True,d__Bacteria,p__Firmicutes_C,Neither,2
Motile,False,d__Bacteria,p__Fusobacteriota,Host,2
Motile,False,d__Bacteria,p__Fusobacteriota,Neither,15
Motile,False,d__Bacteria,p__Myxococcota,Host,2
Motile,False,d__Bacteria,p__Patescibacteria,Host,1
Motile,False,d__Bacteria,p__Patescibacteria,Neither,3
Motile,False,d__Bacteria,p__Planctomycetota,Host,1
Motile,False,d__Bacteria,p__Planctomycetota,Neither,1
Motile,False,d__Bacteria,p__Proteobacteria,Host,17
Motile,False,d__Bacteria,p__Proteobacteria,Neither,29
Motile,True,d__Bacteria,p__Proteobacteria,Environment,8
Motile,True,d__Bacteria,p__Proteobacteria,Host,7
Motile,True,d__Bacteria,p__Proteobacteria,Neither,11
Motile,False,d__Bacteria,p__Spirochaetota,Host,5
Motile,False,d__Bacteria,p__Spirochaetota,Neither,6
Motile,True,d__Bacteria,p__Spirochaetota,Host,26
Motile,True,d__Bacteria,p__Spirochaetota,Neither,2
Motile,False,d__Bacteria,p__Synergistota,Neither,4
Motile,False,d__Bacteria,p__Verrucomicrobiota,Host,13
Motile,False,d__Bacteria,p__Verrucomicrobiota,Neither,14
Motile,False,d__Bacteria,p__Verrucomicrobiota_A,Host,1
Motile,False,d__Bacteria,p__Verrucomicrobiota_A,Neither,1
Mucate utilization,False,d__Archaea,p__Euryarchaeota,Host,5
Mucate utilization,False,d__Archaea,p__Halobacterota,Host,1
Mucate utilization,False,d__Archaea,p__Halobacterota,Neither,3
Mucate utilization,False,d__Archaea,p__Thermoplasmatota,Host,1
Mucate utilization,False,d__Archaea,p__Thermoplasmatota,Neither,3
Mucate utilization,False,d__Bacteria,p__Actinobacteriota,Environment,5
Mucate utilization,False,d__Bacteria,p__Actinobacteriota,Host,39
Mucate utilization,False,d__Bacteria,p__Actinobacteriota,Neither,47
Mucate utilization,True,d__Bacteria,p__Actinobacteriota,Environment,2
Mucate utilization,True,d__Bacteria,p__Actinobacteriota,Neither,3
Mucate utilization,False,d__Bacteria,p__Armatimonadota,Neither,1
Mucate utilization,False,d__Bacteria,p__Bacteroidota,Host,217
Mucate utilization,False,d__Bacteria,p__Bacteroidota,Neither,128
Mucate utilization,False,d__Bacteria,p__Campylobacterota,Host,6
Mucate utilization,False,d__Bacteria,p__Campylobacterota,Neither,14
Mucate utilization,False,d__Bacteria,p__Chloroflexota,Neither,1
Mucate utilization,False,d__Bacteria,p__Cyanobacteria,Host,13
Mucate utilization,False,d__Bacteria,p__Cyanobacteria,Neither,2
Mucate utilization,False,d__Bacteria,p__Deferribacterota,Neither,1
Mucate utilization,False,d__Bacteria,p__Desulfobacterota_A,Host,5
Mucate utilization,False,d__Bacteria,p__Desulfobacterota_A,Neither,3
Mucate utilization,False,d__Bacteria,p__Elusimicrobiota,Host,4
Mucate utilization,False,d__Bacteria,p__Elusimicrobiota,Neither,2
Mucate utilization,False,d__Bacteria,p__Eremiobacterota,Neither,1
Mucate utilization,False,d__Bacteria,p__Fibrobacterota,Host,4
Mucate utilization,False,d__Bacteria,p__Firmicutes,Host,103
Mucate utilization,False,d__Bacteria,p__Firmicutes,Neither,84
Mucate utilization,True,d__Bacteria,p__Firmicutes,Host,1
Mucate utilization,False,d__Bacteria,p__Firmicutes_A,Host,432
Mucate utilization,False,d__Bacteria,p__Firmicutes_A,Neither,173
Mucate utilization,True,d__Bacteria,p__Firmicutes_A,Host,6
Mucate utilization,False,d__Bacteria,p__Firmicutes_B,Host,2
Mucate utilization,False,d__Bacteria,p__Firmicutes_B,Neither,2
Mucate utilization,False,d__Bacteria,p__Firmicutes_C,Host,16
Mucate utilization,False,d__Bacteria,p__Firmicutes_C,Neither,13
Mucate utilization,False,d__Bacteria,p__Fusobacteriota,Host,2
Mucate utilization,False,d__Bacteria,p__Fusobacteriota,Neither,15
Mucate utilization,False,d__Bacteria,p__Myxococcota,Host,2
Mucate utilization,False,d__Bacteria,p__Patescibacteria,Host,1
Mucate utilization,False,d__Bacteria,p__Patescibacteria,Neither,3
Mucate utilization,False,d__Bacteria,p__Planctomycetota,Host,1
Mucate utilization,False,d__Bacteria,p__Planctomycetota,Neither,1
Mucate utilization,False,d__Bacteria,p__Proteobacteria,Environment,5
Mucate utilization,False,d__Bacteria,p__Proteobacteria,Host,24
Mucate utilization,False,d__Bacteria,p__Proteobacteria,Neither,38
Mucate utilization,True,d__Bacteria,p__Proteobacteria,Environment,3
Mucate utilization,True,d__Bacteria,p__Proteobacteria,Neither,2
Mucate utilization,False,d__Bacteria,p__Spirochaetota,Host,31
Mucate utilization,False,d__Bacteria,p__Spirochaetota,Neither,8
Mucate utilization,False,d__Bacteria,p__Synergistota,Neither,4
Mucate utilization,False,d__Bacteria,p__Verrucomicrobiota,Host,13
Mucate utilization,False,d__Bacteria,p__Verrucomicrobiota,Neither,14
Mucate utilization,False,d__Bacteria,p__Verrucomicrobiota_A,Host,1
Mucate utilization,False,d__Bacteria,p__Verrucomicrobiota_A,Neither,1
myo-Inositol,False,d__Archaea,p__Euryarchaeota,Host,5
myo-Inositol,False,d__Archaea,p__Halobacterota,Host,1
myo-Inositol,False,d__Archaea,p__Halobacterota,Neither,3
myo-Inositol,False,d__Archaea,p__Thermoplasmatota,Host,1
myo-Inositol,False,d__Archaea,p__Thermoplasmatota,Neither,3
myo-Inositol,False,d__Bacteria,p__Actinobacteriota,Environment,5
myo-Inositol,False,d__Bacteria,p__Actinobacteriota,Host,38
myo-Inositol,False,d__Bacteria,p__Actinobacteriota,Neither,47
myo-Inositol,True,d__Bacteria,p__Actinobacteriota,Environment,2
myo-Inositol,True,d__Bacteria,p__Actinobacteriota,Host,1
myo-Inositol,True,d__Bacteria,p__Actinobacteriota,Neither,3
myo-Inositol,False,d__Bacteria,p__Armatimonadota,Neither,1
myo-Inositol,False,d__Bacteria,p__Bacteroidota,Host,217
myo-Inositol,False,d__Bacteria,p__Bacteroidota,Neither,128
myo-Inositol,False,d__Bacteria,p__Campylobacterota,Host,6
myo-Inositol,False,d__Bacteria,p__Campylobacterota,Neither,14
myo-Inositol,False,d__Bacteria,p__Chloroflexota,Neither,1
myo-Inositol,False,d__Bacteria,p__Cyanobacteria,Host,13
myo-Inositol,False,d__Bacteria,p__Cyanobacteria,Neither,2
myo-Inositol,False,d__Bacteria,p__Deferribacterota,Neither,1
myo-Inositol,False,d__Bacteria,p__Desulfobacterota_A,Host,5
myo-Inositol,False,d__Bacteria,p__Desulfobacterota_A,Neither,3
myo-Inositol,False,d__Bacteria,p__Elusimicrobiota,Host,4
myo-Inositol,False,d__Bacteria,p__Elusimicrobiota,Neither,2
myo-Inositol,False,d__Bacteria,p__Eremiobacterota,Neither,1
myo-Inositol,False,d__Bacteria,p__Fibrobacterota,Host,4
myo-Inositol,False,d__Bacteria,p__Firmicutes,Host,104
myo-Inositol,False,d__Bacteria,p__Firmicutes,Neither,84
myo-Inositol,False,d__Bacteria,p__Firmicutes_A,Host,438
myo-Inositol,False,d__Bacteria,p__Firmicutes_A,Neither,173
myo-Inositol,False,d__Bacteria,p__Firmicutes_B,Host,2
myo-Inositol,False,d__Bacteria,p__Firmicutes_B,Neither,2
myo-Inositol,False,d__Bacteria,p__Firmicutes_C,Host,16
myo-Inositol,False,d__Bacteria,p__Firmicutes_C,Neither,13
myo-Inositol,False,d__Bacteria,p__Fusobacteriota,Host,2
myo-Inositol,False,d__Bacteria,p__Fusobacteriota,Neither,15
myo-Inositol,False,d__Bacteria,p__Myxococcota,Host,2
myo-Inositol,False,d__Bacteria,p__Patescibacteria,Host,1
myo-Inositol,False,d__Bacteria,p__Patescibacteria,Neither,3
myo-Inositol,False,d__Bacteria,p__Planctomycetota,Host,1
myo-Inositol,False,d__Bacteria,p__Planctomycetota,Neither,1
myo-Inositol,False,d__Bacteria,p__Proteobacteria,Environment,8
myo-Inositol,False,d__Bacteria,p__Proteobacteria,Host,24
myo-Inositol,False,d__Bacteria,p__Proteobacteria,Neither,38
myo-Inositol,True,d__Bacteria,p__Proteobacteria,Neither,2
myo-Inositol,False,d__Bacteria,p__Spirochaetota,Host,31
myo-Inositol,False,d__Bacteria,p__Spirochaetota,Neither,8
myo-Inositol,False,d__Bacteria,p__Synergistota,Neither,4
myo-Inositol,False,d__Bacteria,p__Verrucomicrobiota,Host,13
myo-Inositol,False,d__Bacteria,p__Verrucomicrobiota,Neither,14
myo-Inositol,False,d__Bacteria,p__Verrucomicrobiota_A,Host,1
myo-Inositol,False,d__Bacteria,p__Verrucomicrobiota_A,Neither,1
Nitrate to nitrite,False,d__Archaea,p__Euryarchaeota,Host,5
Nitrate to nitrite,False,d__Archaea,p__Halobacterota,Host,1
Nitrate to nitrite,False,d__Archaea,p__Halobacterota,Neither,3
Nitrate to nitrite,False,d__Archaea,p__Thermoplasmatota,Host,1
Nitrate to nitrite,False,d__Archaea,p__Thermoplasmatota,Neither,3
Nitrate to nitrite,False,d__Bacteria,p__Actinobacteriota,Environment,5
Nitrate to nitrite,False,d__Bacteria,p__Actinobacteriota,Host,35
Nitrate to nitrite,False,d__Bacteria,p__Actinobacteriota,Neither,39
Nitrate to nitrite,True,d__Bacteria,p__Actinobacteriota,Environment,2
Nitrate to nitrite,True,d__Bacteria,p__Actinobacteriota,Host,4
Nitrate to nitrite,True,d__Bacteria,p__Actinobacteriota,Neither,11
Nitrate to nitrite,False,d__Bacteria,p__Armatimonadota,Neither,1
Nitrate to nitrite,False,d__Bacteria,p__Bacteroidota,Host,216
Nitrate to nitrite,False,d__Bacteria,p__Bacteroidota,Neither,126
Nitrate to nitrite,True,d__Bacteria,p__Bacteroidota,Host,1
Nitrate to nitrite,True,d__Bacteria,p__Bacteroidota,Neither,2
Nitrate to nitrite,False,d__Bacteria,p__Campylobacterota,Host,2
Nitrate to nitrite,False,d__Bacteria,p__Campylobacterota,Neither,4
Nitrate to nitrite,True,d__Bacteria,p__Campylobacterota,Host,4
Nitrate to nitrite,True,d__Bacteria,p__Campylobacterota,Neither,10
Nitrate to nitrite,False,d__Bacteria,p__Chloroflexota,Neither,1
Nitrate to nitrite,False,d__Bacteria,p__Cyanobacteria,Host,13
Nitrate to nitrite,False,d__Bacteria,p__Cyanobacteria,Neither,2
Nitrate to nitrite,True,d__Bacteria,p__Deferribacterota,Neither,1
Nitrate to nitrite,False,d__Bacteria,p__Desulfobacterota_A,Neither,1
Nitrate to nitrite,True,d__Bacteria,p__Desulfobacterota_A,Host,5
Nitrate to nitrite,True,d__Bacteria,p__Desulfobacterota_A,Neither,2
Nitrate to nitrite,False,d__Bacteria,p__Elusimicrobiota,Host,4
Nitrate to nitrite,False,d__Bacteria,p__Elusimicrobiota,Neither,2
Nitrate to nitrite,False,d__Bacteria,p__Eremiobacterota,Neither,1
Nitrate to nitrite,False,d__Bacteria,p__Fibrobacterota,Host,4
Nitrate to nitrite,False,d__Bacteria,p__Firmicutes,Host,102
Nitrate to nitrite,False,d__Bacteria,p__Firmicutes,Neither,83
Nitrate to nitrite,True,d__Bacteria,p__Firmicutes,Host,2
Nitrate to nitrite,True,d__Bacteria,p__Firmicutes,Neither,1
Nitrate to nitrite,False,d__Bacteria,p__Firmicutes_A,Host,438
Nitrate to nitrite,False,d__Bacteria,p__Firmicutes_A,Neither,172
Nitrate to nitrite,True,d__Bacteria,p__Firmicutes_A,Neither,1
Nitrate to nitrite,False,d__Bacteria,p__Firmicutes_B,Host,2
Nitrate to nitrite,False,d__Bacteria,p__Firmicutes_B,Neither,2
Nitrate to nitrite,False,d__Bacteria,p__Firmicutes_C,Host,16
Nitrate to nitrite,False,d__Bacteria,p__Firmicutes_C,Neither,10
Nitrate to nitrite,True,d__Bacteria,p__Firmicutes_C,Neither,3
Nitrate to nitrite,False,d__Bacteria,p__Fusobacteriota,Host,2
Nitrate to nitrite,False,d__Bacteria,p__Fusobacteriota,Neither,15
Nitrate to nitrite,False,d__Bacteria,p__Myxococcota,Host,2
Nitrate to nitrite,False,d__Bacteria,p__Patescibacteria,Host,1
Nitrate to nitrite,False,d__Bacteria,p__Patescibacteria,Neither,3
Nitrate to nitrite,False,d__Bacteria,p__Planctomycetota,Host,1
Nitrate to nitrite,False,d__Bacteria,p__Planctomycetota,Neither,1
Nitrate to nitrite,False,d__Bacteria,p__Proteobacteria,Environment,4
Nitrate to nitrite,False,d__Bacteria,p__Proteobacteria,Host,16
Nitrate to nitrite,False,d__Bacteria,p__Proteobacteria,Neither,23
Nitrate to nitrite,True,d__Bacteria,p__Proteobacteria,Environment,4
Nitrate to nitrite,True,d__Bacteria,p__Proteobacteria,Host,8
Nitrate to nitrite,True,d__Bacteria,p__Proteobacteria,Neither,17
Nitrate to nitrite,False,d__Bacteria,p__Spirochaetota,Host,31
Nitrate to nitrite,False,d__Bacteria,p__Spirochaetota,Neither,8
Nitrate to nitrite,False,d__Bacteria,p__Synergistota,Neither,4
Nitrate to nitrite,False,d__Bacteria,p__Verrucomicrobiota,Host,13
Nitrate to nitrite,False,d__Bacteria,p__Verrucomicrobiota,Neither,14
Nitrate to nitrite,False,d__Bacteria,p__Verrucomicrobiota_A,Host,1
Nitrate to nitrite,False,d__Bacteria,p__Verrucomicrobiota_A,Neither,1
Nitrite to gas,False,d__Archaea,p__Euryarchaeota,Host,5
Nitrite to gas,False,d__Archaea,p__Halobacterota,Host,1
Nitrite to gas,False,d__Archaea,p__Halobacterota,Neither,3
Nitrite to gas,False,d__Archaea,p__Thermoplasmatota,Host,1
Nitrite to gas,False,d__Archaea,p__Thermoplasmatota,Neither,3
Nitrite to gas,False,d__Bacteria,p__Actinobacteriota,Environment,7
Nitrite to gas,False,d__Bacteria,p__Actinobacteriota,Host,39
Nitrite to gas,False,d__Bacteria,p__Actinobacteriota,Neither,50
Nitrite to gas,False,d__Bacteria,p__Armatimonadota,Neither,1
Nitrite to gas,False,d__Bacteria,p__Bacteroidota,Host,217
Nitrite to gas,False,d__Bacteria,p__Bacteroidota,Neither,128
Nitrite to gas,False,d__Bacteria,p__Campylobacterota,Host,6
Nitrite to gas,False,d__Bacteria,p__Campylobacterota,Neither,14
Nitrite to gas,False,d__Bacteria,p__Chloroflexota,Neither,1
Nitrite to gas,False,d__Bacteria,p__Cyanobacteria,Host,13
Nitrite to gas,False,d__Bacteria,p__Cyanobacteria,Neither,2
Nitrite to gas,False,d__Bacteria,p__Deferribacterota,Neither,1
Nitrite to gas,False,d__Bacteria,p__Desulfobacterota_A,Host,5
Nitrite to gas,False,d__Bacteria,p__Desulfobacterota_A,Neither,3
Nitrite to gas,False,d__Bacteria,p__Elusimicrobiota,Host,4
Nitrite to gas,False,d__Bacteria,p__Elusimicrobiota,Neither,2
Nitrite to gas,False,d__Bacteria,p__Eremiobacterota,Neither,1
Nitrite to gas,False,d__Bacteria,p__Fibrobacterota,Host,4
Nitrite to gas,False,d__Bacteria,p__Firmicutes,Host,104
Nitrite to gas,False,d__Bacteria,p__Firmicutes,Neither,84
Nitrite to gas,False,d__Bacteria,p__Firmicutes_A,Host,438
Nitrite to gas,False,d__Bacteria,p__Firmicutes_A,Neither,173
Nitrite to gas,False,d__Bacteria,p__Firmicutes_B,Host,2
Nitrite to gas,False,d__Bacteria,p__Firmicutes_B,Neither,2
Nitrite to gas,False,d__Bacteria,p__Firmicutes_C,Host,16
Nitrite to gas,False,d__Bacteria,p__Firmicutes_C,Neither,13
Nitrite to gas,False,d__Bacteria,p__Fusobacteriota,Host,2
Nitrite to gas,False,d__Bacteria,p__Fusobacteriota,Neither,15
Nitrite to gas,False,d__Bacteria,p__Myxococcota,Host,2
Nitrite to gas,False,d__Bacteria,p__Patescibacteria,Host,1
Nitrite to gas,False,d__Bacteria,p__Patescibacteria,Neither,3
Nitrite to gas,False,d__Bacteria,p__Planctomycetota,Host,1
Nitrite to gas,False,d__Bacteria,p__Planctomycetota,Neither,1
Nitrite to gas,False,d__Bacteria,p__Proteobacteria,Environment,5
Nitrite to gas,False,d__Bacteria,p__Proteobacteria,Host,23
Nitrite to gas,False,d__Bacteria,p__Proteobacteria,Neither,40
Nitrite to gas,True,d__Bacteria,p__Proteobacteria,Environment,3
Nitrite to gas,True,d__Bacteria,p__Proteobacteria,Host,1
Nitrite to gas,False,d__Bacteria,p__Spirochaetota,Host,31
Nitrite to gas,False,d__Bacteria,p__Spirochaetota,Neither,8
Nitrite to gas,False,d__Bacteria,p__Synergistota,Neither,4
Nitrite to gas,False,d__Bacteria,p__Verrucomicrobiota,Host,13
Nitrite to gas,False,d__Bacteria,p__Verrucomicrobiota,Neither,14
Nitrite to gas,False,d__Bacteria,p__Verrucomicrobiota_A,Host,1
Nitrite to gas,False,d__Bacteria,p__Verrucomicrobiota_A,Neither,1
ONPG (beta galactosidase),False,d__Archaea,p__Euryarchaeota,Host,5
ONPG (beta galactosidase),False,d__Archaea,p__Halobacterota,Host,1
ONPG (beta galactosidase),False,d__Archaea,p__Halobacterota,Neither,3
ONPG (beta galactosidase),False,d__Archaea,p__Thermoplasmatota,Host,1
ONPG (beta galactosidase),False,d__Archaea,p__Thermoplasmatota,Neither,3
ONPG (beta galactosidase),False,d__Bacteria,p__Actinobacteriota,Environment,4
ONPG (beta galactosidase),False,d__Bacteria,p__Actinobacteriota,Host,18
ONPG (beta galactosidase),False,d__Bacteria,p__Actinobacteriota,Neither,41
ONPG (beta galactosidase),True,d__Bacteria,p__Actinobacteriota,Environment,3
ONPG (beta galactosidase),True,d__Bacteria,p__Actinobacteriota,Host,21
ONPG (beta galactosidase),True,d__Bacteria,p__Actinobacteriota,Neither,9
ONPG (beta galactosidase),True,d__Bacteria,p__Armatimonadota,Neither,1
ONPG (beta galactosidase),False,d__Bacteria,p__Bacteroidota,Host,35
ONPG (beta galactosidase),False,d__Bacteria,p__Bacteroidota,Neither,36
ONPG (beta galactosidase),True,d__Bacteria,p__Bacteroidota,Host,182
ONPG (beta galactosidase),True,d__Bacteria,p__Bacteroidota,Neither,92
ONPG (beta galactosidase),False,d__Bacteria,p__Campylobacterota,Host,6
ONPG (beta galactosidase),False,d__Bacteria,p__Campylobacterota,Neither,14
ONPG (beta galactosidase),False,d__Bacteria,p__Chloroflexota,Neither,1
ONPG (beta galactosidase),False,d__Bacteria,p__Cyanobacteria,Host,13
ONPG (beta galactosidase),False,d__Bacteria,p__Cyanobacteria,Neither,2
ONPG (beta galactosidase),False,d__Bacteria,p__Deferribacterota,Neither,1
ONPG (beta galactosidase),False,d__Bacteria,p__Desulfobacterota_A,Host,5
ONPG (beta galactosidase),False,d__Bacteria,p__Desulfobacterota_A,Neither,3
ONPG (beta galactosidase),False,d__Bacteria,p__Elusimicrobiota,Host,4
ONPG (beta galactosidase),False,d__Bacteria,p__Elusimicrobiota,Neither,2
ONPG (beta galactosidase),False,d__Bacteria,p__Eremiobacterota,Neither,1
ONPG (beta galactosidase),False,d__Bacteria,p__Fibrobacterota,Host,3
ONPG (beta galactosidase),True,d__Bacteria,p__Fibrobacterota,Host,1
ONPG (beta galactosidase),False,d__Bacteria,p__Firmicutes,Host,68
ONPG (beta galactosidase),False,d__Bacteria,p__Firmicutes,Neither,51
ONPG (beta galactosidase),True,d__Bacteria,p__Firmicutes,Host,36
ONPG (beta galactosidase),True,d__Bacteria,p__Firmicutes,Neither,33
ONPG (beta galactosidase),False,d__Bacteria,p__Firmicutes_A,Host,179
ONPG (beta galactosidase),False,d__Bacteria,p__Firmicutes_A,Neither,69
ONPG (beta galactosidase),True,d__Bacteria,p__Firmicutes_A,Host,259
ONPG (beta galactosidase),True,d__Bacteria,p__Firmicutes_A,Neither,104
ONPG (beta galactosidase),False,d__Bacteria,p__Firmicutes_B,Host,2
ONPG (beta galactosidase),False,d__Bacteria,p__Firmicutes_B,Neither,2
ONPG (beta galactosidase),False,d__Bacteria,p__Firmicutes_C,Host,9
ONPG (beta galactosidase),False,d__Bacteria,p__Firmicutes_C,Neither,11
ONPG (beta galactosidase),True,d__Bacteria,p__Firmicutes_C,Host,7
ONPG (beta galactosidase),True,d__Bacteria,p__Firmicutes_C,Neither,2
ONPG (beta galactosidase),False,d__Bacteria,p__Fusobacteriota,Host,2
ONPG (beta galactosidase),False,d__Bacteria,p__Fusobacteriota,Neither,11
ONPG (beta galactosidase),True,d__Bacteria,p__Fusobacteriota,Neither,4
ONPG (beta galactosidase),False,d__Bacteria,p__Myxococcota,Host,2
ONPG (beta galactosidase),False,d__Bacteria,p__Patescibacteria,Host,1
ONPG (beta galactosidase),False,d__Bacteria,p__Patescibacteria,Neither,3
ONPG (beta galactosidase),True,d__Bacteria,p__Planctomycetota,Host,1
ONPG (beta galactosidase),True,d__Bacteria,p__Planctomycetota,Neither,1
ONPG (beta galactosidase),False,d__Bacteria,p__Proteobacteria,Environment,7
ONPG (beta galactosidase),False,d__Bacteria,p__Proteobacteria,Host,18
ONPG (beta galactosidase),False,d__Bacteria,p__Proteobacteria,Neither,30
ONPG (beta galactosidase),True,d__Bacteria,p__Proteobacteria,Environment,1
ONPG (beta galactosidase),True,d__Bacteria,p__Proteobacteria,Host,6
ONPG (beta galactosidase),True,d__Bacteria,p__Proteobacteria,Neither,10
ONPG (beta galactosidase),False,d__Bacteria,p__Spirochaetota,Host,10
ONPG (beta galactosidase),False,d__Bacteria,p__Spirochaetota,Neither,3
ONPG (beta galactosidase),True,d__Bacteria,p__Spirochaetota,Host,21
ONPG (beta galactosidase),True,d__Bacteria,p__Spirochaetota,Neither,5
ONPG (beta galactosidase),False,d__Bacteria,p__Synergistota,Neither,4
ONPG (beta galactosidase),False,d__Bacteria,p__Verrucomicrobiota,Neither,3
ONPG (beta galactosidase),True,d__Bacteria,p__Verrucomicrobiota,Host,13
ONPG (beta galactosidase),True,d__Bacteria,p__Verrucomicrobiota,Neither,11
ONPG (beta galactosidase),False,d__Bacteria,p__Verrucomicrobiota_A,Host,1
ONPG (beta galactosidase),False,d__Bacteria,p__Verrucomicrobiota_A,Neither,1
Ornithine decarboxylase,False,d__Archaea,p__Euryarchaeota,Host,5
Ornithine decarboxylase,False,d__Archaea,p__Halobacterota,Host,1
Ornithine decarboxylase,False,d__Archaea,p__Halobacterota,Neither,3
Ornithine decarboxylase,False,d__Archaea,p__Thermoplasmatota,Host,1
Ornithine decarboxylase,False,d__Archaea,p__Thermoplasmatota,Neither,3
Ornithine decarboxylase,False,d__Bacteria,p__Actinobacteriota,Environment,7
Ornithine decarboxylase,False,d__Bacteria,p__Actinobacteriota,Host,39
Ornithine decarboxylase,False,d__Bacteria,p__Actinobacteriota,Neither,50
Ornithine decarboxylase,False,d__Bacteria,p__Armatimonadota,Neither,1
Ornithine decarboxylase,False,d__Bacteria,p__Bacteroidota,Host,217
Ornithine decarboxylase,False,d__Bacteria,p__Bacteroidota,Neither,128
Ornithine decarboxylase,False,d__Bacteria,p__Campylobacterota,Host,6
Ornithine decarboxylase,False,d__Bacteria,p__Campylobacterota,Neither,13
Ornithine decarboxylase,True,d__Bacteria,p__Campylobacterota,Neither,1
Ornithine decarboxylase,False,d__Bacteria,p__Chloroflexota,Neither,1
Ornithine decarboxylase,False,d__Bacteria,p__Cyanobacteria,Host,13
Ornithine decarboxylase,False,d__Bacteria,p__Cyanobacteria,Neither,2
Ornithine decarboxylase,False,d__Bacteria,p__Deferribacterota,Neither,1
Ornithine decarboxylase,False,d__Bacteria,p__Desulfobacterota_A,Host,5
Ornithine decarboxylase,False,d__Bacteria,p__Desulfobacterota_A,Neither,3
Ornithine decarboxylase,False,d__Bacteria,p__Elusimicrobiota,Host,4
Ornithine decarboxylase,False,d__Bacteria,p__Elusimicrobiota,Neither,2
Ornithine decarboxylase,False,d__Bacteria,p__Eremiobacterota,Neither,1
Ornithine decarboxylase,False,d__Bacteria,p__Fibrobacterota,Host,4
Ornithine decarboxylase,False,d__Bacteria,p__Firmicutes,Host,104
Ornithine decarboxylase,False,d__Bacteria,p__Firmicutes,Neither,84
Ornithine decarboxylase,False,d__Bacteria,p__Firmicutes_A,Host,437
Ornithine decarboxylase,False,d__Bacteria,p__Firmicutes_A,Neither,173
Ornithine decarboxylase,True,d__Bacteria,p__Firmicutes_A,Host,1
Ornithine decarboxylase,False,d__Bacteria,p__Firmicutes_B,Host,2
Ornithine decarboxylase,False,d__Bacteria,p__Firmicutes_B,Neither,2
Ornithine decarboxylase,False,d__Bacteria,p__Firmicutes_C,Host,16
Ornithine decarboxylase,False,d__Bacteria,p__Firmicutes_C,Neither,10
Ornithine decarboxylase,True,d__Bacteria,p__Firmicutes_C,Neither,3
Ornithine decarboxylase,False,d__Bacteria,p__Fusobacteriota,Host,1
Ornithine decarboxylase,False,d__Bacteria,p__Fusobacteriota,Neither,11
Ornithine decarboxylase,True,d__Bacteria,p__Fusobacteriota,Host,1
Ornithine decarboxylase,True,d__Bacteria,p__Fusobacteriota,Neither,4
Ornithine decarboxylase,False,d__Bacteria,p__Myxococcota,Host,2
Ornithine decarboxylase,False,d__Bacteria,p__Patescibacteria,Host,1
Ornithine decarboxylase,False,d__Bacteria,p__Patescibacteria,Neither,3
Ornithine decarboxylase,False,d__Bacteria,p__Planctomycetota,Host,1
Ornithine decarboxylase,False,d__Bacteria,p__Planctomycetota,Neither,1
Ornithine decarboxylase,False,d__Bacteria,p__Proteobacteria,Environment,8
Ornithine decarboxylase,False,d__Bacteria,p__Proteobacteria,Host,17
Ornithine decarboxylase,False,d__Bacteria,p__Proteobacteria,Neither,27
Ornithine decarboxylase,True,d__Bacteria,p__Proteobacteria,Host,7
Ornithine decarboxylase,True,d__Bacteria,p__Proteobacteria,Neither,13
Ornithine decarboxylase,False,d__Bacteria,p__Spirochaetota,Host,31
Ornithine decarboxylase,False,d__Bacteria,p__Spirochaetota,Neither,8
Ornithine decarboxylase,False,d__Bacteria,p__Synergistota,Neither,4
Ornithine decarboxylase,False,d__Bacteria,p__Verrucomicrobiota,Host,12
Ornithine decarboxylase,False,d__Bacteria,p__Verrucomicrobiota,Neither,14
Ornithine decarboxylase,True,d__Bacteria,p__Verrucomicrobiota,Host,1
Ornithine decarboxylase,False,d__Bacteria,p__Verrucomicrobiota_A,Host,1
Ornithine decarboxylase,False,d__Bacteria,p__Verrucomicrobiota_A,Neither,1
Oxidase,False,d__Archaea,p__Euryarchaeota,Host,5
Oxidase,False,d__Archaea,p__Halobacterota,Host,1
Oxidase,False,d__Archaea,p__Halobacterota,Neither,3
Oxidase,False,d__Archaea,p__Thermoplasmatota,Host,1
Oxidase,False,d__Archaea,p__Thermoplasmatota,Neither,3
Oxidase,False,d__Bacteria,p__Actinobacteriota,Environment,7
Oxidase,False,d__Bacteria,p__Actinobacteriota,Host,36
Oxidase,False,d__Bacteria,p__Actinobacteriota,Neither,45
Oxidase,True,d__Bacteria,p__Actinobacteriota,Host,3
Oxidase,True,d__Bacteria,p__Actinobacteriota,Neither,5
Oxidase,False,d__Bacteria,p__Armatimonadota,Neither,1
Oxidase,False,d__Bacteria,p__Bacteroidota,Host,217
Oxidase,False,d__Bacteria,p__Bacteroidota,Neither,126
Oxidase,True,d__Bacteria,p__Bacteroidota,Neither,2
Oxidase,False,d__Bacteria,p__Campylobacterota,Host,1
Oxidase,False,d__Bacteria,p__Campylobacterota,Neither,4
Oxidase,True,d__Bacteria,p__Campylobacterota,Host,5
Oxidase,True,d__Bacteria,p__Campylobacterota,Neither,10
Oxidase,False,d__Bacteria,p__Chloroflexota,Neither,1
Oxidase,False,d__Bacteria,p__Cyanobacteria,Host,13
Oxidase,False,d__Bacteria,p__Cyanobacteria,Neither,2
Oxidase,False,d__Bacteria,p__Deferribacterota,Neither,1
Oxidase,False,d__Bacteria,p__Desulfobacterota_A,Host,5
Oxidase,False,d__Bacteria,p__Desulfobacterota_A,Neither,3
Oxidase,False,d__Bacteria,p__Elusimicrobiota,Host,4
Oxidase,False,d__Bacteria,p__Elusimicrobiota,Neither,2
Oxidase,False,d__Bacteria,p__Eremiobacterota,Neither,1
Oxidase,False,d__Bacteria,p__Fibrobacterota,Host,4
Oxidase,False,d__Bacteria,p__Firmicutes,Host,104
Oxidase,False,d__Bacteria,p__Firmicutes,Neither,82
Oxidase,True,d__Bacteria,p__Firmicutes,Neither,2
Oxidase,False,d__Bacteria,p__Firmicutes_A,Host,438
Oxidase,False,d__Bacteria,p__Firmicutes_A,Neither,173
Oxidase,False,d__Bacteria,p__Firmicutes_B,Host,2
Oxidase,False,d__Bacteria,p__Firmicutes_B,Neither,2
Oxidase,False,d__Bacteria,p__Firmicutes_C,Host,16
Oxidase,False,d__Bacteria,p__Firmicutes_C,Neither,13
Oxidase,False,d__Bacteria,p__Fusobacteriota,Host,2
Oxidase,False,d__Bacteria,p__Fusobacteriota,Neither,15
Oxidase,False,d__Bacteria,p__Myxococcota,Host,2
Oxidase,False,d__Bacteria,p__Patescibacteria,Host,1
Oxidase,False,d__Bacteria,p__Patescibacteria,Neither,3
Oxidase,False,d__Bacteria,p__Planctomycetota,Host,1
Oxidase,False,d__Bacteria,p__Planctomycetota,Neither,1
Oxidase,False,d__Bacteria,p__Proteobacteria,Environment,3
Oxidase,False,d__Bacteria,p__Proteobacteria,Host,22
Oxidase,False,d__Bacteria,p__Proteobacteria,Neither,24
Oxidase,True,d__Bacteria,p__Proteobacteria,Environment,5
Oxidase,True,d__Bacteria,p__Proteobacteria,Host,2
Oxidase,True,d__Bacteria,p__Proteobacteria,Neither,16
Oxidase,False,d__Bacteria,p__Spirochaetota,Host,31
Oxidase,False,d__Bacteria,p__Spirochaetota,Neither,8
Oxidase,False,d__Bacteria,p__Synergistota,Neither,4
Oxidase,False,d__Bacteria,p__Verrucomicrobiota,Host,13
Oxidase,False,d__Bacteria,p__Verrucomicrobiota,Neither,14
Oxidase,False,d__Bacteria,p__Verrucomicrobiota_A,Host,1
Oxidase,False,d__Bacteria,p__Verrucomicrobiota_A,Neither,1
Pyrrolidonyl-beta-naphthylamide,False,d__Archaea,p__Euryarchaeota,Host,5
Pyrrolidonyl-beta-naphthylamide,False,d__Archaea,p__Halobacterota,Host,1
Pyrrolidonyl-beta-naphthylamide,False,d__Archaea,p__Halobacterota,Neither,3
Pyrrolidonyl-beta-naphthylamide,False,d__Archaea,p__Thermoplasmatota,Host,1
Pyrrolidonyl-beta-naphthylamide,False,d__Archaea,p__Thermoplasmatota,Neither,3
Pyrrolidonyl-beta-naphthylamide,False,d__Bacteria,p__Actinobacteriota,Environment,6
Pyrrolidonyl-beta-naphthylamide,False,d__Bacteria,p__Actinobacteriota,Host,34
Pyrrolidonyl-beta-naphthylamide,False,d__Bacteria,p__Actinobacteriota,Neither,49
Pyrrolidonyl-beta-naphthylamide,True,d__Bacteria,p__Actinobacteriota,Environment,1
Pyrrolidonyl-beta-naphthylamide,True,d__Bacteria,p__Actinobacteriota,Host,5
Pyrrolidonyl-beta-naphthylamide,True,d__Bacteria,p__Actinobacteriota,Neither,1
Pyrrolidonyl-beta-naphthylamide,False,d__Bacteria,p__Armatimonadota,Neither,1
Pyrrolidonyl-beta-naphthylamide,False,d__Bacteria,p__Bacteroidota,Host,210
Pyrrolidonyl-beta-naphthylamide,False,d__Bacteria,p__Bacteroidota,Neither,126
Pyrrolidonyl-beta-naphthylamide,True,d__Bacteria,p__Bacteroidota,Host,7
Pyrrolidonyl-beta-naphthylamide,True,d__Bacteria,p__Bacteroidota,Neither,2
Pyrrolidonyl-beta-naphthylamide,False,d__Bacteria,p__Campylobacterota,Host,6
Pyrrolidonyl-beta-naphthylamide,False,d__Bacteria,p__Campylobacterota,Neither,14
Pyrrolidonyl-beta-naphthylamide,False,d__Bacteria,p__Chloroflexota,Neither,1
Pyrrolidonyl-beta-naphthylamide,False,d__Bacteria,p__Cyanobacteria,Host,13
Pyrrolidonyl-beta-naphthylamide,False,d__Bacteria,p__Cyanobacteria,Neither,2
Pyrrolidonyl-beta-naphthylamide,False,d__Bacteria,p__Deferribacterota,Neither,1
Pyrrolidonyl-beta-naphthylamide,False,d__Bacteria,p__Desulfobacterota_A,Host,5
Pyrrolidonyl-beta-naphthylamide,False,d__Bacteria,p__Desulfobacterota_A,Neither,3
Pyrrolidonyl-beta-naphthylamide,False,d__Bacteria,p__Elusimicrobiota,Host,4
Pyrrolidonyl-beta-naphthylamide,False,d__Bacteria,p__Elusimicrobiota,Neither,1
Pyrrolidonyl-beta-naphthylamide,True,d__Bacteria,p__Elusimicrobiota,Neither,1
Pyrrolidonyl-beta-naphthylamide,True,d__Bacteria,p__Eremiobacterota,Neither,1
Pyrrolidonyl-beta-naphthylamide,False,d__Bacteria,p__Fibrobacterota,Host,4
Pyrrolidonyl-beta-naphthylamide,False,d__Bacteria,p__Firmicutes,Host,89
Pyrrolidonyl-beta-naphthylamide,False,d__Bacteria,p__Firmicutes,Neither,69
Pyrrolidonyl-beta-naphthylamide,True,d__Bacteria,p__Firmicutes,Host,15
Pyrrolidonyl-beta-naphthylamide,True,d__Bacteria,p__Firmicutes,Neither,15
Pyrrolidonyl-beta-naphthylamide,False,d__Bacteria,p__Firmicutes_A,Host,403
Pyrrolidonyl-beta-naphthylamide,False,d__Bacteria,p__Firmicutes_A,Neither,165
Pyrrolidonyl-beta-naphthylamide,True,d__Bacteria,p__Firmicutes_A,Host,35
Pyrrolidonyl-beta-naphthylamide,True,d__Bacteria,p__Firmicutes_A,Neither,8
Pyrrolidonyl-beta-naphthylamide,False,d__Bacteria,p__Firmicutes_B,Host,2
Pyrrolidonyl-beta-naphthylamide,False,d__Bacteria,p__Firmicutes_B,Neither,2
Pyrrolidonyl-beta-naphthylamide,False,d__Bacteria,p__Firmicutes_C,Host,16
Pyrrolidonyl-beta-naphthylamide,False,d__Bacteria,p__Firmicutes_C,Neither,12
Pyrrolidonyl-beta-naphthylamide,True,d__Bacteria,p__Firmicutes_C,Neither,1
Pyrrolidonyl-beta-naphthylamide,False,d__Bacteria,p__Fusobacteriota,Host,1
Pyrrolidonyl-beta-naphthylamide,False,d__Bacteria,p__Fusobacteriota,Neither,5
Pyrrolidonyl-beta-naphthylamide,True,d__Bacteria,p__Fusobacteriota,Host,1
Pyrrolidonyl-beta-naphthylamide,True,d__Bacteria,p__Fusobacteriota,Neither,10
Pyrrolidonyl-beta-naphthylamide,False,d__Bacteria,p__Myxococcota,Host,2
Pyrrolidonyl-beta-naphthylamide,False,d__Bacteria,p__Patescibacteria,Host,1
Pyrrolidonyl-beta-naphthylamide,False,d__Bacteria,p__Patescibacteria,Neither,3
Pyrrolidonyl-beta-naphthylamide,False,d__Bacteria,p__Planctomycetota,Host,1
Pyrrolidonyl-beta-naphthylamide,False,d__Bacteria,p__Planctomycetota,Neither,1
Pyrrolidonyl-beta-naphthylamide,False,d__Bacteria,p__Proteobacteria,Environment,7
Pyrrolidonyl-beta-naphthylamide,False,d__Bacteria,p__Proteobacteria,Host,22
Pyrrolidonyl-beta-naphthylamide,False,d__Bacteria,p__Proteobacteria,Neither,36
Pyrrolidonyl-beta-naphthylamide,True,d__Bacteria,p__Proteobacteria,Environment,1
Pyrrolidonyl-beta-naphthylamide,True,d__Bacteria,p__Proteobacteria,Host,2
Pyrrolidonyl-beta-naphthylamide,True,d__Bacteria,p__Proteobacteria,Neither,4
Pyrrolidonyl-beta-naphthylamide,False,d__Bacteria,p__Spirochaetota,Host,31
Pyrrolidonyl-beta-naphthylamide,False,d__Bacteria,p__Spirochaetota,Neither,8
Pyrrolidonyl-beta-naphthylamide,False,d__Bacteria,p__Synergistota,Neither,4
Pyrrolidonyl-beta-naphthylamide,False,d__Bacteria,p__Verrucomicrobiota,Host,13
Pyrrolidonyl-beta-naphthylamide,False,d__Bacteria,p__Verrucomicrobiota,Neither,14
Pyrrolidonyl-beta-naphthylamide,False,d__Bacteria,p__Verrucomicrobiota_A,Host,1
Pyrrolidonyl-beta-naphthylamide,False,d__Bacteria,p__Verrucomicrobiota_A,Neither,1
Raffinose,False,d__Archaea,p__Euryarchaeota,Host,5
Raffinose,False,d__Archaea,p__Halobacterota,Host,1
Raffinose,False,d__Archaea,p__Halobacterota,Neither,3
Raffinose,False,d__Archaea,p__Thermoplasmatota,Host,1
Raffinose,False,d__Archaea,p__Thermoplasmatota,Neither,3
Raffinose,False,d__Bacteria,p__Actinobacteriota,Environment,6
Raffinose,False,d__Bacteria,p__Actinobacteriota,Host,31
Raffinose,False,d__Bacteria,p__Actinobacteriota,Neither,49
Raffinose,True,d__Bacteria,p__Actinobacteriota,Environment,1
Raffinose,True,d__Bacteria,p__Actinobacteriota,Host,8
Raffinose,True,d__Bacteria,p__Actinobacteriota,Neither,1
Raffinose,False,d__Bacteria,p__Armatimonadota,Neither,1
Raffinose,False,d__Bacteria,p__Bacteroidota,Host,76
Raffinose,False,d__Bacteria,p__Bacteroidota,Neither,84
Raffinose,True,d__Bacteria,p__Bacteroidota,Host,141
Raffinose,True,d__Bacteria,p__Bacteroidota,Neither,44
Raffinose,False,d__Bacteria,p__Campylobacterota,Host,6
Raffinose,False,d__Bacteria,p__Campylobacterota,Neither,14
Raffinose,False,d__Bacteria,p__Chloroflexota,Neither,1
Raffinose,False,d__Bacteria,p__Cyanobacteria,Host,13
Raffinose,False,d__Bacteria,p__Cyanobacteria,Neither,2
Raffinose,False,d__Bacteria,p__Deferribacterota,Neither,1
Raffinose,False,d__Bacteria,p__Desulfobacterota_A,Host,5
Raffinose,False,d__Bacteria,p__Desulfobacterota_A,Neither,3
Raffinose,False,d__Bacteria,p__Elusimicrobiota,Host,4
Raffinose,False,d__Bacteria,p__Elusimicrobiota,Neither,2
Raffinose,False,d__Bacteria,p__Eremiobacterota,Neither,1
Raffinose,False,d__Bacteria,p__Fibrobacterota,Host,4
Raffinose,False,d__Bacteria,p__Firmicutes,Host,90
Raffinose,False,d__Bacteria,p__Firmicutes,Neither,76
Raffinose,True,d__Bacteria,p__Firmicutes,Host,14
Raffinose,True,d__Bacteria,p__Firmicutes,Neither,8
Raffinose,False,d__Bacteria,p__Firmicutes_A,Host,338
Raffinose,False,d__Bacteria,p__Firmicutes_A,Neither,134
Raffinose,True,d__Bacteria,p__Firmicutes_A,Host,100
Raffinose,True,d__Bacteria,p__Firmicutes_A,Neither,39
Raffinose,False,d__Bacteria,p__Firmicutes_B,Host,2
Raffinose,False,d__Bacteria,p__Firmicutes_B,Neither,2
Raffinose,False,d__Bacteria,p__Firmicutes_C,Host,16
Raffinose,False,d__Bacteria,p__Firmicutes_C,Neither,13
Raffinose,False,d__Bacteria,p__Fusobacteriota,Host,2
Raffinose,False,d__Bacteria,p__Fusobacteriota,Neither,15
Raffinose,False,d__Bacteria,p__Myxococcota,Host,2
Raffinose,False,d__Bacteria,p__Patescibacteria,Host,1
Raffinose,False,d__Bacteria,p__Patescibacteria,Neither,3
Raffinose,False,d__Bacteria,p__Planctomycetota,Neither,1
Raffinose,True,d__Bacteria,p__Planctomycetota,Host,1
Raffinose,False,d__Bacteria,p__Proteobacteria,Environment,8
Raffinose,False,d__Bacteria,p__Proteobacteria,Host,22
Raffinose,False,d__Bacteria,p__Proteobacteria,Neither,38
Raffinose,True,d__Bacteria,p__Proteobacteria,Host,2
Raffinose,True,d__Bacteria,p__Proteobacteria,Neither,2
Raffinose,False,d__Bacteria,p__Spirochaetota,Host,29
Raffinose,False,d__Bacteria,p__Spirochaetota,Neither,8
Raffinose,True,d__Bacteria,p__Spirochaetota,Host,2
Raffinose,False,d__Bacteria,p__Synergistota,Neither,4
Raffinose,False,d__Bacteria,p__Verrucomicrobiota,Host,10
Raffinose,False,d__Bacteria,p__Verrucomicrobiota,Neither,14
Raffinose,True,d__Bacteria,p__Verrucomicrobiota,Host,3
Raffinose,False,d__Bacteria,p__Verrucomicrobiota_A,Host,1
Raffinose,False,d__Bacteria,p__Verrucomicrobiota_A,Neither,1
Salicin,False,d__Archaea,p__Euryarchaeota,Host,5
Salicin,False,d__Archaea,p__Halobacterota,Host,1
Salicin,False,d__Archaea,p__Halobacterota,Neither,3
Salicin,False,d__Archaea,p__Thermoplasmatota,Host,1
Salicin,False,d__Archaea,p__Thermoplasmatota,Neither,3
Salicin,False,d__Bacteria,p__Actinobacteriota,Environment,7
Salicin,False,d__Bacteria,p__Actinobacteriota,Host,31
Salicin,False,d__Bacteria,p__Actinobacteriota,Neither,46
Salicin,True,d__Bacteria,p__Actinobacteriota,Host,8
Salicin,True,d__Bacteria,p__Actinobacteriota,Neither,4
Salicin,False,d__Bacteria,p__Armatimonadota,Neither,1
Salicin,False,d__Bacteria,p__Bacteroidota,Host,211
Salicin,False,d__Bacteria,p__Bacteroidota,Neither,127
Salicin,True,d__Bacteria,p__Bacteroidota,Host,6
Salicin,True,d__Bacteria,p__Bacteroidota,Neither,1
Salicin,False,d__Bacteria,p__Campylobacterota,Host,6
Salicin,False,d__Bacteria,p__Campylobacterota,Neither,14
Salicin,False,d__Bacteria,p__Chloroflexota,Neither,1
Salicin,False,d__Bacteria,p__Cyanobacteria,Host,13
Salicin,False,d__Bacteria,p__Cyanobacteria,Neither,2
Salicin,False,d__Bacteria,p__Deferribacterota,Neither,1
Salicin,False,d__Bacteria,p__Desulfobacterota_A,Host,5
Salicin,False,d__Bacteria,p__Desulfobacterota_A,Neither,3
Salicin,False,d__Bacteria,p__Elusimicrobiota,Host,4
Salicin,False,d__Bacteria,p__Elusimicrobiota,Neither,2
Salicin,False,d__Bacteria,p__Eremiobacterota,Neither,1
Salicin,False,d__Bacteria,p__Fibrobacterota,Host,4
Salicin,False,d__Bacteria,p__Firmicutes,Host,72
Salicin,False,d__Bacteria,p__Firmicutes,Neither,58
Salicin,True,d__Bacteria,p__Firmicutes,Host,32
Salicin,True,d__Bacteria,p__Firmicutes,Neither,26
Salicin,False,d__Bacteria,p__Firmicutes_A,Host,355
Salicin,False,d__Bacteria,p__Firmicutes_A,Neither,155
Salicin,True,d__Bacteria,p__Firmicutes_A,Host,83
Salicin,True,d__Bacteria,p__Firmicutes_A,Neither,18
Salicin,False,d__Bacteria,p__Firmicutes_B,Host,2
Salicin,False,d__Bacteria,p__Firmicutes_B,Neither,2
Salicin,False,d__Bacteria,p__Firmicutes_C,Host,15
Salicin,False,d__Bacteria,p__Firmicutes_C,Neither,13
Salicin,True,d__Bacteria,p__Firmicutes_C,Host,1
Salicin,False,d__Bacteria,p__Fusobacteriota,Host,2
Salicin,False,d__Bacteria,p__Fusobacteriota,Neither,15
Salicin,False,d__Bacteria,p__Myxococcota,Host,2
Salicin,False,d__Bacteria,p__Patescibacteria,Host,1
Salicin,False,d__Bacteria,p__Patescibacteria,Neither,3
Salicin,False,d__Bacteria,p__Planctomycetota,Host,1
Salicin,False,d__Bacteria,p__Planctomycetota,Neither,1
Salicin,False,d__Bacteria,p__Proteobacteria,Environment,7
Salicin,False,d__Bacteria,p__Proteobacteria,Host,24
Salicin,False,d__Bacteria,p__Proteobacteria,Neither,39
Salicin,True,d__Bacteria,p__Proteobacteria,Environment,1
Salicin,True,d__Bacteria,p__Proteobacteria,Neither,1
Salicin,False,d__Bacteria,p__Spirochaetota,Host,31
Salicin,False,d__Bacteria,p__Spirochaetota,Neither,8
Salicin,False,d__Bacteria,p__Synergistota,Neither,4
Salicin,False,d__Bacteria,p__Verrucomicrobiota,Host,13
Salicin,False,d__Bacteria,p__Verrucomicrobiota,Neither,14
Salicin,False,d__Bacteria,p__Verrucomicrobiota_A,Host,1
Salicin,False,d__Bacteria,p__Verrucomicrobiota_A,Neither,1
Spore formation,False,d__Archaea,p__Euryarchaeota,Host,5
Spore formation,False,d__Archaea,p__Halobacterota,Host,1
Spore formation,False,d__Archaea,p__Halobacterota,Neither,3
Spore formation,False,d__Archaea,p__Thermoplasmatota,Host,1
Spore formation,False,d__Archaea,p__Thermoplasmatota,Neither,3
Spore formation,False,d__Bacteria,p__Actinobacteriota,Environment,5
Spore formation,False,d__Bacteria,p__Actinobacteriota,Host,39
Spore formation,False,d__Bacteria,p__Actinobacteriota,Neither,49
Spore formation,True,d__Bacteria,p__Actinobacteriota,Environment,2
Spore formation,True,d__Bacteria,p__Actinobacteriota,Neither,1
Spore formation,False,d__Bacteria,p__Armatimonadota,Neither,1
Spore formation,False,d__Bacteria,p__Bacteroidota,Host,217
Spore formation,False,d__Bacteria,p__Bacteroidota,Neither,128
Spore formation,False,d__Bacteria,p__Campylobacterota,Host,6
Spore formation,False,d__Bacteria,p__Campylobacterota,Neither,14
Spore formation,False,d__Bacteria,p__Chloroflexota,Neither,1
Spore formation,False,d__Bacteria,p__Cyanobacteria,Host,13
Spore formation,False,d__Bacteria,p__Cyanobacteria,Neither,2
Spore formation,False,d__Bacteria,p__Deferribacterota,Neither,1
Spore formation,False,d__Bacteria,p__Desulfobacterota_A,Host,5
Spore formation,False,d__Bacteria,p__Desulfobacterota_A,Neither,3
Spore formation,False,d__Bacteria,p__Elusimicrobiota,Host,4
Spore formation,False,d__Bacteria,p__Elusimicrobiota,Neither,2
Spore formation,False,d__Bacteria,p__Eremiobacterota,Neither,1
Spore formation,False,d__Bacteria,p__Fibrobacterota,Host,4
Spore formation,False,d__Bacteria,p__Firmicutes,Host,77
Spore formation,False,d__Bacteria,p__Firmicutes,Neither,78
Spore formation,True,d__Bacteria,p__Firmicutes,Host,27
Spore formation,True,d__Bacteria,p__Firmicutes,Neither,6
Spore formation,False,d__Bacteria,p__Firmicutes_A,Host,278
Spore formation,False,d__Bacteria,p__Firmicutes_A,Neither,144
Spore formation,True,d__Bacteria,p__Firmicutes_A,Host,160
Spore formation,True,d__Bacteria,p__Firmicutes_A,Neither,29
Spore formation,False,d__Bacteria,p__Firmicutes_B,Host,1
Spore formation,False,d__Bacteria,p__Firmicutes_B,Neither,2
Spore formation,True,d__Bacteria,p__Firmicutes_B,Host,1
Spore formation,False,d__Bacteria,p__Firmicutes_C,Host,16
Spore formation,False,d__Bacteria,p__Firmicutes_C,Neither,13
Spore formation,False,d__Bacteria,p__Fusobacteriota,Host,2
Spore formation,False,d__Bacteria,p__Fusobacteriota,Neither,15
Spore formation,False,d__Bacteria,p__Myxococcota,Host,2
Spore formation,False,d__Bacteria,p__Patescibacteria,Host,1
Spore formation,False,d__Bacteria,p__Patescibacteria,Neither,3
Spore formation,False,d__Bacteria,p__Planctomycetota,Host,1
Spore formation,False,d__Bacteria,p__Planctomycetota,Neither,1
Spore formation,False,d__Bacteria,p__Proteobacteria,Environment,8
Spore formation,False,d__Bacteria,p__Proteobacteria,Host,24
Spore formation,False,d__Bacteria,p__Proteobacteria,Neither,40
Spore formation,False,d__Bacteria,p__Spirochaetota,Host,31
Spore formation,False,d__Bacteria,p__Spirochaetota,Neither,8
Spore formation,False,d__Bacteria,p__Synergistota,Neither,4
Spore formation,False,d__Bacteria,p__Verrucomicrobiota,Host,13
Spore formation,False,d__Bacteria,p__Verrucomicrobiota,Neither,14
Spore formation,False,d__Bacteria,p__Verrucomicrobiota_A,Host,1
Spore formation,False,d__Bacteria,p__Verrucomicrobiota_A,Neither,1
Starch hydrolysis,False,d__Archaea,p__Euryarchaeota,Host,5
Starch hydrolysis,False,d__Archaea,p__Halobacterota,Host,1
Starch hydrolysis,False,d__Archaea,p__Halobacterota,Neither,3
Starch hydrolysis,False,d__Archaea,p__Thermoplasmatota,Host,1
Starch hydrolysis,False,d__Archaea,p__Thermoplasmatota,Neither,3
Starch hydrolysis,False,d__Bacteria,p__Actinobacteriota,Environment,6
Starch hydrolysis,False,d__Bacteria,p__Actinobacteriota,Host,34
Starch hydrolysis,False,d__Bacteria,p__Actinobacteriota,Neither,50
Starch hydrolysis,True,d__Bacteria,p__Actinobacteriota,Environment,1
Starch hydrolysis,True,d__Bacteria,p__Actinobacteriota,Host,5
Starch hydrolysis,False,d__Bacteria,p__Armatimonadota,Neither,1
Starch hydrolysis,False,d__Bacteria,p__Bacteroidota,Host,159
Starch hydrolysis,False,d__Bacteria,p__Bacteroidota,Neither,109
Starch hydrolysis,True,d__Bacteria,p__Bacteroidota,Host,58
Starch hydrolysis,True,d__Bacteria,p__Bacteroidota,Neither,19
Starch hydrolysis,False,d__Bacteria,p__Campylobacterota,Host,6
Starch hydrolysis,False,d__Bacteria,p__Campylobacterota,Neither,14
Starch hydrolysis,False,d__Bacteria,p__Chloroflexota,Neither,1
Starch hydrolysis,False,d__Bacteria,p__Cyanobacteria,Host,13
Starch hydrolysis,False,d__Bacteria,p__Cyanobacteria,Neither,2
Starch hydrolysis,False,d__Bacteria,p__Deferribacterota,Neither,1
Starch hydrolysis,False,d__Bacteria,p__Desulfobacterota_A,Host,5
Starch hydrolysis,False,d__Bacteria,p__Desulfobacterota_A,Neither,3
Starch hydrolysis,False,d__Bacteria,p__Elusimicrobiota,Host,4
Starch hydrolysis,False,d__Bacteria,p__Elusimicrobiota,Neither,2
Starch hydrolysis,False,d__Bacteria,p__Eremiobacterota,Neither,1
Starch hydrolysis,False,d__Bacteria,p__Fibrobacterota,Host,4
Starch hydrolysis,False,d__Bacteria,p__Firmicutes,Host,94
Starch hydrolysis,False,d__Bacteria,p__Firmicutes,Neither,78
Starch hydrolysis,True,d__Bacteria,p__Firmicutes,Host,10
Starch hydrolysis,True,d__Bacteria,p__Firmicutes,Neither,6
Starch hydrolysis,False,d__Bacteria,p__Firmicutes_A,Host,419
Starch hydrolysis,False,d__Bacteria,p__Firmicutes_A,Neither,165
Starch hydrolysis,True,d__Bacteria,p__Firmicutes_A,Host,19
Starch hydrolysis,True,d__Bacteria,p__Firmicutes_A,Neither,8
Starch hydrolysis,False,d__Bacteria,p__Firmicutes_B,Host,2
Starch hydrolysis,False,d__Bacteria,p__Firmicutes_B,Neither,2
Starch hydrolysis,False,d__Bacteria,p__Firmicutes_C,Host,16
Starch hydrolysis,False,d__Bacteria,p__Firmicutes_C,Neither,13
Starch hydrolysis,False,d__Bacteria,p__Fusobacteriota,Host,2
Starch hydrolysis,False,d__Bacteria,p__Fusobacteriota,Neither,15
Starch hydrolysis,False,d__Bacteria,p__Myxococcota,Host,2
Starch hydrolysis,False,d__Bacteria,p__Patescibacteria,Host,1
Starch hydrolysis,False,d__Bacteria,p__Patescibacteria,Neither,3
Starch hydrolysis,False,d__Bacteria,p__Planctomycetota,Host,1
Starch hydrolysis,True,d__Bacteria,p__Planctomycetota,Neither,1
Starch hydrolysis,False,d__Bacteria,p__Proteobacteria,Environment,7
Starch hydrolysis,False,d__Bacteria,p__Proteobacteria,Host,24
Starch hydrolysis,False,d__Bacteria,p__Proteobacteria,Neither,34
Starch hydrolysis,True,d__Bacteria,p__Proteobacteria,Environment,1
Starch hydrolysis,True,d__Bacteria,p__Proteobacteria,Neither,6
Starch hydrolysis,False,d__Bacteria,p__Spirochaetota,Host,20
Starch hydrolysis,False,d__Bacteria,p__Spirochaetota,Neither,7
Starch hydrolysis,True,d__Bacteria,p__Spirochaetota,Host,11
Starch hydrolysis,True,d__Bacteria,p__Spirochaetota,Neither,1
Starch hydrolysis,False,d__Bacteria,p__Synergistota,Neither,4
Starch hydrolysis,False,d__Bacteria,p__Verrucomicrobiota,Host,13
Starch hydrolysis,False,d__Bacteria,p__Verrucomicrobiota,Neither,14
Starch hydrolysis,False,d__Bacteria,p__Verrucomicrobiota_A,Host,1
Starch hydrolysis,False,d__Bacteria,p__Verrucomicrobiota_A,Neither,1
Sucrose,False,d__Archaea,p__Euryarchaeota,Host,4
Sucrose,True,d__Archaea,p__Euryarchaeota,Host,1
Sucrose,False,d__Archaea,p__Halobacterota,Host,1
Sucrose,False,d__Archaea,p__Halobacterota,Neither,3
Sucrose,False,d__Archaea,p__Thermoplasmatota,Host,1
Sucrose,False,d__Archaea,p__Thermoplasmatota,Neither,3
Sucrose,False,d__Bacteria,p__Actinobacteriota,Environment,2
Sucrose,False,d__Bacteria,p__Actinobacteriota,Host,18
Sucrose,False,d__Bacteria,p__Actinobacteriota,Neither,38
Sucrose,True,d__Bacteria,p__Actinobacteriota,Environment,5
Sucrose,True,d__Bacteria,p__Actinobacteriota,Host,21
Sucrose,True,d__Bacteria,p__Actinobacteriota,Neither,12
Sucrose,False,d__Bacteria,p__Armatimonadota,Neither,1
Sucrose,False,d__Bacteria,p__Bacteroidota,Host,97
Sucrose,False,d__Bacteria,p__Bacteroidota,Neither,110
Sucrose,True,d__Bacteria,p__Bacteroidota,Host,120
Sucrose,True,d__Bacteria,p__Bacteroidota,Neither,18
Sucrose,False,d__Bacteria,p__Campylobacterota,Host,6
Sucrose,False,d__Bacteria,p__Campylobacterota,Neither,14
Sucrose,False,d__Bacteria,p__Chloroflexota,Neither,1
Sucrose,False,d__Bacteria,p__Cyanobacteria,Host,13
Sucrose,False,d__Bacteria,p__Cyanobacteria,Neither,2
Sucrose,False,d__Bacteria,p__Deferribacterota,Neither,1
Sucrose,False,d__Bacteria,p__Desulfobacterota_A,Host,5
Sucrose,False,d__Bacteria,p__Desulfobacterota_A,Neither,3
Sucrose,False,d__Bacteria,p__Elusimicrobiota,Host,4
Sucrose,False,d__Bacteria,p__Elusimicrobiota,Neither,2
Sucrose,False,d__Bacteria,p__Eremiobacterota,Neither,1
Sucrose,False,d__Bacteria,p__Fibrobacterota,Host,4
Sucrose,False,d__Bacteria,p__Firmicutes,Host,61
Sucrose,False,d__Bacteria,p__Firmicutes,Neither,54
Sucrose,True,d__Bacteria,p__Firmicutes,Host,43
Sucrose,True,d__Bacteria,p__Firmicutes,Neither,30
Sucrose,False,d__Bacteria,p__Firmicutes_A,Host,333
Sucrose,False,d__Bacteria,p__Firmicutes_A,Neither,138
Sucrose,True,d__Bacteria,p__Firmicutes_A,Host,105
Sucrose,True,d__Bacteria,p__Firmicutes_A,Neither,35
Sucrose,False,d__Bacteria,p__Firmicutes_B,Host,2
Sucrose,False,d__Bacteria,p__Firmicutes_B,Neither,2
Sucrose,False,d__Bacteria,p__Firmicutes_C,Host,10
Sucrose,False,d__Bacteria,p__Firmicutes_C,Neither,10
Sucrose,True,d__Bacteria,p__Firmicutes_C,Host,6
Sucrose,True,d__Bacteria,p__Firmicutes_C,Neither,3
Sucrose,False,d__Bacteria,p__Fusobacteriota,Host,2
Sucrose,False,d__Bacteria,p__Fusobacteriota,Neither,13
Sucrose,True,d__Bacteria,p__Fusobacteriota,Neither,2
Sucrose,False,d__Bacteria,p__Myxococcota,Host,2
Sucrose,False,d__Bacteria,p__Patescibacteria,Host,1
Sucrose,False,d__Bacteria,p__Patescibacteria,Neither,3
Sucrose,True,d__Bacteria,p__Planctomycetota,Host,1
Sucrose,True,d__Bacteria,p__Planctomycetota,Neither,1
Sucrose,False,d__Bacteria,p__Proteobacteria,Environment,7
Sucrose,False,d__Bacteria,p__Proteobacteria,Host,21
Sucrose,False,d__Bacteria,p__Proteobacteria,Neither,36
Sucrose,True,d__Bacteria,p__Proteobacteria,Environment,1
Sucrose,True,d__Bacteria,p__Proteobacteria,Host,3
Sucrose,True,d__Bacteria,p__Proteobacteria,Neither,4
Sucrose,False,d__Bacteria,p__Spirochaetota,Host,27
Sucrose,False,d__Bacteria,p__Spirochaetota,Neither,7
Sucrose,True,d__Bacteria,p__Spirochaetota,Host,4
Sucrose,True,d__Bacteria,p__Spirochaetota,Neither,1
Sucrose,False,d__Bacteria,p__Synergistota,Neither,4
Sucrose,False,d__Bacteria,p__Verrucomicrobiota,Host,10
Sucrose,False,d__Bacteria,p__Verrucomicrobiota,Neither,14
Sucrose,True,d__Bacteria,p__Verrucomicrobiota,Host,3
Sucrose,False,d__Bacteria,p__Verrucomicrobiota_A,Host,1
Sucrose,False,d__Bacteria,p__Verrucomicrobiota_A,Neither,1
Tartrate utilization,False,d__Archaea,p__Euryarchaeota,Host,5
Tartrate utilization,False,d__Archaea,p__Halobacterota,Host,1
Tartrate utilization,False,d__Archaea,p__Halobacterota,Neither,3
Tartrate utilization,False,d__Archaea,p__Thermoplasmatota,Host,1
Tartrate utilization,False,d__Archaea,p__Thermoplasmatota,Neither,3
Tartrate utilization,False,d__Bacteria,p__Actinobacteriota,Environment,3
Tartrate utilization,False,d__Bacteria,p__Actinobacteriota,Host,38
Tartrate utilization,False,d__Bacteria,p__Actinobacteriota,Neither,47
Tartrate utilization,True,d__Bacteria,p__Actinobacteriota,Environment,4
Tartrate utilization,True,d__Bacteria,p__Actinobacteriota,Host,1
Tartrate utilization,True,d__Bacteria,p__Actinobacteriota,Neither,3
Tartrate utilization,False,d__Bacteria,p__Armatimonadota,Neither,1
Tartrate utilization,False,d__Bacteria,p__Bacteroidota,Host,203
Tartrate utilization,False,d__Bacteria,p__Bacteroidota,Neither,115
Tartrate utilization,True,d__Bacteria,p__Bacteroidota,Host,14
Tartrate utilization,True,d__Bacteria,p__Bacteroidota,Neither,13
Tartrate utilization,False,d__Bacteria,p__Campylobacterota,Host,6
Tartrate utilization,False,d__Bacteria,p__Campylobacterota,Neither,14
Tartrate utilization,False,d__Bacteria,p__Chloroflexota,Neither,1
Tartrate utilization,False,d__Bacteria,p__Cyanobacteria,Host,13
Tartrate utilization,False,d__Bacteria,p__Cyanobacteria,Neither,2
Tartrate utilization,False,d__Bacteria,p__Deferribacterota,Neither,1
Tartrate utilization,False,d__Bacteria,p__Desulfobacterota_A,Host,5
Tartrate utilization,False,d__Bacteria,p__Desulfobacterota_A,Neither,3
Tartrate utilization,False,d__Bacteria,p__Elusimicrobiota,Host,4
Tartrate utilization,False,d__Bacteria,p__Elusimicrobiota,Neither,2
Tartrate utilization,False,d__Bacteria,p__Eremiobacterota,Neither,1
Tartrate utilization,False,d__Bacteria,p__Fibrobacterota,Host,4
Tartrate utilization,False,d__Bacteria,p__Firmicutes,Host,100
Tartrate utilization,False,d__Bacteria,p__Firmicutes,Neither,77
Tartrate utilization,True,d__Bacteria,p__Firmicutes,Host,4
Tartrate utilization,True,d__Bacteria,p__Firmicutes,Neither,7
Tartrate utilization,False,d__Bacteria,p__Firmicutes_A,Host,396
Tartrate utilization,False,d__Bacteria,p__Firmicutes_A,Neither,161
Tartrate utilization,True,d__Bacteria,p__Firmicutes_A,Host,42
Tartrate utilization,True,d__Bacteria,p__Firmicutes_A,Neither,12
Tartrate utilization,False,d__Bacteria,p__Firmicutes_B,Host,2
Tartrate utilization,False,d__Bacteria,p__Firmicutes_B,Neither,2
Tartrate utilization,False,d__Bacteria,p__Firmicutes_C,Host,16
Tartrate utilization,False,d__Bacteria,p__Firmicutes_C,Neither,13
Tartrate utilization,False,d__Bacteria,p__Fusobacteriota,Host,2
Tartrate utilization,False,d__Bacteria,p__Fusobacteriota,Neither,12
Tartrate utilization,True,d__Bacteria,p__Fusobacteriota,Neither,3
Tartrate utilization,False,d__Bacteria,p__Myxococcota,Host,2
Tartrate utilization,False,d__Bacteria,p__Patescibacteria,Host,1
Tartrate utilization,False,d__Bacteria,p__Patescibacteria,Neither,3
Tartrate utilization,False,d__Bacteria,p__Planctomycetota,Host,1
Tartrate utilization,True,d__Bacteria,p__Planctomycetota,Neither,1
Tartrate utilization,False,d__Bacteria,p__Proteobacteria,Environment,4
Tartrate utilization,False,d__Bacteria,p__Proteobacteria,Host,20
Tartrate utilization,False,d__Bacteria,p__Proteobacteria,Neither,34
Tartrate utilization,True,d__Bacteria,p__Proteobacteria,Environment,4
Tartrate utilization,True,d__Bacteria,p__Proteobacteria,Host,4
Tartrate utilization,True,d__Bacteria,p__Proteobacteria,Neither,6
Tartrate utilization,False,d__Bacteria,p__Spirochaetota,Host,31
Tartrate utilization,False,d__Bacteria,p__Spirochaetota,Neither,8
Tartrate utilization,False,d__Bacteria,p__Synergistota,Neither,4
Tartrate utilization,False,d__Bacteria,p__Verrucomicrobiota,Host,9
Tartrate utilization,False,d__Bacteria,p__Verrucomicrobiota,Neither,14
Tartrate utilization,True,d__Bacteria,p__Verrucomicrobiota,Host,4
Tartrate utilization,False,d__Bacteria,p__Verrucomicrobiota_A,Host,1
Tartrate utilization,False,d__Bacteria,p__Verrucomicrobiota_A,Neither,1
Trehalose,False,d__Archaea,p__Euryarchaeota,Host,5
Trehalose,False,d__Archaea,p__Halobacterota,Host,1
Trehalose,False,d__Archaea,p__Halobacterota,Neither,3
Trehalose,False,d__Archaea,p__Thermoplasmatota,Host,1
Trehalose,False,d__Archaea,p__Thermoplasmatota,Neither,3
Trehalose,False,d__Bacteria,p__Actinobacteriota,Environment,2
Trehalose,False,d__Bacteria,p__Actinobacteriota,Host,28
Trehalose,False,d__Bacteria,p__Actinobacteriota,Neither,36
Trehalose,True,d__Bacteria,p__Actinobacteriota,Environment,5
Trehalose,True,d__Bacteria,p__Actinobacteriota,Host,11
Trehalose,True,d__Bacteria,p__Actinobacteriota,Neither,14
Trehalose,False,d__Bacteria,p__Armatimonadota,Neither,1
Trehalose,False,d__Bacteria,p__Bacteroidota,Host,186
Trehalose,False,d__Bacteria,p__Bacteroidota,Neither,122
Trehalose,True,d__Bacteria,p__Bacteroidota,Host,31
Trehalose,True,d__Bacteria,p__Bacteroidota,Neither,6
Trehalose,False,d__Bacteria,p__Campylobacterota,Host,6
Trehalose,False,d__Bacteria,p__Campylobacterota,Neither,14
Trehalose,False,d__Bacteria,p__Chloroflexota,Neither,1
Trehalose,False,d__Bacteria,p__Cyanobacteria,Host,13
Trehalose,False,d__Bacteria,p__Cyanobacteria,Neither,2
Trehalose,False,d__Bacteria,p__Deferribacterota,Neither,1
Trehalose,False,d__Bacteria,p__Desulfobacterota_A,Host,5
Trehalose,False,d__Bacteria,p__Desulfobacterota_A,Neither,3
Trehalose,False,d__Bacteria,p__Elusimicrobiota,Host,4
Trehalose,False,d__Bacteria,p__Elusimicrobiota,Neither,2
Trehalose,False,d__Bacteria,p__Eremiobacterota,Neither,1
Trehalose,False,d__Bacteria,p__Fibrobacterota,Host,4
Trehalose,False,d__Bacteria,p__Firmicutes,Host,81
Trehalose,False,d__Bacteria,p__Firmicutes,Neither,63
Trehalose,True,d__Bacteria,p__Firmicutes,Host,23
Trehalose,True,d__Bacteria,p__Firmicutes,Neither,21
Trehalose,False,d__Bacteria,p__Firmicutes_A,Host,366
Trehalose,False,d__Bacteria,p__Firmicutes_A,Neither,164
Trehalose,True,d__Bacteria,p__Firmicutes_A,Host,72
Trehalose,True,d__Bacteria,p__Firmicutes_A,Neither,9
Trehalose,False,d__Bacteria,p__Firmicutes_B,Host,2
Trehalose,False,d__Bacteria,p__Firmicutes_B,Neither,2
Trehalose,False,d__Bacteria,p__Firmicutes_C,Host,14
Trehalose,False,d__Bacteria,p__Firmicutes_C,Neither,13
Trehalose,True,d__Bacteria,p__Firmicutes_C,Host,2
Trehalose,False,d__Bacteria,p__Fusobacteriota,Host,2
Trehalose,False,d__Bacteria,p__Fusobacteriota,Neither,14
Trehalose,True,d__Bacteria,p__Fusobacteriota,Neither,1
Trehalose,False,d__Bacteria,p__Myxococcota,Host,2
Trehalose,False,d__Bacteria,p__Patescibacteria,Host,1
Trehalose,False,d__Bacteria,p__Patescibacteria,Neither,3
Trehalose,False,d__Bacteria,p__Planctomycetota,Host,1
Trehalose,False,d__Bacteria,p__Planctomycetota,Neither,1
Trehalose,False,d__Bacteria,p__Proteobacteria,Environment,5
Trehalose,False,d__Bacteria,p__Proteobacteria,Host,18
Trehalose,False,d__Bacteria,p__Proteobacteria,Neither,32
Trehalose,True,d__Bacteria,p__Proteobacteria,Environment,3
Trehalose,True,d__Bacteria,p__Proteobacteria,Host,6
Trehalose,True,d__Bacteria,p__Proteobacteria,Neither,8
Trehalose,False,d__Bacteria,p__Spirochaetota,Host,30
Trehalose,False,d__Bacteria,p__Spirochaetota,Neither,8
Trehalose,True,d__Bacteria,p__Spirochaetota,Host,1
Trehalose,False,d__Bacteria,p__Synergistota,Neither,4
Trehalose,False,d__Bacteria,p__Verrucomicrobiota,Host,13
Trehalose,False,d__Bacteria,p__Verrucomicrobiota,Neither,14
Trehalose,False,d__Bacteria,p__Verrucomicrobiota_A,Host,1
Trehalose,False,d__Bacteria,p__Verrucomicrobiota_A,Neither,1
Urea hydrolysis,False,d__Archaea,p__Euryarchaeota,Host,5
Urea hydrolysis,False,d__Archaea,p__Halobacterota,Host,1
Urea hydrolysis,False,d__Archaea,p__Halobacterota,Neither,3
Urea hydrolysis,False,d__Archaea,p__Thermoplasmatota,Host,1
Urea hydrolysis,False,d__Archaea,p__Thermoplasmatota,Neither,3
Urea hydrolysis,False,d__Bacteria,p__Actinobacteriota,Environment,3
Urea hydrolysis,False,d__Bacteria,p__Actinobacteriota,Host,38
Urea hydrolysis,False,d__Bacteria,p__Actinobacteriota,Neither,47
Urea hydrolysis,True,d__Bacteria,p__Actinobacteriota,Environment,4
Urea hydrolysis,True,d__Bacteria,p__Actinobacteriota,Host,1
Urea hydrolysis,True,d__Bacteria,p__Actinobacteriota,Neither,3
Urea hydrolysis,False,d__Bacteria,p__Armatimonadota,Neither,1
Urea hydrolysis,False,d__Bacteria,p__Bacteroidota,Host,209
Urea hydrolysis,False,d__Bacteria,p__Bacteroidota,Neither,127
Urea hydrolysis,True,d__Bacteria,p__Bacteroidota,Host,8
Urea hydrolysis,True,d__Bacteria,p__Bacteroidota,Neither,1
Urea hydrolysis,False,d__Bacteria,p__Campylobacterota,Host,6
Urea hydrolysis,False,d__Bacteria,p__Campylobacterota,Neither,12
Urea hydrolysis,True,d__Bacteria,p__Campylobacterota,Neither,2
Urea hydrolysis,False,d__Bacteria,p__Chloroflexota,Neither,1
Urea hydrolysis,False,d__Bacteria,p__Cyanobacteria,Host,13
Urea hydrolysis,False,d__Bacteria,p__Cyanobacteria,Neither,2
Urea hydrolysis,False,d__Bacteria,p__Deferribacterota,Neither,1
Urea hydrolysis,False,d__Bacteria,p__Desulfobacterota_A,Host,4
Urea hydrolysis,False,d__Bacteria,p__Desulfobacterota_A,Neither,3
Urea hydrolysis,True,d__Bacteria,p__Desulfobacterota_A,Host,1
Urea hydrolysis,False,d__Bacteria,p__Elusimicrobiota,Host,4
Urea hydrolysis,False,d__Bacteria,p__Elusimicrobiota,Neither,2
Urea hydrolysis,False,d__Bacteria,p__Eremiobacterota,Neither,1
Urea hydrolysis,False,d__Bacteria,p__Fibrobacterota,Host,3
Urea hydrolysis,True,d__Bacteria,p__Fibrobacterota,Host,1
Urea hydrolysis,False,d__Bacteria,p__Firmicutes,Host,99
Urea hydrolysis,False,d__Bacteria,p__Firmicutes,Neither,81
Urea hydrolysis,True,d__Bacteria,p__Firmicutes,Host,5
Urea hydrolysis,True,d__Bacteria,p__Firmicutes,Neither,3
Urea hydrolysis,False,d__Bacteria,p__Firmicutes_A,Host,414
Urea hydrolysis,False,d__Bacteria,p__Firmicutes_A,Neither,168
Urea hydrolysis,True,d__Bacteria,p__Firmicutes_A,Host,24
Urea hydrolysis,True,d__Bacteria,p__Firmicutes_A,Neither,5
Urea hydrolysis,False,d__Bacteria,p__Firmicutes_B,Host,2
Urea hydrolysis,False,d__Bacteria,p__Firmicutes_B,Neither,2
Urea hydrolysis,False,d__Bacteria,p__Firmicutes_C,Host,15
Urea hydrolysis,False,d__Bacteria,p__Firmicutes_C,Neither,10
Urea hydrolysis,True,d__Bacteria,p__Firmicutes_C,Host,1
Urea hydrolysis,True,d__Bacteria,p__Firmicutes_C,Neither,3
Urea hydrolysis,False,d__Bacteria,p__Fusobacteriota,Host,2
Urea hydrolysis,False,d__Bacteria,p__Fusobacteriota,Neither,10
Urea hydrolysis,True,d__Bacteria,p__Fusobacteriota,Neither,5
Urea hydrolysis,False,d__Bacteria,p__Myxococcota,Host,2
Urea hydrolysis,False,d__Bacteria,p__Patescibacteria,Host,1
Urea hydrolysis,False,d__Bacteria,p__Patescibacteria,Neither,3
Urea hydrolysis,False,d__Bacteria,p__Planctomycetota,Host,1
Urea hydrolysis,False,d__Bacteria,p__Planctomycetota,Neither,1
Urea hydrolysis,False,d__Bacteria,p__Proteobacteria,Environment,3
Urea hydrolysis,False,d__Bacteria,p__Proteobacteria,Host,19
Urea hydrolysis,False,d__Bacteria,p__Proteobacteria,Neither,34
Urea hydrolysis,True,d__Bacteria,p__Proteobacteria,Environment,5
Urea hydrolysis,True,d__Bacteria,p__Proteobacteria,Host,5
Urea hydrolysis,True,d__Bacteria,p__Proteobacteria,Neither,6
Urea hydrolysis,False,d__Bacteria,p__Spirochaetota,Host,31
Urea hydrolysis,False,d__Bacteria,p__Spirochaetota,Neither,8
Urea hydrolysis,False,d__Bacteria,p__Synergistota,Neither,4
Urea hydrolysis,False,d__Bacteria,p__Verrucomicrobiota,Host,13
Urea hydrolysis,False,d__Bacteria,p__Verrucomicrobiota,Neither,14
Urea hydrolysis,False,d__Bacteria,p__Verrucomicrobiota_A,Host,1
Urea hydrolysis,False,d__Bacteria,p__Verrucomicrobiota_A,Neither,1
Voges Proskauer,False,d__Archaea,p__Euryarchaeota,Host,3
Voges Proskauer,True,d__Archaea,p__Euryarchaeota,Host,2
Voges Proskauer,False,d__Archaea,p__Halobacterota,Host,1
Voges Proskauer,False,d__Archaea,p__Halobacterota,Neither,3
Voges Proskauer,False,d__Archaea,p__Thermoplasmatota,Host,1
Voges Proskauer,False,d__Archaea,p__Thermoplasmatota,Neither,3
Voges Proskauer,False,d__Bacteria,p__Actinobacteriota,Environment,7
Voges Proskauer,False,d__Bacteria,p__Actinobacteriota,Host,37
Voges Proskauer,False,d__Bacteria,p__Actinobacteriota,Neither,41
Voges Proskauer,True,d__Bacteria,p__Actinobacteriota,Host,2
Voges Proskauer,True,d__Bacteria,p__Actinobacteriota,Neither,9
Voges Proskauer,False,d__Bacteria,p__Armatimonadota,Neither,1
Voges Proskauer,False,d__Bacteria,p__Bacteroidota,Host,216
Voges Proskauer,False,d__Bacteria,p__Bacteroidota,Neither,123
Voges Proskauer,True,d__Bacteria,p__Bacteroidota,Host,1
Voges Proskauer,True,d__Bacteria,p__Bacteroidota,Neither,5
Voges Proskauer,False,d__Bacteria,p__Campylobacterota,Host,6
Voges Proskauer,False,d__Bacteria,p__Campylobacterota,Neither,14
Voges Proskauer,False,d__Bacteria,p__Chloroflexota,Neither,1
Voges Proskauer,False,d__Bacteria,p__Cyanobacteria,Host,13
Voges Proskauer,False,d__Bacteria,p__Cyanobacteria,Neither,2
Voges Proskauer,False,d__Bacteria,p__Deferribacterota,Neither,1
Voges Proskauer,False,d__Bacteria,p__Desulfobacterota_A,Host,5
Voges Proskauer,False,d__Bacteria,p__Desulfobacterota_A,Neither,3
Voges Proskauer,False,d__Bacteria,p__Elusimicrobiota,Host,4
Voges Proskauer,False,d__Bacteria,p__Elusimicrobiota,Neither,2
Voges Proskauer,False,d__Bacteria,p__Eremiobacterota,Neither,1
Voges Proskauer,False,d__Bacteria,p__Fibrobacterota,Host,2
Voges Proskauer,True,d__Bacteria,p__Fibrobacterota,Host,2
Voges Proskauer,False,d__Bacteria,p__Firmicutes,Host,80
Voges Proskauer,False,d__Bacteria,p__Firmicutes,Neither,67
Voges Proskauer,True,d__Bacteria,p__Firmicutes,Host,24
Voges Proskauer,True,d__Bacteria,p__Firmicutes,Neither,17
Voges Proskauer,False,d__Bacteria,p__Firmicutes_A,Host,429
Voges Proskauer,False,d__Bacteria,p__Firmicutes_A,Neither,166
Voges Proskauer,True,d__Bacteria,p__Firmicutes_A,Host,9
Voges Proskauer,True,d__Bacteria,p__Firmicutes_A,Neither,7
Voges Proskauer,False,d__Bacteria,p__Firmicutes_B,Host,2
Voges Proskauer,False,d__Bacteria,p__Firmicutes_B,Neither,2
Voges Proskauer,False,d__Bacteria,p__Firmicutes_C,Host,15
Voges Proskauer,False,d__Bacteria,p__Firmicutes_C,Neither,11
Voges Proskauer,True,d__Bacteria,p__Firmicutes_C,Host,1
Voges Proskauer,True,d__Bacteria,p__Firmicutes_C,Neither,2
Voges Proskauer,False,d__Bacteria,p__Fusobacteriota,Host,2
Voges Proskauer,False,d__Bacteria,p__Fusobacteriota,Neither,15
Voges Proskauer,False,d__Bacteria,p__Myxococcota,Host,2
Voges Proskauer,False,d__Bacteria,p__Patescibacteria,Host,1
Voges Proskauer,False,d__Bacteria,p__Patescibacteria,Neither,3
Voges Proskauer,False,d__Bacteria,p__Planctomycetota,Host,1
Voges Proskauer,False,d__Bacteria,p__Planctomycetota,Neither,1
Voges Proskauer,False,d__Bacteria,p__Proteobacteria,Environment,7
Voges Proskauer,False,d__Bacteria,p__Proteobacteria,Host,23
Voges Proskauer,False,d__Bacteria,p__Proteobacteria,Neither,32
Voges Proskauer,True,d__Bacteria,p__Proteobacteria,Environment,1
Voges Proskauer,True,d__Bacteria,p__Proteobacteria,Host,1
Voges Proskauer,True,d__Bacteria,p__Proteobacteria,Neither,8
Voges Proskauer,False,d__Bacteria,p__Spirochaetota,Host,31
Voges Proskauer,False,d__Bacteria,p__Spirochaetota,Neither,8
Voges Proskauer,False,d__Bacteria,p__Synergistota,Neither,4
Voges Proskauer,False,d__Bacteria,p__Verrucomicrobiota,Host,13
Voges Proskauer,False,d__Bacteria,p__Verrucomicrobiota,Neither,14
Voges Proskauer,False,d__Bacteria,p__Verrucomicrobiota_A,Host,1
Voges Proskauer,False,d__Bacteria,p__Verrucomicrobiota_A,Neither,1
Yellow pigment,False,d__Archaea,p__Euryarchaeota,Host,5
Yellow pigment,False,d__Archaea,p__Halobacterota,Host,1
Yellow pigment,False,d__Archaea,p__Halobacterota,Neither,3
Yellow pigment,False,d__Archaea,p__Thermoplasmatota,Host,1
Yellow pigment,False,d__Archaea,p__Thermoplasmatota,Neither,3
Yellow pigment,False,d__Bacteria,p__Actinobacteriota,Environment,6
Yellow pigment,False,d__Bacteria,p__Actinobacteriota,Host,38
Yellow pigment,False,d__Bacteria,p__Actinobacteriota,Neither,47
Yellow pigment,True,d__Bacteria,p__Actinobacteriota,Environment,1
Yellow pigment,True,d__Bacteria,p__Actinobacteriota,Host,1
Yellow pigment,True,d__Bacteria,p__Actinobacteriota,Neither,3
Yellow pigment,False,d__Bacteria,p__Armatimonadota,Neither,1
Yellow pigment,False,d__Bacteria,p__Bacteroidota,Host,217
Yellow pigment,False,d__Bacteria,p__Bacteroidota,Neither,128
Yellow pigment,False,d__Bacteria,p__Campylobacterota,Host,6
Yellow pigment,False,d__Bacteria,p__Campylobacterota,Neither,14
Yellow pigment,False,d__Bacteria,p__Chloroflexota,Neither,1
Yellow pigment,False,d__Bacteria,p__Cyanobacteria,Host,13
Yellow pigment,False,d__Bacteria,p__Cyanobacteria,Neither,2
Yellow pigment,False,d__Bacteria,p__Deferribacterota,Neither,1
Yellow pigment,False,d__Bacteria,p__Desulfobacterota_A,Host,5
Yellow pigment,False,d__Bacteria,p__Desulfobacterota_A,Neither,3
Yellow pigment,False,d__Bacteria,p__Elusimicrobiota,Host,4
Yellow pigment,False,d__Bacteria,p__Elusimicrobiota,Neither,2
Yellow pigment,False,d__Bacteria,p__Eremiobacterota,Neither,1
Yellow pigment,False,d__Bacteria,p__Fibrobacterota,Host,4
Yellow pigment,False,d__Bacteria,p__Firmicutes,Host,103
Yellow pigment,False,d__Bacteria,p__Firmicutes,Neither,84
Yellow pigment,True,d__Bacteria,p__Firmicutes,Host,1
Yellow pigment,False,d__Bacteria,p__Firmicutes_A,Host,438
Yellow pigment,False,d__Bacteria,p__Firmicutes_A,Neither,173
Yellow pigment,False,d__Bacteria,p__Firmicutes_B,Host,2
Yellow pigment,False,d__Bacteria,p__Firmicutes_B,Neither,2
Yellow pigment,False,d__Bacteria,p__Firmicutes_C,Host,16
Yellow pigment,False,d__Bacteria,p__Firmicutes_C,Neither,13
Yellow pigment,False,d__Bacteria,p__Fusobacteriota,Host,2
Yellow pigment,False,d__Bacteria,p__Fusobacteriota,Neither,15
Yellow pigment,False,d__Bacteria,p__Myxococcota,Host,2
Yellow pigment,False,d__Bacteria,p__Patescibacteria,Host,1
Yellow pigment,False,d__Bacteria,p__Patescibacteria,Neither,3
Yellow pigment,False,d__Bacteria,p__Planctomycetota,Host,1
Yellow pigment,False,d__Bacteria,p__Planctomycetota,Neither,1
Yellow pigment,False,d__Bacteria,p__Proteobacteria,Environment,7
Yellow pigment,False,d__Bacteria,p__Proteobacteria,Host,24
Yellow pigment,False,d__Bacteria,p__Proteobacteria,Neither,40
Yellow pigment,True,d__Bacteria,p__Proteobacteria,Environment,1
Yellow pigment,False,d__Bacteria,p__Spirochaetota,Host,31
Yellow pigment,False,d__Bacteria,p__Spirochaetota,Neither,8
Yellow pigment,False,d__Bacteria,p__Synergistota,Neither,4
Yellow pigment,False,d__Bacteria,p__Verrucomicrobiota,Host,13
Yellow pigment,False,d__Bacteria,p__Verrucomicrobiota,Neither,14
Yellow pigment,False,d__Bacteria,p__Verrucomicrobiota_A,Host,1
Yellow pigment,False,d__Bacteria,p__Verrucomicrobiota_A,Neither,1
